id,καὶ,αὐτ,τοῦ,ὐτο,μὲν,τῶν,τὸν,ται,γὰρ,εἰς,περ,τῆς,τὴν,σαν,σεν,ους,μέν,κατ,οὺς,των,ειν,πολ,ὅτι,εῖν,ἐπὶ,ντε,μεν,τες,ναι,σθα,ντα,θαι,σιν,τοὺ,νδρ,στι,οῖς,τος,ἶνα,ιστ,ἐστ,εἶν,"ος,",ὐτῶ,ετα,ἄλλ,ενο,ντο,δικ,"αι,",οντ,ησο,ερὶ,τοι,οις,ἰησ,σοῦ,νος,τοῖ,στρ,ατὰ,τιν,ἀπο,προ,τερ,ρισ,τον,ρες,ἄνδ,ρατ,λέγ,ὐτὸ,δρε,λλο,πόλ,οὐδ,οὖν,σει,τρα,ίας,νων,μῖν,νου,χρι,θεο,παρ,ίου,ούτ,εις,ησε,ίαν,σου,πρὸ,οὐκ,αστ,ντω,τικ,ἐκε,μῶν,πάν,ήσε,βασ,ησα,ρὸς,ἐπι,εὐθ,θύν,στο,ὐθύ,ίων,συν,στε,τού,ασι,άντ,ἀλλ,αντ,σιλ,ἔστ,νον,ἐγὼ,ριο,λόγ,ματ,ὑμῖ,οῦτ,μου,ἵνα,ένω,ὐτῷ,ατα,ρον,νοι,εοῦ,δεῖ,κασ,δια,ετο,τας,πατ,κεῖ,μᾶς,στα,ύνο,νικ,τὰς,ῦτο,ἀρχ,ποι,ατο,όντ,χει,θεν,"το,",βρα,νθρ,ικα,ἀνα,"οῦ,",ύρι,καθ,μαι,τέρ,οῦν,ηνα,ροσ,ουσ,ἀθη,θην,φύσ,ψυχ,λογ,ομέ,ωπο,όλε,ὐδὲ,αῦτ,μοι,ένο,ὑμῶ,υρί,τις,ιλε,λλὰ,εσθ,υσι,ταῦ,λεμ,έρα,κύρ,ικί,"ιν,","ες,",λον,όγο,δημ,ιος,νόμ,ολο,ῦτα
herodotus_histories,0.012436490900777992,0.00439032182840103,0.0057454274366653384,0.001399174083329814,0.003613614955371488,0.005510395569649306,0.004135091910313309,0.0039000600432972767,0.0022915607034063095,1.836186461062748e-06,0.002974622066921652,0.0028240547771145063,0.004320546742880646,0.003723786143035253,6.0594153215070686e-05,0.0034355048686484017,0.004526199626519674,0.0038596639411538963,0.0031306979161119853,0.002482524095356835,0.00295993257523315,0.002207096126197423,0.0004131419537391183,0.0010649881474163938,0.0016819467983334772,0.004012067417422104,0.0046822754757100075,0.0037972336014777627,0.0023154311274001253,0.0027946757937375023,0.004880583613504784,0.0029250450324729577,0.00034520305467979664,0.0025982038424037885,0.0015405604408316456,0.0008152667887118601,5.508559383188244e-06,0.0019794090050256423,0.0009364550951420015,0.0018967806142778188,0.0013716312864138728,0.0009364550951420015,0.00103560916403939,0.000706931787509158,0.0015754479835918378,0.0016948001035609163,0.004024920722649544,0.003149059780722613,0.0003470392411408594,0.0017260152733989832,0.00523863997341202,0.00011751593350801587,0.0007620173813410404,0.00247885172243471,9.18093230531374e-06,0.0,0.00021116144302221602,0.002508230705811714,0.0019077977330441951,0.002280543584639933,0.000932782722219876,0.00042599525896655754,0.0015111814574546416,0.002001443242558395,0.001713161968171544,0.0005618730570852009,0.0019500300216486383,0.0002901174608479142,0.0005692178029294519,0.0019041253601220698,0.0008189391616339856,0.0007950687376401699,0.000225850934710718,0.0016966362900219792,0.0010099025535845114,0.001399174083329814,0.0,0.000503115090331193,0.0020657097686955913,0.00026257466393197294,0.0014707853553112612,0.00047924466633737724,0.0016525678149564732,0.00021116144302221602,0.00032684119006916914,0.0026551256226967335,0.001661748747261787,0.0021740447698982935,0.00024604898578240824,0.0003855991568231771,0.00016342059503458457,0.0004388485641939968,0.0014267168802457552,0.0012155554372235392,0.000736310770886162,0.00112925467355359,0.00032684119006916914,0.00044068475065505954,0.0002368680534770945,0.0012981838279713628,0.00039845246205061634,0.0014524234907006338,0.0007675259407242287,0.001566267051286524,0.0015534137460590848,1.1017118766376489e-05,1.2853305227439236e-05,0.001173323148619096,0.0,0.0017370323921653595,0.0008868780606933073,0.0010429539098836408,0.0021685362105151053,0.0019133062924273833,0.001654404001417536,0.0005802349216958284,0.0024806879088957725,0.0013863207781023748,0.00038376297036211434,0.0024568174849019567,0.00031949644422491814,0.00048108085279844,0.0007858878053348562,0.0010319367911172644,0.00020198051071690227,0.0016433868826511596,0.0004553742423435615,0.00020565288363902777,0.0005710539893905146,0.00024054042639922,0.0021979151938921093,0.0018710740038229401,0.002570661045487847,0.00011935211996907862,0.00015423966272927082,0.00044435712357718504,0.0008354648397835504,0.0017719199349255517,0.001502000525149328,0.0003048069525364162,0.000233195680554969,0.0,0.0014983281522272024,0.00014689491688501985,0.0004480294964993105,0.001268804844594359,0.0015791203565139634,0.0003598925463682986,0.002076726887461968,0.0017572304432370497,0.0026018762153259137,0.0008115944157897346,0.00033785830883554564,0.000896058992998621,6.0594153215070686e-05,0.0005141322090975695,0.0003672372922125496,0.0008832056877711818,0.00017443771380096107,0.00015791203565139632,8.079220428676091e-05,0.00044435712357718504,0.0010906947578712724,0.0004553742423435615,0.0010815138255659586,0.0009125846711481858,0.0020087879884026463,0.0008758609419269308,0.0009125846711481858,3.8559915682317705e-05,6.793889905932167e-05,0.0002368680534770945,0.0017113257817104812,0.0001303692387354551,0.00011384356058589037,0.0005949244133843304,0.002251164601262929,0.0006132862779949578,0.0020491840905460267,0.0,0.00026991940977622394,0.00047557229341525174,0.00047924466633737724,0.0006132862779949578,0.0014891472199218886,0.0015681032377475868,0.0017957903589193676,0.00023503186701603174,0.00046088280172674974,0.0001946357648726513,0.00013955017104076885,0.0005802349216958284,0.0005728901758515774,0.0009456360274473152,0.0005820711081568911,0.00021299762948327877,0.0008905504336154328,0.0008391372127056759,0.00016709296795671007,0.002199751380353172
thucydides_history,0.020243528045137738,0.0067727348157982075,0.0041839528708927974,0.0034413375373382013,0.003435114503816794,0.007305841354132094,0.002563889810819781,0.0029186027215399933,0.0021033853302356454,0.0,0.0031716727514105544,0.0032442748091603053,0.004242034517092598,0.005422336541652838,0.00026344175240623964,0.005573763690673747,0.0034931961500165947,0.0036612180550945903,0.0044370229007633585,0.002051526717557252,0.0024166113508131432,0.0036591437105874544,0.0008587786259541985,0.002082641885164288,0.0018606870229007633,0.0056401427149020905,0.004100979090607368,0.005476269498838367,0.0023730501161632923,0.0025908562894125455,0.0041818785263856625,0.002597079322933953,0.002269332890806505,0.003843760371722536,0.0007467640225688682,0.0004293893129770992,0.0034434118818453367,0.0014333720544308,0.0008629273149684699,0.0019975937603717224,0.0004522071025555924,0.0008629273149684699,0.0004978426817125788,0.0011450381679389313,0.0008401095253899768,0.001960255559243279,0.0033562894125456354,0.003574095585794889,0.0005331065383338865,0.0021199800862927317,0.004656903418519748,0.00015350149352804512,0.0010641387321606373,0.0015723531364088949,0.0027443577829405906,0.0,0.00015350149352804512,0.0012051941586458679,0.0032857616993030203,0.0021407235313640888,0.0012985396614669765,0.0011761533355459674,0.0013960338533023564,0.0031364088947892464,0.0019789246598075007,0.00035678725522734816,0.0016677729837371391,0.00019083969465648855,0.0003630102887487554,0.0021116827082641883,0.00036508463325589114,0.0007758048456687687,0.00016387321606372386,0.002646863591105211,0.002180136076999668,0.0008857451045469632,0.00047917358114835714,0.0009189346166611351,0.001958181214736143,0.001692665117822768,0.001325506140059741,0.0005185861267839362,0.0016636242947228675,0.00018254231662794557,5.1858612678393625e-05,0.0034226684367739796,0.0025763358778625955,0.0009044142051111849,0.0006430467972120809,0.00021573182874211748,0.0016905907733156323,0.0005579986724195154,0.0018129770992366412,0.0014790076335877863,0.000748838367076004,0.001358695652173913,0.0005974112180550945,0.0007052771324261533,0.0006845336873547959,0.0006824593428476602,0.0006202290076335878,0.0004522071025555924,0.0012985396614669765,0.0017486724195154332,0.001954032525721872,0.000537255227348158,2.074344507135745e-06,0.0011201460338533024,3.941254563557916e-05,0.00325672087620312,1.659475605708596e-05,0.0016242117490872885,0.0012383836707600398,0.0008898937935612346,0.0010703617656820444,0.0008753733820112844,0.003491121805509459,0.00035678725522734816,0.00032359774311317626,0.001692665117822768,7.467640225688682e-05,0.00033396946564885497,0.0005227348157982078,0.0008172917358114836,0.00021365748423498175,0.0007032027879190176,0.000634749419183538,0.000105791569863923,0.0006409724527049452,0.00039827414537006305,0.0018109027547295055,0.001873133089943578,0.0028833388649186858,3.5263856621307665e-05,0.00016594756057085962,0.00041072021241287754,0.0010786591437105875,0.0009438267507467641,0.001968552937271822,0.0001804679721208098,0.0006969797543976104,0.0004916196481911716,0.0019374377696647859,0.00014312977099236642,0.0005828908065051443,0.0014769332890806504,0.0006534185197477597,0.0004293893129770992,0.001277796216395619,0.001138815134417524,0.002439429140391636,0.0009998340524394291,0.0007675074676402257,0.00105791569863923,0.00036715897776302687,0.00027381347494191834,0.00033396946564885497,0.0008214404248257551,0.00012238632592100895,8.919681380683704e-05,0.000626452041154995,0.0001929140391636243,0.0013172087620311982,0.0015391636242947228,0.003196564885496183,0.0016885164288084965,0.001246681048788583,0.0031032193826750747,0.0031198141387321606,5.1858612678393625e-05,3.318951211417192e-05,0.00030077995353468306,0.0013296548290740126,8.71224692997013e-05,0.0014064055758380351,0.0005414039163624295,0.0006368237636906738,0.0002613674078991039,0.0018523896448722204,0.00018876535014935282,0.0001804679721208098,0.000439761035512778,0.00021365748423498175,0.0007384666445403252,0.0014022568868237637,0.000879522071025556,0.0005331065383338865,0.0009583471622967143,0.0007301692665117823,5.600730169266512e-05,0.0003484898771988052,0.0009541984732824427,0.0005579986724195154,0.0017673415200796549,0.0003588615997344839,0.000414868901427149,0.0001742449385994026,0.0007239462329903751,0.00024062396282774644,0.0006492698307334882
lysias_orations,0.013182355923609938,0.0064221733986817645,0.0038871049518336997,0.0013520365049856345,0.004225114078080108,0.005408146019942538,0.0032110866993408822,0.0028730775730944737,0.0032110866993408822,0.0025350684468480648,0.0038871049518336997,0.0018590501943552475,0.009126246408653034,0.001521041068108839,0.0006760182524928173,0.004056109514956904,0.004732127767449721,0.0023660638837248605,0.004056109514956904,0.0032110866993408822,0.0035490958255872907,0.002028054757478452,0.0018590501943552475,0.004225114078080108,0.0008450228156160216,0.0023660638837248605,0.0023660638837248605,0.0021970593206016562,0.0043941186412033125,0.0032110866993408822,0.0035490958255872907,0.0032110866993408822,0.000507013689369613,0.0033800912624640865,0.0038871049518336997,0.0013520365049856345,0.004056109514956904,0.0021970593206016562,0.0016900456312320432,0.000507013689369613,0.000507013689369613,0.0016900456312320432,0.0006760182524928173,0.000507013689369613,0.0011830319418624302,0.001014027378739226,0.002028054757478452,0.0003380091262464086,0.0023660638837248605,0.003718100388710495,0.0018590501943552475,0.0,0.0025350684468480648,0.0032110866993408822,0.0023660638837248605,0.0,0.0001690045631232043,0.0025350684468480648,0.003718100388710495,0.0003380091262464086,0.0008450228156160216,0.001521041068108839,0.002028054757478452,0.0016900456312320432,0.001521041068108839,0.0003380091262464086,0.003718100388710495,0.003718100388710495,0.0033800912624640865,0.0013520365049856345,0.0003380091262464086,0.0011830319418624302,0.0035490958255872907,0.0011830319418624302,0.0011830319418624302,0.0023660638837248605,0.0013520365049856345,0.0001690045631232043,0.0003380091262464086,0.001521041068108839,0.0008450228156160216,0.0023660638837248605,0.003042082136217678,0.0,0.0,0.0028730775730944737,0.0016900456312320432,0.003042082136217678,0.0001690045631232043,0.0006760182524928173,0.0023660638837248605,0.000507013689369613,0.001014027378739226,0.0016900456312320432,0.0006760182524928173,0.0008450228156160216,0.0,0.0025350684468480648,0.0003380091262464086,0.0013520365049856345,0.0003380091262464086,0.0001690045631232043,0.000507013689369613,0.001014027378739226,0.0016900456312320432,0.0,0.0,0.000507013689369613,0.0,0.0001690045631232043,0.001014027378739226,0.0016900456312320432,0.002028054757478452,0.0001690045631232043,0.0013520365049856345,0.0013520365049856345,0.0018590501943552475,0.0,0.0003380091262464086,0.0023660638837248605,0.0032110866993408822,0.0001690045631232043,0.001014027378739226,0.001521041068108839,0.0018590501943552475,0.001014027378739226,0.0016900456312320432,0.001014027378739226,0.0008450228156160216,0.000507013689369613,0.001521041068108839,0.0018590501943552475,0.001521041068108839,0.0,0.001014027378739226,0.000507013689369613,0.0018590501943552475,0.0006760182524928173,0.0011830319418624302,0.0001690045631232043,0.001521041068108839,0.0008450228156160216,0.000507013689369613,0.0001690045631232043,0.0001690045631232043,0.0016900456312320432,0.0008450228156160216,0.0001690045631232043,0.0021970593206016562,0.0025350684468480648,0.0013520365049856345,0.0006760182524928173,0.0003380091262464086,0.0006760182524928173,0.0,0.0013520365049856345,0.0008450228156160216,0.0001690045631232043,0.0001690045631232043,0.0001690045631232043,0.0003380091262464086,0.0013520365049856345,0.0006760182524928173,0.001014027378739226,0.0003380091262464086,0.0013520365049856345,0.0021970593206016562,0.0003380091262464086,0.000507013689369613,0.0,0.0001690045631232043,0.0003380091262464086,0.0013520365049856345,0.001014027378739226,0.001521041068108839,0.0011830319418624302,0.0032110866993408822,0.0032110866993408822,0.0028730775730944737,0.0001690045631232043,0.0,0.001521041068108839,0.0,0.001014027378739226,0.0013520365049856345,0.0013520365049856345,0.0023660638837248605,0.0,0.001014027378739226,0.0001690045631232043,0.0001690045631232043,0.0008450228156160216,0.0033800912624640865,0.000507013689369613,0.0001690045631232043,0.0001690045631232043,0.000507013689369613,0.0025350684468480648,0.0006760182524928173,0.0028730775730944737
xenophon_anabasis,0.018536287508722958,0.00504685475027415,0.00366364270760642,0.0019315123118333168,0.0041496361280031905,0.005003239956135978,0.002822500249227395,0.003296032299870402,0.002473581896122022,0.0024050443624763235,0.0020498953244940683,0.0019128202572026717,0.0024798125809989036,0.004012561060711794,0.00025545807995214833,0.00467301365766125,0.0034704914764230885,0.0029284218921343834,0.004704167082045659,0.00198135779084837,0.0033770312032698636,0.004249327086033297,0.0016885156016349318,0.002230585185923637,0.0022181238161698732,0.005289851460472535,0.004137174758249427,0.004654321603030605,0.003221264081347822,0.003233725451101585,0.0053646196789951155,0.003158957232579005,0.0019564350513408433,0.0034517994217924436,0.0011962914963612801,0.0007539128701026817,0.0032274947662247035,0.0016199780679892334,0.0014704416309440733,0.0017321303957731034,0.0006106071179344033,0.0014704416309440733,0.0005856843784268767,0.0005296082145349417,0.0010031402651779484,0.00190658957232579,0.0038692553085435152,0.004118482703618782,0.00036761040773601833,0.0017072076562655767,0.00538331173362576,8.099890339946167e-05,0.000654221912072575,0.001775745189911275,0.00190658957232579,0.0,0.00023053534044462169,0.0015576712192204166,0.002660502442428472,0.003800717774897817,0.0005669923237962317,0.0011589073870999901,0.001514056425082245,0.0019688964210946066,0.0010592164290698833,0.0004984547901505334,0.00183182135380321,0.00033645698335161,0.0006479912271956934,0.0034081846276542717,0.0007912969793639717,0.0010218323198085933,0.00038630246236666334,0.0025608114843983652,0.0009221413617784867,0.00134582793340644,0.0009844482105473033,0.0005545309540424683,0.00332718572425481,0.001028063004685475,0.0014517495763134284,0.0011526767022231083,0.0016947462865118134,0.00017445917655268666,0.0004548399960123617,0.003445568736915562,0.0017819758747881567,0.0020312032698634234,0.0005856843784268767,0.00022430465556774,0.00093460273153225,0.000317764928720965,0.0017632838201575118,0.00123367560562257,0.00104675505931612,0.0008722958827634334,9.3460273153225e-05,0.000542069584288705,0.000728990130595155,0.0012461369753763334,0.00040499451699730835,0.0013582893031602035,0.0010903698534542917,0.001775745189911275,0.0017445917655268667,0.00029907287409032003,0.0,0.001140215332469345,1.2461369753763333e-05,0.0009782175256704217,0.0010903698534542917,0.0014143654670521384,0.002143355597647293,0.0017882065596650384,0.0015078257402053633,0.0011962914963612801,0.00201874190010966,0.0012274449207456883,0.0004735320506430067,0.0019564350513408433,0.0005109161599042967,0.000242996710198385,0.00029284218921343835,0.0009221413617784867,0.0005109161599042967,0.0010031402651779484,0.00021807397069085834,0.00014953643704516002,0.0006417605423188117,0.0009408334164091316,0.0021184328581397667,0.0013022131392682683,0.002448659156614495,6.2306848768816665e-06,0.0004984547901505334,0.00038630246236666334,0.0014829030006978368,0.0018505134084338551,0.0021620476522779385,0.00027415013458279334,0.0007414515003489184,0.0012087528661150434,0.0020997408035091218,0.00011215232778387,0.0005483002691655867,0.0011589073870999901,0.0009408334164091316,0.00022430465556774,0.001738361080649985,0.00138321204266773,0.002143355597647293,0.0011526767022231083,0.0016012860133585885,0.000990678895424185,3.115342438440834e-05,0.00042368657162795335,0.00021807397069085834,0.00093460273153225,0.00012461369753763335,0.00013707506729139667,0.00028661150433655666,0.00067291396670322,0.0006106071179344033,0.0014455188914365468,0.0003613797228591367,0.0009969095803010668,0.0011900608114843983,0.00012461369753763335,0.00028661150433655666,6.2306848768816665e-06,2.4922739507526666e-05,8.722958827634333e-05,0.0009408334164091316,0.00011215232778387,0.00048599342039677,0.0006791446515801017,0.0014081347821752568,0.00048599342039677,0.0020125112152327785,0.0003239956135978467,0.00014330575216827833,0.0008847572525171967,0.0006417605423188117,0.0011339846475924634,0.0018941282025720268,0.0010031402651779484,0.0019502043664639617,0.00123367560562257,0.0010156016349317117,0.00056076163891935,0.00015576712192204168,0.00085983451300967,0.00067291396670322,0.0011464460173462266,0.00012461369753763335,3.7384109261290004e-05,0.0004735320506430067,0.0003613797228591367,0.00016199780679892334,0.0013956734124214933
xenophon_hellenica,0.01649363009628531,0.005927851238471609,0.0036137186034040456,0.0027827565716052544,0.005116213905086744,0.007164631936962834,0.0027537695239843664,0.001908313968375131,0.0013720535873887017,0.0034784457145065678,0.0026571460319147395,0.0020967297779109035,0.0034301339684717543,0.0047345511114117176,0.0006377150476595374,0.005135538603500669,0.004521979428858539,0.0035702380319727134,0.004753875809825643,0.0024590678731720044,0.002579847238259038,0.0041209919367695864,0.0014976641270792168,0.0023479508572919333,0.001782703428684616,0.005005096889206673,0.00377314736531893,0.004782862857446531,0.0026716395557251833,0.0025315354922242246,0.004125823111373068,0.0025750160636555564,0.0014976641270792168,0.0038649396827850754,0.0012995859683364815,0.00038649396827850757,0.003299692254177758,0.001488001777872254,0.0011160013334041905,0.0012319495238877428,0.0004976109841585785,0.0011160013334041905,0.0008696114286266419,0.000884104952437086,0.0006956891429013136,0.0015266511747001048,0.0034108092700578293,0.00499543453999971,0.00046379276193420907,0.001430027682630478,0.004971278666982304,9.662349206962689e-05,0.0011401572064215972,0.0022368338414118626,0.002497717269999855,0.0,9.662349206962689e-05,0.0020387556826691276,0.003043640000193247,0.0026474836827077766,0.0009710660952997502,0.0011594819048355227,0.0016474305397871385,0.002338288508084971,0.0010870142857833025,0.0004541304127272464,0.0017585475556672094,0.0002415587301740672,0.0004589615873307277,0.0024638990477754857,0.0005652474286073173,0.0009130920000579741,0.0002463899047775486,0.0021547038731526795,0.002541197841431187,0.0010483648889554518,0.0007198450159187203,0.0005700786032107986,0.0020290933334621646,0.0013092483175434443,0.0012754300953190748,0.00046862393653769043,0.0016715864128045452,0.00018358463493229108,0.00017875346032880974,0.0028938735874853255,0.002275483238239713,0.001681248762011508,0.0012029624762668549,0.00046379276193420907,0.001415534158820034,0.0002463899047775486,0.0018406775239263923,0.001333404190560851,0.0009034296508510114,0.0014107029842165527,0.00042997453970983966,0.0011739754286459667,0.0004589615873307277,0.0011884689524564106,0.00040098749208895157,0.000618390349245612,0.0011546507302320414,0.0018358463493229108,0.0014107029842165527,0.0004976109841585785,9.662349206962688e-06,0.001009715492127601,2.4155873017406723e-05,0.002473561396982448,0.0011933001270598921,0.0013092483175434443,0.0020242621588586833,0.0009662349206962689,0.001430027682630478,0.000715013841315239,0.002990497079554952,0.0007874814603674591,0.00014976641270792167,0.0018551710477368363,0.00023672755557058587,0.00025605225398451126,0.00021257168255317915,0.0009517413968858249,0.0003140263492262874,0.0006280526984525748,0.0005652474286073173,0.00010628584127658957,0.0007391697143326457,0.000758494412746571,0.0020242621588586833,0.0011691442540424854,0.002565353714448594,1.9324698413925377e-05,0.0002850393016053993,0.0002512210793810299,0.0010193778413345638,0.0015411446985105488,0.002106392127117866,0.00032368869843325007,0.0010966766349902652,0.0004589615873307277,0.0011304948572146347,0.00010628584127658957,0.0005217668571759851,0.0015604693969244743,0.0006087280000386494,0.00047345511114117175,0.0015653005715279555,0.0014107029842165527,0.002106392127117866,0.000715013841315239,0.00114981955562856,0.0014251965080269967,5.797409524177613e-05,0.0002270652063636232,0.00021257168255317915,0.0010435337143519703,0.00015942876191488435,9.662349206962689e-05,0.0003913251428819889,0.0002270652063636232,0.000700520317504795,0.001488001777872254,0.001318910666750407,0.0012174560000772989,0.001067689587369377,0.0012802612699225563,0.0012995859683364815,4.831174603481344e-06,3.381822222436941e-05,0.00032368869843325007,0.0012947547937330003,7.72987936557015e-05,0.0017440540318567654,0.0006038968254351681,0.00140104063500959,0.000309195174622806,0.0022609897144292694,0.00019324698413925379,0.00011111701588007093,0.0005072733333655412,0.0003478445714506568,0.0007246761905222017,0.0012222871746807801,0.0008068061587813845,0.001502495301682698,0.0010145466667310823,0.0006763644444873882,0.00010145466667310823,6.763644444873883e-05,0.0006908579682978322,0.00047345511114117175,0.0012222871746807801,0.00014976641270792167,0.00023189638096710453,0.0002705457777949553,0.000715013841315239,0.0005072733333655412,0.0013817159365956645
plato_republic,0.020714005492349943,0.006083833780969913,0.005926909496936959,0.001490780698313064,0.003862751606965024,0.005003470440896883,0.003096236834957902,0.004719799619760389,0.0023236865135648974,0.0013338564142801098,0.003862751606965024,0.0019434469022542777,0.003084165736186136,0.0008992968584965446,0.00011467543833177415,0.003144521230044965,0.0036454718290732414,0.0018167003651507379,0.002589250686543743,0.0026737483779461025,0.004291275613362707,0.002981561396626128,0.0021788333283037087,0.003506654193197936,0.0009113679572683104,0.0024202553037390227,0.0059812294414099045,0.002166762229531943,0.004037782539155627,0.0039532848477532665,0.004973292693967468,0.0037601472674050154,0.0031928056251320277,0.0020641578899719347,0.0009958656486706702,0.0014062830069107041,0.002094335636901349,0.0021184778344448805,0.00224522437154842,0.0024625041494402027,0.0008630835621812476,0.00224522437154842,0.0009837945498989045,0.000645803784289465,0.002215046624619006,0.0031565923288167305,0.0024323264025107884,0.0013579986118236412,0.0021969399764613573,0.00332558771162145,0.0031626278782026134,2.41421975435314e-05,0.001611491686030721,0.003416120952409693,0.002052086791200169,1.20710987717657e-05,0.00018710203096236836,0.001641669432960135,0.0018167003651507379,0.0005009505990282765,0.0006337326855176993,0.0018830914083954491,0.0014545674019977668,0.001768415970063675,0.0017503093219060266,0.00040438180885415096,0.002987596946012011,7.24265926305942e-05,0.00020520867912001689,0.0008208347164800675,0.00220297552584724,0.001563207290943658,0.00024745752482119684,0.002824637112593174,0.0018710203096236834,0.0016295983341883696,0.002136584482602529,0.001611491686030721,0.000482843950870628,0.002215046624619006,0.0011648610314753901,0.0007966925189365362,0.0015994205872589553,7.846214201647705e-05,0.00024745752482119684,0.0016537405317319008,0.0010984699882306786,0.002444397501282554,0.0013881763587530556,0.00011467543833177415,0.0018770558590095663,0.0002897063705223768,0.0018951625071672148,0.002691855026103751,0.0010924344388447958,0.00112261218577421,0.0009475812535836074,0.0012191809759483356,0.0004224884570117995,0.0018167003651507379,0.0014183541056824696,0.00018710203096236836,0.0001689953828047198,0.002088300087515466,0.0024806107975978513,0.0001086398889458913,0.0,0.0015209584452424783,2.41421975435314e-05,0.000561306092887105,0.0005552705435012222,0.0007604792226212391,0.0019856957479554575,0.0008872257597247789,0.0015511361921718924,0.0024262908531249056,0.002100371186287232,0.000120710987717657,0.000682017080604762,0.0020641578899719347,0.0002897063705223768,0.0002776352717506111,0.001364034161209524,0.0015149228958565954,6.639104324471136e-05,0.002335757612336663,0.0006337326855176993,0.0002776352717506111,0.000440595105169448,0.0005009505990282765,0.0015994205872589553,0.0019977668467272233,0.0017261671243624952,6.03554938588285e-05,0.0013579986118236412,0.0005492349941153393,0.0013519630624377584,0.0003138485680659082,0.0013821408093671727,0.0003259196668376739,0.0017744515194495578,0.0002897063705223768,0.0017804870688354407,4.224884570117995e-05,0.0003560974137670881,0.0009113679572683104,0.00216072668014606,0.0005914838398165193,0.0021546911307601772,0.0014787095995412983,0.0011950387784048042,0.0016959893774330808,0.0006397682349035821,0.0004224884570117995,7.846214201647705e-05,0.0006095904879741678,0.0012795364698071643,0.00112261218577421,0.00022331532727766544,4.82843950870628e-05,0.0003862751606965024,0.001044150043757733,0.0013459275130518755,0.002257295470320186,3.62132963152971e-05,0.0012372876241059842,0.0019011980565530977,0.0,2.41421975435314e-05,0.0008268702658659504,0.0009475812535836074,0.0007484081238494734,0.0014183541056824696,9.053324078824275e-05,0.001050185593143616,0.0009355101548118417,0.0013519630624377584,0.0010562211425294988,0.0015933850378730724,3.017774692941425e-05,0.00015088873464707124,0.0010381144943718502,0.00013881763587530554,0.0020219090442707547,0.0017804870688354407,0.0014183541056824696,0.0010381144943718502,0.00040438180885415096,0.0005975193892024021,1.20710987717657e-05,0.0005492349941153393,0.0019494824516401606,0.0005492349941153393,0.0014364607538401182,0.0008630835621812476,0.0005190572471859251,0.00033195521622355673,0.0007544436732353563,0.0005431994447294565,0.0013821408093671727
plato_laws,0.01700902425786748,0.0042407572649415404,0.004194762066840222,0.001292465066647042,0.00378540480373849,0.007607605765958034,0.0036704168084851943,0.003389846100067153,0.0015224410571536332,0.0018352084042425971,0.004024579833865344,0.0025803306134839525,0.003495635055700185,0.0016006328939258741,8.739087639250462e-05,0.004024579833865344,0.004268354383802331,0.00310467587183898,0.002980488836965421,0.0050732703505754,0.004015380794245081,0.0023917503012685476,0.0007451222092413552,0.002948292198294498,0.0006255346941779278,0.00201918919664787,0.005169860266588168,0.001628230012786665,0.0028792994011425208,0.0037302105660169077,0.005735601203234382,0.003656618249054799,0.0037394096056371715,0.00227216278620512,0.0007175250903805643,0.0010900861950012418,0.0035324312141812395,0.001936397840065497,0.001499443458102974,0.0015178415373435013,0.000878508283735178,0.001499443458102974,0.0010026953186087373,0.0006853284517096415,0.0011452804327228238,0.00201918919664787,0.003389846100067153,0.0010164938780391328,0.0016512276118373242,0.0021617743107619565,0.0031736686689909574,4.599519810131822e-06,0.0021295776720910336,0.003311654263294912,0.003311654263294912,0.0,0.0002299759905065911,0.0022399661475341975,0.003021884515256607,0.0003725611046206776,0.0016512276118373242,0.002414747900319207,0.0017248199287994332,0.0023871507814584155,0.0015914338543056106,0.0004599519810131822,0.002920695079433707,0.00011038847544316374,0.0002253764706964593,0.000593338055507005,0.0009888967591783417,0.0008463116450642552,0.0002299759905065911,0.0017616160872804879,0.0020053906372174747,0.0009934962789884736,0.0009475010808871554,0.0011314818732924283,0.00044615342158278677,0.00242394693993947,0.002097381033420111,0.0010854866751911101,0.0017984122457615425,0.0003449639857598867,0.000620935174367796,0.002147975751331561,0.0008095154865832007,0.0030954768322187165,0.0007543212488616189,3.2196638670922756e-05,0.0018214098448122017,0.000206978391455932,0.0018996016815844426,0.0010302924374695282,0.0013982540222800739,0.002644723890825798,0.0003587625451902821,0.0004737505404435777,0.0005887385356968733,0.0018444074438628607,0.0010670885959505828,0.0001471846339242183,6.899279715197733e-05,0.0021341771919011657,0.002193970949432879,0.00017018223297487743,7.359231696210916e-05,0.0015040429779131059,6.899279715197733e-05,0.000956700120507419,0.0008923068431655735,0.0006853284517096415,0.0024745416578509202,0.000827913565823728,0.0020283882362681334,0.0008739087639250462,0.0022997599050659113,0.00011498799525329555,0.0010164938780391328,0.0027091171681676435,7.359231696210916e-05,0.0005105466989246323,0.0011820765912038784,0.001628230012786665,0.00017478175278500923,0.0015408391363941605,0.0009796977195580781,0.00011958751506342738,0.0008141150063933325,0.0002437745499369866,0.0020835824739897156,0.0019777935183566834,0.001738618488229829,8.739087639250462e-05,0.001292465066647042,0.0010118943582290009,0.002295160385255779,0.0003127673470889639,0.0019088007212047062,0.0004599519810131822,0.0007589207686717507,0.00023457551031672293,0.0014028535420902058,5.979375753171369e-05,0.00046915102063344586,0.0013384602647483603,0.0014718463392421831,0.0009429015610770236,0.0015408391363941605,0.001476445859052315,0.001812210805191938,0.00098429723936821,0.0006071366149374006,0.0002437745499369866,9.199039620263645e-05,0.0008233140460135962,0.0010164938780391328,0.0011268823534822964,0.0001057889556330319,6.899279715197733e-05,0.000956700120507419,0.0002253764706964593,0.0012004746704444057,0.001425851141140865,5.0594717911450045e-05,0.0016328295325967969,0.0014120525817104695,5.519423772158187e-05,6.439327734184551e-05,0.000593338055507005,0.0005795394960766096,0.00033576494613962303,0.0014626472996219194,0.00011498799525329555,0.0012556689081659874,0.0004507529413929186,0.0014580477798117877,0.0006991270111400369,0.0022997599050659113,5.0594717911450045e-05,0.0002667721489876457,0.0016972228099386424,0.0001241870348735592,0.0006117361347475323,0.00201918919664787,0.0008831078035453099,0.001113083794051901,0.000413956782911864,0.0006163356545576642,7.819183677224097e-05,0.0003587625451902821,0.001554637695824556,0.00045535246120305043,0.0010946857148113737,0.0009521006006972872,0.00040015822348146853,0.0002529735895572502,0.0031138749114592436,0.0002529735895572502,0.001421251621330733
isocrates_panegyricus,0.013095238095238096,0.005654761904761905,0.003869047619047619,0.0011904761904761906,0.00744047619047619,0.002976190476190476,0.002380952380952381,0.003273809523809524,0.004761904761904762,0.0008928571428571428,0.003869047619047619,0.0008928571428571428,0.001488095238095238,0.001488095238095238,0.0017857142857142857,0.007738095238095238,0.002976190476190476,0.0020833333333333333,0.004166666666666667,0.003869047619047619,0.005952380952380952,0.003869047619047619,0.003869047619047619,0.00744047619047619,0.0005952380952380953,0.004166666666666667,0.0020833333333333333,0.002976190476190476,0.0035714285714285713,0.004464285714285714,0.00744047619047619,0.004166666666666667,0.003273809523809524,0.002976190476190476,0.00029761904761904765,0.0005952380952380953,0.0020833333333333333,0.0011904761904761906,0.0008928571428571428,0.001488095238095238,0.00029761904761904765,0.0008928571428571428,0.0,0.0008928571428571428,0.00029761904761904765,0.0011904761904761906,0.0026785714285714286,0.0017857142857142857,0.00505952380952381,0.003273809523809524,0.002976190476190476,0.0,0.002380952380952381,0.002380952380952381,0.002380952380952381,0.0,0.0,0.0017857142857142857,0.001488095238095238,0.0,0.0,0.0017857142857142857,0.005952380952380952,0.0005952380952380953,0.004166666666666667,0.0,0.002380952380952381,0.0,0.0,0.0,0.0020833333333333333,0.001488095238095238,0.0,0.003869047619047619,0.0005952380952380953,0.002976190476190476,0.0020833333333333333,0.0008928571428571428,0.0,0.002380952380952381,0.0008928571428571428,0.0008928571428571428,0.00625,0.0,0.0,0.0020833333333333333,0.0020833333333333333,0.002976190476190476,0.0,0.001488095238095238,0.002380952380952381,0.00029761904761904765,0.001488095238095238,0.002976190476190476,0.0005952380952380953,0.0017857142857142857,0.0,0.00029761904761904765,0.0,0.002976190476190476,0.001488095238095238,0.00029761904761904765,0.0005952380952380953,0.001488095238095238,0.002380952380952381,0.005654761904761905,0.005654761904761905,0.0008928571428571428,0.005654761904761905,0.00029761904761904765,0.0005952380952380953,0.005357142857142857,0.003273809523809524,0.00029761904761904765,0.002976190476190476,0.002380952380952381,0.003869047619047619,0.0,0.0005952380952380953,0.001488095238095238,0.00029761904761904765,0.0008928571428571428,0.0008928571428571428,0.003273809523809524,0.0005952380952380953,0.0008928571428571428,0.00029761904761904765,0.0,0.0,0.0017857142857142857,0.004761904761904762,0.0008928571428571428,0.0008928571428571428,0.0,0.0005952380952380953,0.0,0.0005952380952380953,0.0035714285714285713,0.002380952380952381,0.0,0.0020833333333333333,0.0008928571428571428,0.0008928571428571428,0.00505952380952381,0.004464285714285714,0.0,0.0005952380952380953,0.0,0.001488095238095238,0.001488095238095238,0.0020833333333333333,0.0020833333333333333,0.0005952380952380953,0.003869047619047619,0.00029761904761904765,0.00029761904761904765,0.0005952380952380953,0.0005952380952380953,0.0,0.0005952380952380953,0.0005952380952380953,0.001488095238095238,0.001488095238095238,0.003869047619047619,0.0,0.00029761904761904765,0.002380952380952381,0.0,0.0,0.0,0.0,0.001488095238095238,0.0005952380952380953,0.00029761904761904765,0.00029761904761904765,0.0020833333333333333,0.0017857142857142857,0.0008928571428571428,0.0008928571428571428,0.0,0.00029761904761904765,0.00029761904761904765,0.0,0.001488095238095238,0.002380952380952381,0.002380952380952381,0.0005952380952380953,0.0,0.0,0.0,0.004464285714285714,0.0020833333333333333,0.0,0.0020833333333333333,0.00029761904761904765,0.00029761904761904765,0.00029761904761904765,0.00029761904761904765,0.0011904761904761906,0.0017857142857142857
demosthenes_philippics,0.01725077174505175,0.005810786272017432,0.0036317414200108954,0.0018158707100054477,0.002905393136008716,0.0070818957690212455,0.0032685672780098057,0.004721263846014164,0.002723806065008171,0.0012711094970038134,0.0036317414200108954,0.0018158707100054477,0.005266025059015798,0.0012711094970038134,0.00018158707100054475,0.0034501543490103505,0.00381332849101144,0.0019974577810059923,0.0036317414200108954,0.006537134556019611,0.005447612130016342,0.006355547485019067,0.0005447612130016343,0.006173960414018522,0.0010895224260032686,0.0018158707100054477,0.002905393136008716,0.002360631923007082,0.00381332849101144,0.0036317414200108954,0.005629199201016888,0.0036317414200108954,0.002179044852006537,0.0034501543490103505,0.002905393136008716,0.002542218994007627,0.003086980207009261,0.0010895224260032686,0.0018158707100054477,0.0018158707100054477,0.0012711094970038134,0.0018158707100054477,0.0009079353550027238,0.00018158707100054475,0.0019974577810059923,0.0009079353550027238,0.001452696568004358,0.000726348284002179,0.00018158707100054475,0.003086980207009261,0.002723806065008171,0.0,0.0016342836390049029,0.0009079353550027238,0.002360631923007082,0.0,0.00018158707100054475,0.0010895224260032686,0.002905393136008716,0.002723806065008171,0.0005447612130016343,0.001452696568004358,0.0012711094970038134,0.003086980207009261,0.001452696568004358,0.0003631741420010895,0.002360631923007082,0.002723806065008171,0.002723806065008171,0.002542218994007627,0.000726348284002179,0.001452696568004358,0.002905393136008716,0.000726348284002179,0.002360631923007082,0.002360631923007082,0.000726348284002179,0.0016342836390049029,0.002542218994007627,0.0016342836390049029,0.0019974577810059923,0.002542218994007627,0.0018158707100054477,0.00018158707100054475,0.0,0.003994915562011985,0.0009079353550027238,0.0016342836390049029,0.000726348284002179,0.0005447612130016343,0.00381332849101144,0.0,0.0018158707100054477,0.0012711094970038134,0.0016342836390049029,0.0019974577810059923,0.0005447612130016343,0.0034501543490103505,0.001452696568004358,0.0012711094970038134,0.003086980207009261,0.0003631741420010895,0.00018158707100054475,0.0018158707100054477,0.0005447612130016343,0.00018158707100054475,0.0,0.0010895224260032686,0.0,0.000726348284002179,0.0010895224260032686,0.0009079353550027238,0.0016342836390049029,0.0018158707100054477,0.001452696568004358,0.0009079353550027238,0.002542218994007627,0.0003631741420010895,0.0018158707100054477,0.0010895224260032686,0.0003631741420010895,0.0003631741420010895,0.0003631741420010895,0.0009079353550027238,0.0018158707100054477,0.0018158707100054477,0.0005447612130016343,0.000726348284002179,0.001452696568004358,0.0009079353550027238,0.0016342836390049029,0.0019974577810059923,0.003086980207009261,0.0,0.0034501543490103505,0.000726348284002179,0.0005447612130016343,0.00018158707100054475,0.0032685672780098057,0.00018158707100054475,0.003086980207009261,0.0019974577810059923,0.0016342836390049029,0.00018158707100054475,0.0,0.0009079353550027238,0.0018158707100054477,0.0003631741420010895,0.002905393136008716,0.000726348284002179,0.0016342836390049029,0.0016342836390049029,0.0003631741420010895,0.00018158707100054475,0.0,0.0009079353550027238,0.00018158707100054475,0.000726348284002179,0.0,0.00018158707100054475,0.0003631741420010895,0.001452696568004358,0.0012711094970038134,0.0009079353550027238,0.002723806065008171,0.0018158707100054477,0.000726348284002179,0.002723806065008171,0.002723806065008171,0.00018158707100054475,0.0,0.000726348284002179,0.0009079353550027238,0.0003631741420010895,0.0019974577810059923,0.0012711094970038134,0.0019974577810059923,0.0003631741420010895,0.002723806065008171,0.0010895224260032686,0.0,0.002905393136008716,0.00018158707100054475,0.0012711094970038134,0.001452696568004358,0.0005447612130016343,0.0019974577810059923,0.002905393136008716,0.0009079353550027238,0.00018158707100054475,0.00018158707100054475,0.0018158707100054477,0.00018158707100054475,0.000726348284002179,0.0003631741420010895,0.0,0.0003631741420010895,0.00018158707100054475,0.0,0.0019974577810059923
aeschines_orations,0.019456183717406907,0.004784307471493501,0.004545092097918826,0.0019137229885974004,0.0041463998086277015,0.004943784387209951,0.0024718921936049756,0.0020731999043138508,0.0024718921936049756,0.0026313691093214258,0.002790846025037876,0.002790846025037876,0.0041463998086277015,0.0018339845307391756,0.00023921537357467505,0.003508492145761901,0.004943784387209951,0.0019934614464556257,0.002870584482896101,0.0026313691093214258,0.004066661350769476,0.004465353640060601,0.0016745076150227254,0.003667969061478351,0.0008771230364404753,0.0025516306514632007,0.003986922892911251,0.0023124152778885255,0.002950322940754326,0.004305876724344151,0.003907184435053026,0.004226138266485926,0.0018339845307391756,0.0023124152778885255,0.0009568614942987002,0.0015947691571645004,0.0023124152778885255,0.0018339845307391756,0.0006379076628658002,0.0026313691093214258,0.0014352922414480505,0.0006379076628658002,0.0011960768678733753,7.973845785822502e-05,0.0007973845785822502,0.0023124152778885255,0.0024718921936049756,0.0023921537357467506,0.0003986922892911251,0.0021529383621720754,0.0031097998564707757,7.973845785822502e-05,0.0009568614942987002,0.0015947691571645004,0.002711107567179651,0.0,0.0005581692050075751,0.0019934614464556257,0.0022326768200303005,0.0003189538314329001,0.0007176461207240252,0.0019934614464556257,0.0010365999521569254,0.0026313691093214258,0.0019137229885974004,0.0005581692050075751,0.0008771230364404753,7.973845785822502e-05,7.973845785822502e-05,0.0003189538314329001,0.0012758153257316004,0.0009568614942987002,0.00015947691571645004,0.0021529383621720754,0.0023124152778885255,0.002950322940754326,0.0003986922892911251,0.0004784307471493501,0.0005581692050075751,0.0018339845307391756,0.0023124152778885255,0.0023124152778885255,0.0016745076150227254,7.973845785822502e-05,0.0004784307471493501,0.002790846025037876,0.0006379076628658002,0.0008771230364404753,0.0008771230364404753,0.00015947691571645004,0.0015150306993062753,0.0006379076628658002,0.0021529383621720754,0.0016745076150227254,0.0004784307471493501,0.0012758153257316004,7.973845785822502e-05,0.0010365999521569254,0.0011163384100151502,0.0008771230364404753,0.0003189538314329001,0.00023921537357467505,0.00015947691571645004,0.0023921537357467506,0.0019934614464556257,0.0003189538314329001,0.0,0.0009568614942987002,0.0,0.0007973845785822502,0.0005581692050075751,0.0016745076150227254,0.0007973845785822502,0.0005581692050075751,0.0008771230364404753,0.0018339845307391756,0.0020731999043138508,0.00023921537357467505,0.0003189538314329001,0.0020731999043138508,0.0008771230364404753,0.0003986922892911251,0.0003189538314329001,0.0006379076628658002,0.0009568614942987002,0.0015150306993062753,0.0011163384100151502,0.00015947691571645004,0.0010365999521569254,0.0003189538314329001,0.0011163384100151502,0.0022326768200303005,0.0017542460728809505,0.0,0.0006379076628658002,0.0003986922892911251,0.0006379076628658002,0.0004784307471493501,0.0008771230364404753,0.0015947691571645004,0.0015150306993062753,0.0025516306514632007,0.0011960768678733753,7.973845785822502e-05,0.00023921537357467505,0.0011163384100151502,0.0011960768678733753,7.973845785822502e-05,0.0012758153257316004,0.0003986922892911251,0.0014352922414480505,0.0009568614942987002,0.0009568614942987002,0.00023921537357467505,7.973845785822502e-05,0.0010365999521569254,0.0003986922892911251,0.0007176461207240252,7.973845785822502e-05,0.0003189538314329001,0.00023921537357467505,0.0015947691571645004,0.0010365999521569254,0.0011960768678733753,0.0007973845785822502,0.0014352922414480505,0.0009568614942987002,0.0006379076628658002,0.0009568614942987002,0.00015947691571645004,0.0,0.0005581692050075751,0.0015947691571645004,0.00015947691571645004,0.0014352922414480505,0.0019934614464556257,0.0010365999521569254,0.0021529383621720754,0.002870584482896101,0.0004784307471493501,7.973845785822502e-05,0.0008771230364404753,0.0003189538314329001,0.0019934614464556257,0.0023124152778885255,0.0005581692050075751,0.0010365999521569254,0.0006379076628658002,0.0015150306993062753,0.0,0.00023921537357467505,0.0022326768200303005,0.0003986922892911251,0.0015947691571645004,0.00023921537357467505,0.0013555537835898254,0.00023921537357467505,0.0013555537835898254,0.0003986922892911251,0.0009568614942987002
andocides_orations,0.01421208808371076,0.005075745744182415,0.003357801030766828,0.0017960331094799312,0.005856629704825863,0.007652662814305794,0.0035920662189598625,0.0022645634858660005,0.0030454474465094485,0.0021083866937373105,0.003826331407152897,0.0025769170701233795,0.004451038575667656,0.0027330938622520695,0.0005466187724504139,0.004919568952053725,0.003904419803217242,0.004216773387474621,0.0032016242386381385,0.0022645634858660005,0.002967359050445104,0.004294861783538966,0.0022645634858660005,0.0027330938622520695,0.0007027955645791035,0.0035920662189598625,0.002889270654380759,0.0035920662189598625,0.0036701546150242075,0.0036701546150242075,0.004372950179603311,0.0035920662189598625,0.0012494143370295175,0.002498828674059035,0.004138684991410276,0.0017179447134155865,0.0037482430110885524,0.0016398563173512415,0.0017960331094799312,0.0015617679212868967,0.0007027955645791035,0.0017960331094799312,0.00046853037638606906,0.0007027955645791035,0.0009370607527721381,0.0015617679212868967,0.0027330938622520695,0.0017960331094799312,0.0013275027330938622,0.003435889426831173,0.0030454474465094485,0.0,0.002498828674059035,0.0027330938622520695,0.0027330938622520695,0.0,7.808839606434484e-05,0.0015617679212868967,0.0031235358425737935,0.0006247071685147587,0.0009370607527721381,0.0017960331094799312,0.0032016242386381385,0.0013275027330938622,0.001952209901608621,0.00015617679212868969,0.0027330938622520695,0.003279712634702483,0.0031235358425737935,0.0007808839606434484,0.0012494143370295175,0.0011713259409651725,0.0030454474465094485,0.0026550054661877245,0.002030298297672966,0.001952209901608621,0.0021864750898016555,0.0007027955645791035,0.0007808839606434484,0.0015617679212868967,0.0022645634858660005,0.0025769170701233795,0.0013275027330938622,0.0,0.00031235358425737937,0.0022645634858660005,0.001483679525222552,0.0018741215055442762,0.0007808839606434484,0.00023426518819303453,0.002342651881930345,0.00031235358425737937,0.0003904419803217242,0.0016398563173512415,0.0007808839606434484,0.001015149148836483,0.0,0.0010932375449008277,0.0016398563173512415,0.0015617679212868967,0.00031235358425737937,0.00023426518819303453,0.00046853037638606906,0.0007027955645791035,0.0016398563173512415,0.00023426518819303453,7.808839606434484e-05,0.0009370607527721381,7.808839606434484e-05,0.0011713259409651725,0.0006247071685147587,0.0010932375449008277,0.0016398563173512415,0.0005466187724504139,0.0018741215055442762,0.001952209901608621,0.003435889426831173,0.00015617679212868969,0.0007808839606434484,0.0015617679212868967,0.0017960331094799312,0.0005466187724504139,0.001015149148836483,0.0011713259409651725,0.002342651881930345,0.0013275027330938622,0.001405591129158207,0.0003904419803217242,0.001405591129158207,0.00046853037638606906,0.001952209901608621,0.001405591129158207,0.0022645634858660005,0.0,0.0007027955645791035,0.0007027955645791035,0.0007027955645791035,0.0011713259409651725,0.0018741215055442762,0.0011713259409651725,0.0011713259409651725,0.002030298297672966,0.0017960331094799312,0.0003904419803217242,0.00023426518819303453,0.001015149148836483,0.0011713259409651725,0.0006247071685147587,0.0021083866937373105,0.0008589723567077932,0.0013275027330938622,0.0009370607527721381,0.0007027955645791035,0.0007027955645791035,0.00015617679212868969,0.0007808839606434484,0.0010932375449008277,0.0013275027330938622,0.00023426518819303453,0.0003904419803217242,0.00046853037638606906,0.001952209901608621,0.002342651881930345,0.00031235358425737937,0.00046853037638606906,0.0007027955645791035,0.0010932375449008277,0.00046853037638606906,0.0006247071685147587,0.0,0.0,0.0013275027330938622,0.0007808839606434484,7.808839606434484e-05,0.001015149148836483,0.0007808839606434484,0.0017960331094799312,0.001405591129158207,0.0015617679212868967,0.0010932375449008277,0.0003904419803217242,0.0008589723567077932,7.808839606434484e-05,0.0016398563173512415,0.0017179447134155865,0.0009370607527721381,0.0017179447134155865,7.808839606434484e-05,0.0012494143370295175,0.00023426518819303453,7.808839606434484e-05,0.0007027955645791035,0.002811182258316414,0.0009370607527721381,0.0003904419803217242,0.0007027955645791035,0.0003904419803217242,0.0021083866937373105,0.0011713259409651725,0.0017960331094799312
aristotle_nicomachean,0.023364769078535512,0.0037561340091681983,0.005297629865977369,0.0007269936791938448,0.0056611267055742915,0.005970772161527225,0.0029954832151968605,0.008306575927085226,0.008299844504129728,0.0006327537578168649,0.007155502601694973,0.0026387177985554367,0.00351380278277025,0.0005250509905288879,7.404565251048419e-05,0.002066546847338059,0.0027194948740214193,0.00215405534575954,0.0016828557388746408,0.002510820762400964,0.003978270966699651,0.002308878073736007,0.0018780670045840991,0.002759883411754411,0.0013328217451887155,0.001817484197984612,0.0038301796616786823,0.0017299756995631306,0.004429276304718054,0.0027464205658434136,0.004799504567270475,0.0026993006051549235,0.0038099853928121865,0.001386673128832704,0.000848159292392819,0.00332532294001629,0.003433025707304267,0.0018444098898066062,0.0033320543629717886,0.00238965514920199,0.003204157326817316,0.0033320543629717886,0.0012049247090342428,0.000538513836439885,0.003836911084634181,0.001615541509319655,0.0018511413127621048,0.000848159292392819,0.0018847984275395975,0.0028877804479088835,0.003554191320503241,0.0,0.0033657114777492815,0.0037763282780346936,0.00238965514920199,0.0,0.00018847984275395977,0.0014405245124766925,0.0029281689856418746,0.00015482272797646694,0.0015818843945421622,0.0024300436869349813,0.0009962505974137872,0.001925186965272589,0.0023829237262464912,0.0006596794496388592,0.0027329577199324165,4.711996068848994e-05,6.058280659948707e-05,0.0010501019810577757,0.0014001359747437012,0.000801039331704329,0.0005856337971283749,0.002847391910175892,0.00029618261004193676,0.002490626493534468,0.0020598154243825603,0.0014809130502096838,0.00020867411162045545,0.002187712460537033,0.001353016014055211,0.0003365711477749281,0.0011376104794792571,5.38513836439885e-05,0.00014135988206546982,0.0012991646304112226,0.000801039331704329,0.0022886838048695114,0.0010299077121912802,2.0194268866495687e-05,0.0018040213520736149,0.0002894511870864382,0.0022886838048695114,0.0017030500077411363,0.001386673128832704,0.0007539193710158391,0.0022415638441810213,0.0004375424921074066,0.00022213695753145257,0.0011712675942567499,0.0009289363678588017,0.0001278970361544727,2.0194268866495687e-05,0.0024098494180684856,0.0024838950705789696,9.423992137697988e-05,0.0,0.001696318584785638,1.3462845910997125e-05,0.0006866051414608534,0.00107702767287977,0.0008683535612593146,0.001864604158673102,0.0008952792530813089,0.0009827877515027903,0.00210693538507105,0.0013799417058772054,0.00012116561319897414,0.0019655755030055806,0.0020732782702935575,0.0,0.0004240796461964095,0.0013799417058772054,0.0011443419024347557,0.0,0.0023290723426025025,0.00029618261004193676,9.423992137697988e-05,0.0006125594889503692,0.00038369110846341807,0.0008548907153483174,0.0025646721460449527,0.0015684215486311652,3.3657114777492815e-05,0.00229541522782501,0.0009895191744582886,0.001770364237296122,0.000215405534575954,0.0009222049449033031,0.0002759883411754411,0.0020059640407385716,7.404565251048419e-05,0.002093472539160053,7.404565251048419e-05,0.0002759883411754411,0.0015347644338536723,0.002214638152359027,0.0007269936791938448,0.0016424672011416492,0.0007269936791938448,0.0007741136398823347,0.0020530840014270618,0.0004375424921074066,0.00014135988206546982,3.3657114777492815e-05,0.0009020106760368074,0.0009962505974137872,0.0008952792530813089,0.00014135988206546982,0.00013462845910997126,0.0008145021776153261,8.750849842148132e-05,0.0010635648269687729,0.0014337930895211939,6.731422955498563e-06,0.0007673822169268361,0.002510820762400964,6.731422955498563e-06,3.3657114777492815e-05,0.0006394851807723635,0.0005587081053063807,0.0007471879480603405,0.0008145021776153261,0.00024233122639794828,0.0001615541509319655,0.0017434385454741278,0.0014674502042986866,0.0007269936791938448,0.0011376104794792571,0.0,0.0001615541509319655,0.0010904905187907672,0.0003500339936859253,0.0017165128536521335,0.001245313246767234,0.0022348324212255227,0.0010231762892357816,0.00012116561319897414,0.0004106168002854123,0.00010097134433247844,0.00029618261004193676,0.0017299756995631306,0.0002019426886649569,0.0026993006051549235,0.0010299077121912802,7.404565251048419e-05,0.0004711996068848994,0.0008818164071703117,0.0004240796461964095,0.0015078387420316781
aristotle_politics,0.022869705023460314,0.005681880325053866,0.007163872209644431,0.0008640395489494811,0.0060154652142052475,0.007584954774638799,0.002701490741652175,0.008875545493322834,0.007721669893143463,0.0011593442049195569,0.005107676827334274,0.0027835198127549735,0.0029694523739213175,0.0006070151261607114,7.656046636261224e-05,0.0013890256040073935,0.0036147477332633352,0.002925703535999825,0.0008093535015476151,0.004134265183581061,0.0027507081843138543,0.001700736074198029,0.0028764860933381455,0.0022694709671774345,0.0011921558333606763,0.0011648128096597434,0.003417877962616618,0.0008859139679102273,0.006928722205816408,0.0020397895680895977,0.003740525642287627,0.0019796349159475453,0.0033631919152147523,0.0005960779166803382,0.00017499535168597085,0.005413918692784723,0.002504620971005458,0.0020561953823101573,0.0061084314947884195,0.0026686791132110553,0.004019424484037143,0.0061084314947884195,0.0013398081613457142,0.0008093535015476151,0.005435793111745469,0.003128041911386729,0.0016296442125756034,0.0014273058371886997,8.749767584298542e-05,0.0027999256269755335,0.0020288523586092246,5.468604740186589e-06,0.0022804081766578076,0.003680370990145574,0.0014819918845905655,0.0,0.00021874418960746356,0.0014054314182279533,0.002220253524515755,0.00015858953746541107,0.0022093163150353817,0.004210825649943673,0.0013234023471251546,0.0008804453631700408,0.003959269831895091,0.0016460500267961632,0.004068641926698822,3.281162844111953e-05,1.0937209480373178e-05,0.00013671511850466472,0.0038225547133904254,0.0018101081690017609,5.468604740186589e-06,0.0025483698089269506,8.749767584298542e-05,0.0018812000306241865,0.0017171418884185888,0.0016679244457569096,9.84348853233586e-05,0.0020124465443886646,0.0013398081613457142,0.00014218372324485131,0.0010445035053756385,8.202907110279883e-05,6.562325688223906e-05,0.001383556999267207,0.000519517450317726,0.0029038291170390786,0.0007491988494055627,6.015465214205248e-05,0.001689798864717656,0.00011484069954391836,0.001263247694983102,0.0023022825956185537,0.001132001181218624,0.0016460500267961632,0.0018593256116634402,0.0009187255963513469,0.0004867058218766064,0.0018319825879625073,0.001356213975566274,1.6405814220559766e-05,0.00013124651376447813,0.001383556999267207,0.001662455841016723,0.00017499535168597085,0.0,0.002367905852500793,2.7343023700932946e-05,0.0009132569916111604,0.0009406000153120933,0.0017882337500410145,0.002723365160612921,0.000957005829532653,0.0019413546827662391,0.002171036081854076,0.0021327558486727697,1.0937209480373178e-05,0.004549879143835242,0.002942109350220385,0.0,0.00014218372324485131,0.002247596548216688,0.0014655860703700059,0.0,0.002646804694250309,0.00045936279817567345,4.92174426616793e-05,0.0008476337347289212,0.00047576861239623323,0.0008038848968074286,0.0034397523815773642,0.0007273244304448163,1.6405814220559766e-05,0.0009296628058317201,0.0011101267622578776,0.002553838413667137,0.0005523290787588454,0.0006015465214205248,7.656046636261224e-05,0.0009788802484933994,3.281162844111953e-05,0.002816331441196093,7.656046636261224e-05,6.562325688223906e-05,0.0017608907263400816,0.0024882151567848978,0.0022694709671774345,0.001848388402183067,0.0013234023471251546,0.0004812372171364198,0.0025866500421082564,0.00047030000765604663,0.00021874418960746356,4.92174426616793e-05,0.0016351128173157901,0.00015858953746541107,0.0010007546674541457,0.00021327558486727697,4.374883792149271e-05,0.0009679430390130262,0.00013124651376447813,0.0018647942164036267,0.0013288709518653411,1.0937209480373178e-05,0.00040467675077380757,0.001542146536732618,0.0,5.468604740186589e-06,0.0010991895527775043,0.00031717907493082213,0.0006015465214205248,0.0008804453631700408,0.0011046581575176908,1.0937209480373178e-05,0.0013234023471251546,0.001689798864717656,0.0002953046559700758,0.0019468232875064257,0.0,6.562325688223906e-05,0.0013234023471251546,2.1874418960746356e-05,0.002220253524515755,0.0009515372247924665,0.0016241756078354168,0.0014054314182279533,0.0,0.0010062232721943323,2.7343023700932946e-05,3.281162844111953e-05,0.001476523279850379,0.00023515000382802332,0.002460872133083965,0.0016788616552372829,4.92174426616793e-05,0.0002953046559700758,0.00044842558869530026,0.00045936279817567345,0.0016241756078354168
aeneas_tacticus,0.016250344286955234,0.004216191020996208,0.0034746498866501407,0.0017161380537723256,0.0022881840716964343,0.00756371957032988,0.002584800525434861,0.0043221254687599315,0.001610203606008602,0.003495836776202886,0.00355939744486112,0.002033941397063497,0.003495836776202886,0.0024576791881183923,0.00029661645373842664,0.0053602830568444245,0.005275535498633446,0.0036865187821775885,0.004703489480709337,0.0036229581135193544,0.004025509015021505,0.00396194834636327,0.00044492468060764,0.0023517447403546684,0.001694951164219581,0.0034746498866501407,0.002944977647831522,0.0034746498866501407,0.003389902328439162,0.004872984597131295,0.006017076632979512,0.005063666603105998,0.002944977647831522,0.003834827009046802,0.00046611157016038474,0.0007415411343460667,0.0043221254687599315,0.00133477404182292,0.00088984936121528,0.0025000529672238817,0.00025424267463293714,0.00088984936121528,0.0006356066865823429,0.0008262886925570457,0.0010593444776372382,0.0031356596538062247,0.002754295641856819,0.0019491938388525182,0.00014830822686921332,0.0028814169791732875,0.003813640119494057,6.356066865823429e-05,0.0011229051462954723,0.0027966694209623087,0.0033687154388864172,0.0,2.1186889552744762e-05,0.0010169706985317486,0.003919574567257781,0.0017161380537723256,0.0011864658149537066,0.0024576791881183923,0.0012712133731646858,0.0054662175046081484,0.0012288395940591962,0.0006356066865823429,0.001864446280641539,0.0,0.00023305578508019237,0.001610203606008602,0.00031780334329117144,0.0007839149134515562,0.00019068200597470284,0.0027966694209623087,0.003283967880675438,0.00046611157016038474,0.0009534100298735143,0.0009745969194262591,0.001589016716455857,0.0011229051462954723,0.0021610627343799657,2.1186889552744762e-05,0.00266954808364584,0.00023305578508019237,0.0,0.003538210555308375,0.0012076527045064515,0.001864446280641539,0.0007203542447933219,0.00012712133731646857,0.00088984936121528,0.00019068200597470284,0.0020763151761689865,0.00031780334329117144,0.00088984936121528,0.0020975020657217312,0.0003389902328439162,0.00010593444776372381,0.00014830822686921332,0.0007203542447933219,0.00048729845971312954,0.00012712133731646857,0.0003389902328439162,0.0020763151761689865,0.002944977647831522,0.00044492468060764,0.0,0.002203436513485455,4.2373779105489524e-05,0.0021610627343799657,0.001504269158244878,0.0010169706985317486,0.0018008856119833046,0.0008262886925570457,0.0007415411343460667,0.0008262886925570457,0.0025636136358821162,6.356066865823429e-05,0.0005084853492658743,0.002203436513485455,0.0,0.0007627280238988114,0.0001694951164219581,0.0020127545075107525,0.0,0.0006144197970295981,0.0005084853492658743,0.0010381575880844933,0.001504269158244878,0.0002754295641856819,0.0032415941015699486,0.0016737642746668363,0.0023305578508019237,0.0,0.0012500264836119409,0.00044492468060764,0.0016737642746668363,0.0005296722388186191,0.002478866077671137,8.474755821097905e-05,0.00044492468060764,2.1186889552744762e-05,0.001610203606008602,0.00019068200597470284,0.00010593444776372381,0.0023517447403546684,0.0005296722388186191,0.00044492468060764,0.0017585118328778153,0.0011017182567427276,0.002690734973198585,0.001504269158244878,0.0008686624716625352,0.00029661645373842664,0.00012712133731646857,0.00046611157016038474,8.474755821097905e-05,0.0009745969194262591,0.00012712133731646857,6.356066865823429e-05,0.000805101803004301,0.00010593444776372381,0.0008474755821097905,0.0012712133731646858,0.00010593444776372381,0.0026059874149876056,0.0013135871522701752,0.00012712133731646857,0.00012712133731646857,0.0,0.0,0.00012712133731646857,0.002309370961249179,0.0001694951164219581,0.0019280069492997732,0.00031780334329117144,0.000805101803004301,0.00019068200597470284,0.0027119218627513295,6.356066865823429e-05,6.356066865823429e-05,0.0006567935761350876,0.00012712133731646857,0.0006991673552405772,0.002415305409012903,0.0010805313671899829,0.0005932329074768533,0.0015678298269031124,0.0005084853492658743,2.1186889552744762e-05,0.00012712133731646857,0.0014407084895866438,0.0004025509015021505,0.0012924002627174305,0.00014830822686921332,0.0003389902328439162,0.0001694951164219581,0.0003389902328439162,0.00023305578508019237,0.0008686624716625352
hyperides_orations,0.014828544949026877,0.004170528266913809,0.009267840593141797,0.0023169601482854493,0.004633920296570899,0.006950880444856348,0.0018535681186283596,0.0018535681186283596,0.0023169601482854493,0.0018535681186283596,0.005097312326227989,0.0009267840593141798,0.004170528266913809,0.0013901760889712697,0.0018535681186283596,0.0037071362372567192,0.005560704355885079,0.0037071362372567192,0.005097312326227989,0.006024096385542169,0.006024096385542169,0.006487488415199258,0.0018535681186283596,0.003243744207599629,0.0004633920296570899,0.0,0.0009267840593141798,0.0,0.0027803521779425394,0.0009267840593141798,0.005560704355885079,0.0013901760889712697,0.0023169601482854493,0.004633920296570899,0.0037071362372567192,0.0018535681186283596,0.0023169601482854493,0.003243744207599629,0.0,0.0013901760889712697,0.0037071362372567192,0.0004633920296570899,0.0009267840593141798,0.0004633920296570899,0.0009267840593141798,0.0004633920296570899,0.0009267840593141798,0.0004633920296570899,0.004633920296570899,0.003243744207599629,0.0023169601482854493,0.0004633920296570899,0.003243744207599629,0.0037071362372567192,0.0037071362372567192,0.0,0.0,0.0027803521779425394,0.0023169601482854493,0.0009267840593141798,0.0004633920296570899,0.0023169601482854493,0.005097312326227989,0.0023169601482854493,0.0018535681186283596,0.0013901760889712697,0.0027803521779425394,0.0023169601482854493,0.0027803521779425394,0.0004633920296570899,0.0027803521779425394,0.0004633920296570899,0.0027803521779425394,0.0009267840593141798,0.0009267840593141798,0.0027803521779425394,0.0013901760889712697,0.0,0.0004633920296570899,0.0023169601482854493,0.0018535681186283596,0.0013901760889712697,0.0004633920296570899,0.0,0.0004633920296570899,0.0037071362372567192,0.0013901760889712697,0.0023169601482854493,0.0018535681186283596,0.0013901760889712697,0.004633920296570899,0.0,0.004170528266913809,0.0013901760889712697,0.006024096385542169,0.003243744207599629,0.0,0.0009267840593141798,0.0013901760889712697,0.0013901760889712697,0.0,0.0,0.0004633920296570899,0.0037071362372567192,0.0004633920296570899,0.0009267840593141798,0.0,0.0023169601482854493,0.0,0.0009267840593141798,0.0037071362372567192,0.0027803521779425394,0.0027803521779425394,0.0004633920296570899,0.0013901760889712697,0.0009267840593141798,0.0018535681186283596,0.0,0.0,0.0027803521779425394,0.0023169601482854493,0.0009267840593141798,0.0018535681186283596,0.0013901760889712697,0.0009267840593141798,0.0018535681186283596,0.0004633920296570899,0.0009267840593141798,0.0009267840593141798,0.0,0.0009267840593141798,0.0013901760889712697,0.0023169601482854493,0.0,0.0013901760889712697,0.004633920296570899,0.0018535681186283596,0.0004633920296570899,0.0013901760889712697,0.0004633920296570899,0.0023169601482854493,0.0004633920296570899,0.004633920296570899,0.0,0.0,0.0,0.0013901760889712697,0.0004633920296570899,0.0009267840593141798,0.0023169601482854493,0.0013901760889712697,0.0009267840593141798,0.0004633920296570899,0.0,0.0,0.0009267840593141798,0.004170528266913809,0.0004633920296570899,0.0,0.0009267840593141798,0.0,0.0023169601482854493,0.0009267840593141798,0.0009267840593141798,0.0,0.0009267840593141798,0.0018535681186283596,0.0,0.0004633920296570899,0.0,0.0,0.004170528266913809,0.0023169601482854493,0.0004633920296570899,0.0009267840593141798,0.0004633920296570899,0.0009267840593141798,0.0013901760889712697,0.0027803521779425394,0.0013901760889712697,0.0009267840593141798,0.0009267840593141798,0.0004633920296570899,0.0018535681186283596,0.0004633920296570899,0.0018535681186283596,0.0004633920296570899,0.0,0.0004633920296570899,0.0,0.0004633920296570899,0.0027803521779425394,0.0,0.0009267840593141798,0.0013901760889712697,0.0004633920296570899,0.0,0.0018535681186283596,0.004170528266913809,0.0013901760889712697
lxx_genesis,0.03594593615248034,0.01931369351741131,0.01617929485088959,0.009729318404174367,0.00012682537957024314,0.006214443598941914,0.008587889988042179,0.002210385186795666,0.001014603036561945,0.003967822589411893,0.001286371707069609,0.005199840562379969,0.005670906257926586,0.0028626299960140596,0.007663876508316121,0.0012320179729680763,0.0006160089864840381,0.004402652462224155,0.0032612240460919667,0.0014131970866398521,0.0008153060115229917,0.00025365075914048627,0.001467550820741385,0.001105192593397833,0.0031706344892560787,0.0015581403775772728,0.0015219045548429176,0.0010870746820306554,0.001105192593397833,0.0004710656955466174,0.003369931514295032,0.0005254194296481501,0.0014856687321085625,0.0024640359459361526,0.0005616552523825053,0.001068956770663478,0.002210385186795666,0.0016306120230459833,0.00010870746820306555,0.0004529477841794398,0.0012139000616008986,0.00010870746820306555,0.0004167119614450846,0.002264738920897199,0.0006884806319527485,0.0,0.000489183606913795,0.0014856687321085625,0.00025365075914048627,0.0002174149364061311,0.002880747907381237,0.00012682537957024314,0.00034424031597637424,0.0011414284161321883,0.000489183606913795,0.0,0.0004167119614450846,0.0009058955683588796,0.0018299090480849369,0.0008515418342573468,0.000887777656991702,0.0010508388592963003,0.0008696597456245244,0.001376961263905497,0.001014603036561945,0.00039859405007790704,0.0008334239228901693,0.0005616552523825053,0.0003804761387107294,0.00014494329093742075,0.0009964851251947676,0.0023009747436315542,0.00027176867050766385,0.0002898865818748415,0.000887777656991702,0.00010870746820306555,0.0003623582273435518,0.00097836721382759,0.00032612240460919666,0.0009421313910932348,0.0002898865818748415,0.0007247164546871036,0.0006522448092183933,0.0,0.0004710656955466174,0.0016124941116788056,0.0013407254411711418,0.0004167119614450846,0.0008334239228901693,0.004493242019060042,0.0008696597456245244,0.002753922527810994,0.0025546255027720406,0.0010870746820306554,0.0010508388592963003,0.0008696597456245244,3.6235822734355186e-05,0.0019023806935536472,0.0020110881617567125,0.002246621009530021,0.000887777656991702,0.001014603036561945,0.001376961263905497,0.0034786389824980977,0.0004710656955466174,0.00010870746820306555,0.0001811791136717759,0.0004710656955466174,0.0,0.0005254194296481501,0.0011414284161321883,0.0011233105047650106,0.0007971881001558141,0.0009240134797260572,0.002264738920897199,0.0002174149364061311,0.001467550820741385,0.0007971881001558141,0.001105192593397833,0.0012320179729680763,0.0003080044932420191,0.0018299090480849369,0.0004167119614450846,0.00195673442765518,0.00032612240460919666,0.0006341268978512157,0.002047323984491068,0.0003080044932420191,9.058955683588796e-05,0.0016306120230459833,0.002663332970975106,0.000887777656991702,0.00034424031597637424,0.0004348298728122622,0.0002174149364061311,0.00025365075914048627,0.0006703627205855709,0.0021922672754284885,0.0005254194296481501,0.0023009747436315542,0.0016306120230459833,0.0003080044932420191,0.0009421313910932348,3.6235822734355186e-05,0.00016306120230459833,0.0014131970866398521,0.0005978910751168606,0.0006884806319527485,0.001376961263905497,0.0021016777185926005,0.0005073015182809725,0.0004167119614450846,0.001866144870819292,0.00014494329093742075,0.0016306120230459833,0.0010870746820306554,0.0002174149364061311,0.00097836721382759,0.0021560314526941336,0.0014494329093742073,0.0005254194296481501,0.00039859405007790704,0.002137913541326956,0.0005254194296481501,7.247164546871037e-05,0.0010508388592963003,0.001068956770663478,0.0,0.00012682537957024314,1.8117911367177593e-05,0.0004710656955466174,0.000579773163749683,0.00019929702503895352,0.0009602493024604123,0.0006160089864840381,5.4353734101532776e-05,0.0004529477841794398,0.0007065985433199261,0.001068956770663478,0.0009602493024604123,0.0011957821502337211,9.058955683588796e-05,0.0009964851251947676,0.00016306120230459833,0.0005073015182809725,0.00039859405007790704,0.0004710656955466174,5.4353734101532776e-05,0.002971337464217125,0.0010870746820306554,0.0003080044932420191,0.00014494329093742075,0.00012682537957024314,0.00039859405007790704,5.4353734101532776e-05,0.0,0.0010870746820306554,0.0005073015182809725,0.0,0.0004348298728122622
lxx_exodus,0.03286766298462205,0.015143310952277814,0.012020792722547108,0.006569922749259981,5.4147714966428416e-05,0.007562630856977836,0.004819146632012129,0.00469280196375713,0.0010829542993285683,0.0036820446177171324,0.0012453974442278536,0.006587971987582124,0.005829903978052126,0.0031947151830192767,0.003158616706374991,0.004024980145837845,0.0018771207855028517,0.004097177099126417,0.004909392823622843,0.001119052775972854,0.0007761172478521406,0.0004692801963757129,0.0008663634394628547,0.0009566096310735687,0.0036459461410728467,0.0016244314489928524,0.0008122157244964262,0.0011371020142949967,0.0008302649628185691,0.00023464009818785646,0.003591798426106418,0.0002526893365099993,0.0019673669771135657,0.0037542415710057034,0.00023464009818785646,0.0007761172478521406,0.004205472529059274,0.002238105551945708,0.00010829542993285683,0.0004512309580535701,0.0006678218179192838,0.00010829542993285683,0.0007580680095299979,0.00296007508483142,0.0015161360190599957,9.024619161071403e-05,0.00036098476644285613,0.0007761172478521406,0.0002526893365099993,0.0004692801963757129,0.0024185979351671358,0.0002707385748321421,0.00019854162154357087,0.00037903400476499893,0.0010468558226842826,7.219695328857122e-05,0.0007039202945635694,0.0006136741029528554,0.003375207566240705,0.0005053786730199986,0.0009385603927514258,0.0008483142011407119,0.0012092989675835679,0.001678579163959281,0.0006136741029528554,0.0005414771496642842,0.0010468558226842826,0.0005956248646307126,0.00019854162154357087,0.0007580680095299979,0.0011732004909392824,0.0012814959208721393,0.00010829542993285683,0.00021659085986571366,5.4147714966428416e-05,0.00043318171973142733,0.0003248862897985705,0.0055411161648978415,0.0006678218179192838,0.0011371020142949967,0.0003248862897985705,0.0007039202945635694,0.0013536928741607105,5.4147714966428416e-05,0.0008122157244964262,0.0018229730705364234,0.0038444877626164177,0.0003429355281207133,0.005125983683488557,0.0016966284022814238,0.0010107573460399972,0.0038444877626164177,0.002689336509999278,0.0017146776406035665,0.0017868745938921377,0.0004512309580535701,5.4147714966428416e-05,0.0006858710562414266,0.0012453974442278536,0.0019132192621471374,0.004024980145837845,0.0003068370514764277,0.0014619883040935672,0.0027434842249657062,0.0009746588693957114,0.0,7.219695328857122e-05,0.0008483142011407119,0.0,0.0009927081077178543,0.0024005486968449933,0.0014258898274492817,0.0007941664861742835,0.00039708324308714173,0.0019854162154357086,0.0002707385748321421,0.002039563930402137,0.00019854162154357087,0.0016063822106707098,0.00102880658436214,0.0005234279113421413,0.004097177099126417,0.00018049238322142807,0.0022020070753014224,0.0005234279113421413,0.0006678218179192838,0.0011732004909392824,0.0005414771496642842,9.024619161071403e-05,0.0012092989675835679,0.002887878131542849,0.0007219695328857123,0.0004512309580535701,0.0005053786730199986,5.4147714966428416e-05,0.0003248862897985705,0.0007580680095299979,0.0005956248646307126,0.00037903400476499893,0.0006858710562414266,0.00036098476644285613,0.0007039202945635694,0.0016605299256371381,1.8049238322142805e-05,0.00016244314489928524,0.0021839578369792795,0.0006136741029528554,7.219695328857122e-05,0.0032127644213414196,0.001859071547180709,0.0006317233412749982,0.0004873294346978557,0.0011551512526171395,0.00014439390657714244,0.0003429355281207133,0.00043318171973142733,0.00016244314489928524,0.0008122157244964262,0.0012634466825499964,0.0032308136596635624,0.0014439390657714245,0.0005414771496642842,0.001389791350804996,0.0006678218179192838,0.0,0.001389791350804996,0.0012092989675835679,0.0,1.8049238322142805e-05,0.0,0.0002526893365099993,0.0003248862897985705,0.00019854162154357087,0.0002887878131542849,3.609847664428561e-05,0.0003068370514764277,0.0003429355281207133,0.000559526387986427,0.0010829542993285683,0.0009746588693957114,0.002599090318388564,0.0003068370514764277,0.0002707385748321421,0.00010829542993285683,0.0007761172478521406,0.0014619883040935672,0.000559526387986427,5.4147714966428416e-05,0.001859071547180709,0.002942025846509277,3.609847664428561e-05,0.00019854162154357087,0.00010829542993285683,0.00043318171973142733,0.00010829542993285683,1.8049238322142805e-05,0.002725434986643564,0.0006678218179192838,7.219695328857122e-05,0.0003068370514764277
theophrastus_characters,0.032366431940047805,0.002325731636410621,0.005405172599435795,0.0006137347373861361,0.006756465749294743,0.007370200486680879,0.002524926244158753,0.0060565928031526585,0.0042153885909942505,0.0012705385791502465,0.007644766027090467,0.0038116157374507398,0.004123866744191055,0.0005383638047246807,7.53709326614553e-05,0.0024172534832138165,0.0028102590606628335,0.0025572280724422336,0.001647393242457523,0.0023903352929775827,0.0029233154596550164,0.002740271766048625,0.0007429420505200594,0.001873506040441889,0.001114413075780089,0.0010013566767879062,0.0018788896784891359,0.0007698602407562935,0.002228826151560178,0.001975795163339578,0.00355858474923014,0.0019058078687253699,0.003607037491655361,0.0012382367508667657,0.0014858841010401188,0.0016366259663630296,0.0037900811852617524,0.0013889786161896762,0.0016097077761267954,0.001679695070741004,0.0014805004629928722,0.0015612550337015742,0.0010821112474966082,0.00033916919697654885,0.003580119301419127,0.002573378986583974,0.0012059349225832848,0.00045222559596873183,7.53709326614553e-05,0.0013028404074337274,0.0018250532980166676,5.383638047246808e-06,0.0017604496414497062,0.0020457824579537868,0.0027564226801903655,0.0,6.99872946142085e-05,0.0017766005555914465,0.0032301828283480844,0.000812929345134268,0.001313607683528221,0.002282662532032646,0.0008183129831815148,0.0012328531128195188,0.004204621314899757,0.0004360746818269914,0.002584146262678468,2.153455218898723e-05,2.153455218898723e-05,0.00019381096970088506,0.0006137347373861361,0.00040377285354351055,6.99872946142085e-05,0.003806232099403493,0.00024764735017335313,0.0012759222171974934,0.0014320477205676508,0.0008236966212287615,0.0007429420505200594,0.0012759222171974934,0.0012167021986777785,3.768546633072765e-05,0.001372827702047936,0.00017227641751189785,0.0,0.0021911406852294507,0.0011305639899218296,0.0017712169175441996,0.0010982621616383488,4.306910437797446e-05,0.0017712169175441996,0.00019381096970088506,0.002228826151560178,0.0010498094192131274,0.0017712169175441996,0.000839847535370502,0.00039300557744901697,0.0002853328165040808,0.00031225100674031484,0.0014374313586148976,0.00033916919697654885,1.0767276094493615e-05,0.00015612550337015742,0.002374184378835842,0.001065960333354868,0.0005275965286301871,1.0767276094493615e-05,0.0012705385791502465,4.306910437797446e-05,0.0009636712104571785,0.0006137347373861361,0.001900424230678123,0.0016097077761267954,0.0013243749596227147,0.0012813058552447402,0.00204039881990654,0.001006740314835153,5.922001851971488e-05,0.0005652819949609148,0.003079440963025174,0.0,0.0004414583198742382,0.0002045782457953787,0.001345909511811702,0.0,0.0017873678316859402,0.0003499364730710425,1.0767276094493615e-05,0.0005168292525356935,0.00013459095118117017,0.0017712169175441996,0.003800848461356246,0.0005275965286301871,2.153455218898723e-05,0.0004576092340159786,0.0004360746818269914,0.002842560888946314,0.0002045782457953787,0.0005275965286301871,4.306910437797446e-05,0.0009044511919374637,1.6150914141740423e-05,0.0021103861145207485,4.306910437797446e-05,0.0005060619764412,0.001846587850205655,0.0014589659108038848,0.0002207291599371191,0.0012974567693864805,0.0010767276094493614,0.0003714710252600297,0.003359390141482008,0.0006621874798113574,4.306910437797446e-05,0.0003714710252600297,9.152184680319573e-05,0.00033378555892930206,0.0006083510993388893,0.00011305639899218296,3.2301828283480846e-05,0.002401102569072076,5.922001851971488e-05,0.0015128022912763528,0.0006298856515278765,2.691819023623404e-05,0.0006083510993388893,0.002288046170079893,0.0,1.6150914141740423e-05,0.0008021620690397744,0.0001453582272756638,0.00018304369360639145,0.0008075457070870211,4.306910437797446e-05,1.6150914141740423e-05,0.0007860111548980339,0.001647393242457523,0.001292073131339234,0.001087494885543855,0.0,0.0003607037491655361,0.0008344638973232551,0.00013459095118117017,0.0014697331868983785,0.0013297585976699614,0.0021480715808514764,0.0013028404074337274,5.383638047246808e-06,0.0009690548485044254,3.2301828283480846e-05,0.00011305639899218296,0.0012220858367250253,0.000279949178456834,0.0034778301785214375,0.00015612550337015742,1.6150914141740423e-05,0.0004306910437797446,0.0002745655404095872,0.00033916919697654885,0.0016850787087882508
theophrastus_historia_plantarum,0.03207827594748576,0.005201882586078771,0.00582115432251672,0.001114689125588308,0.004087193460490463,0.006811989100817439,0.0019816695566014365,0.0032202130294773346,0.00569729997522913,0.0027247956403269754,0.008793658657418876,0.004211047807778053,0.004582610849640822,0.0006192717364379489,0.0,0.0013623978201634877,0.0026009412930393856,0.0034679217240525142,0.0012385434728758979,0.003715630418627694,0.0034679217240525142,0.0012385434728758979,0.001114689125588308,0.003096358682189745,0.0004954173891503591,0.0008669804310131286,0.0019816695566014365,0.0008669804310131286,0.002972504334902155,0.002229378251176616,0.003591776071340104,0.0021055239038890263,0.004087193460490463,0.0008669804310131286,0.0,0.001114689125588308,0.006440426058954669,0.0017339608620262571,0.0017339608620262571,0.0034679217240525142,0.0004954173891503591,0.0017339608620262571,0.0004954173891503591,0.0007431260837255387,0.003096358682189745,0.003591776071340104,0.0012385434728758979,0.0009908347783007183,0.0,0.0004954173891503591,0.0012385434728758979,0.0,0.0017339608620262571,0.002972504334902155,0.004830319544216002,0.0,0.00012385434728758978,0.0016101065147386673,0.0060688630170919,0.00024770869457517957,0.0021055239038890263,0.0043349021550656425,0.0012385434728758979,0.0014862521674510775,0.003591776071340104,0.0021055239038890263,0.004582610849640822,0.0,0.0,0.0006192717364379489,0.0013623978201634877,0.0009908347783007183,0.0,0.001857815209313847,0.00012385434728758978,0.0019816695566014365,0.0014862521674510775,0.003096358682189745,0.0,0.0017339608620262571,0.0009908347783007183,0.00012385434728758978,0.0006192717364379489,0.0012385434728758979,0.0,0.0013623978201634877,0.0004954173891503591,0.0014862521674510775,0.0012385434728758979,0.0,0.0027247956403269754,0.00024770869457517957,0.0017339608620262571,0.0016101065147386673,0.0014862521674510775,0.0014862521674510775,0.001114689125588308,0.0006192717364379489,0.0004954173891503591,0.0014862521674510775,0.002353232598464206,0.00024770869457517957,0.0,0.0017339608620262571,0.001114689125588308,0.00012385434728758978,0.0,0.004211047807778053,0.0,0.0003715630418627694,0.0016101065147386673,0.0008669804310131286,0.0017339608620262571,0.0016101065147386673,0.0012385434728758979,0.0032202130294773346,0.002229378251176616,0.0,0.0007431260837255387,0.003096358682189745,0.0,0.0,0.0019816695566014365,0.0014862521674510775,0.0,0.0014862521674510775,0.00024770869457517957,0.0,0.0004954173891503591,0.0003715630418627694,0.0009908347783007183,0.003591776071340104,0.001114689125588308,0.0,0.0004954173891503591,0.0013623978201634877,0.0021055239038890263,0.00012385434728758978,0.0006192717364379489,0.00012385434728758978,0.0014862521674510775,0.0,0.0019816695566014365,0.0,0.0,0.003591776071340104,0.0008669804310131286,0.0038394847659152837,0.0017339608620262571,0.0004954173891503591,0.0007431260837255387,0.0021055239038890263,0.0003715630418627694,0.0,0.0,0.0,0.00012385434728758978,0.0013623978201634877,0.00012385434728758978,0.00012385434728758978,0.0043349021550656425,0.0,0.0033440673767649244,0.002229378251176616,0.0,0.0003715630418627694,0.0016101065147386673,0.0,0.0,0.002972504334902155,0.0009908347783007183,0.0013623978201634877,0.0003715630418627694,0.0,0.0,0.001114689125588308,0.0014862521674510775,0.0008669804310131286,0.0013623978201634877,0.0,0.0,0.0027247956403269754,0.0,0.0013623978201634877,0.0007431260837255387,0.0016101065147386673,0.0014862521674510775,0.0,0.0019816695566014365,0.00012385434728758978,0.0,0.001114689125588308,0.00012385434728758978,0.0012385434728758979,0.0016101065147386673,0.00012385434728758978,0.0003715630418627694,0.0,0.0004954173891503591,0.001114689125588308
lxx_1kingdoms,0.044772740136978545,0.017377030622063735,0.013782758815871399,0.009396049131148469,0.0,0.004330106979113602,0.006424407086658743,0.003679175864606328,0.0,0.00633950302824475,0.000877341936944586,0.003537669100583008,0.004839531329597555,0.0028301352804664063,0.0037640799230203204,0.0016697798154751797,0.0007924378785305938,0.0028018339276617422,0.0030282447500990547,0.00090564328974925,0.0011886568177958906,0.0005660270560932813,0.0038206826286296485,0.001330163581819211,0.003169751514122375,0.0017263825210845078,0.0011320541121865625,0.001330163581819211,0.00090564328974925,0.0005094243504839531,0.0025471217524197657,0.0005094243504839531,0.0033961623365596876,0.0023773136355917813,0.002207505518763797,0.0005660270560932813,0.002773532574857078,0.0011886568177958906,0.00016980811682798438,0.0006509311145072734,0.00025471217524197657,0.00016980811682798438,0.0005943284088979453,0.0016980811682798438,0.0015282730514518594,0.00011320541121865625,0.0007641365257259297,0.0009622459953585781,0.0005660270560932813,0.00028301352804664063,0.002603724458029094,5.6602705609328126e-05,0.00028301352804664063,0.0005660270560932813,0.0009905473481632422,0.0,0.0005377257032886172,0.0009339446425539141,0.002320710929982453,0.0009622459953585781,0.0006226297617026094,0.0005943284088979453,0.0011320541121865625,0.0024339163412011094,0.0005660270560932813,0.0009339446425539141,0.0007075338201166016,0.0009905473481632422,0.0015848757570611875,0.00042452029206996094,0.0015282730514518594,0.0018112865794985,0.0009905473481632422,0.001839587932303164,0.001358464934623875,0.00014150676402332031,5.6602705609328126e-05,0.0016980811682798438,0.0007358351729212656,0.0006509311145072734,0.00019810946963264844,0.0005660270560932813,0.0007075338201166016,0.00019810946963264844,0.00090564328974925,0.0024056149883964453,0.0029150393388803985,0.0005377257032886172,0.0009339446425539141,0.001301862229014547,0.0009905473481632422,0.0019810946963264844,0.0024622176940057735,0.0025471217524197657,0.0006226297617026094,0.000452821644874625,0.0,0.0018112865794985,0.0018961906379124922,0.0015282730514518594,0.0012452595234052188,0.001754683873889172,0.0017263825210845078,0.0032546555725363672,0.0007075338201166016,5.6602705609328126e-05,5.6602705609328126e-05,0.0003962189392652969,5.6602705609328126e-05,0.00025471217524197657,0.0011037527593818985,0.0011886568177958906,0.0009622459953585781,0.0020093960491311485,0.0015565744042565235,0.002773532574857078,0.0005377257032886172,0.0015282730514518594,0.0007924378785305938,0.0007641365257259297,0.00028301352804664063,0.003594271806192336,0.00042452029206996094,0.0011603554649912266,0.0002264108224373125,0.0006226297617026094,0.003990490745457633,0.00019810946963264844,0.00011320541121865625,0.001330163581819211,0.0011886568177958906,0.0009622459953585781,0.0005377257032886172,0.0007924378785305938,5.6602705609328126e-05,0.00042452029206996094,0.00090564328974925,0.0015565744042565235,0.000452821644874625,0.0009622459953585781,0.0011886568177958906,0.0010188487009679063,0.0011320541121865625,0.0,8.490405841399219e-05,0.0011320541121865625,0.000452821644874625,0.00014150676402332031,0.0011320541121865625,0.001386766287428539,0.00033961623365596876,0.0010188487009679063,0.002320710929982453,8.490405841399219e-05,8.490405841399219e-05,0.0005377257032886172,0.0003113148808513047,0.0005377257032886172,0.0021226014603498047,0.0030282447500990547,0.0005377257032886172,0.00028301352804664063,0.0006226297617026094,0.0003113148808513047,0.0,0.0018961906379124922,0.002632025810833758,0.0,5.6602705609328126e-05,0.0,0.00048112299767928907,0.00016980811682798438,0.0002264108224373125,0.0007641365257259297,0.0010471500537725703,8.490405841399219e-05,0.0003962189392652969,0.00033961623365596876,0.0005094243504839531,0.0010188487009679063,0.0034810663949736797,0.00011320541121865625,0.0015565744042565235,0.00011320541121865625,0.00042452029206996094,0.0018961906379124922,0.0005094243504839531,0.0007641365257259297,0.0016697798154751797,0.0029433406916850625,0.00011320541121865625,0.00025471217524197657,5.6602705609328126e-05,0.00033961623365596876,0.00025471217524197657,0.0,0.002207505518763797,0.0002264108224373125,2.8301352804664063e-05,0.0005094243504839531
apollodorus_library,0.01335602675933149,0.0064652625109330305,0.00496418693709666,0.00153653405195849,0.003604945275748765,0.0034631113632602887,0.005472425123513699,0.002564829917499941,0.0008628229676382289,0.003569486797626646,0.002683024844573671,0.004125002954873177,0.00685530577027634,0.002978512162257996,0.001713826442569085,0.002742122308110536,0.0032385410018202017,0.0039122520861404626,0.002978512162257996,0.0016429094863248468,0.002694844337281044,0.0021393281800345127,0.000425501737465428,0.001501075573836371,0.002292981585230362,0.0019502162967165448,0.004680519112119708,0.001607451008202728,0.0016429094863248468,0.001323783183225776,0.002907595206013758,0.001501075573836371,0.001631089993617474,0.002103869701912394,0.000780086518686618,0.000200931376025341,0.0013119636905184028,0.004195919911117415,0.00028366782497695197,0.000803725504101364,0.00028366782497695197,0.00028366782497695197,0.002411176512304092,0.000330945795806444,0.001347422168640522,0.000260028839562206,0.004526865706923859,0.003474930855967662,0.000307306810391698,0.0012883247051036569,0.0029312341914285037,0.00014183391248847598,0.00082736448951611,0.0005673356499539039,0.000910100938467721,0.0,0.00011819492707373,0.0054960641089284445,0.001016476372834078,0.0013119636905184028,0.000851003474930856,0.000768267025979245,0.000969198402004586,0.0019620357894239177,0.0011110323144930619,0.0005555161572465309,0.002103869701912394,0.000130014419781103,9.4555941658984e-05,0.000969198402004586,0.000815544996808737,0.001382880646762641,0.000165472897903222,0.000697350069735007,0.001394700139470014,9.4555941658984e-05,0.001051934850956197,0.0012646857196889109,0.001477436588421625,0.001808382384228069,0.0007209890551497529,7.091695624423799e-05,0.001512895066543744,0.00023638985414746,0.000342765288513817,0.003214902016405456,0.001371061154055268,0.001406519632177387,0.00023638985414746,0.001512895066543744,0.002493912961255703,0.000413682244758055,0.001347422168640522,0.00044914072288017396,0.000685530577027634,0.0008628229676382289,0.000271848332269579,0.000744628040564499,0.000260028839562206,0.000260028839562206,0.00036640427392856296,0.001512895066543744,0.000543696664539158,0.001820201876935442,0.0008864619530529749,1.1819492707373e-05,0.0,0.001040115358248824,0.0,0.001713826442569085,0.0017256459352764579,0.001051934850956197,0.00130014419781103,0.001548353544665863,0.000768267025979245,0.000378223766635936,0.002281162092522989,0.0011346712999078079,4.7277970829492e-05,0.001914757818594426,0.0,0.000271848332269579,9.4555941658984e-05,0.000401862752050682,0.0,0.001241046734274165,0.000401862752050682,0.000165472897903222,0.000413682244758055,0.001347422168640522,0.001359241661347895,0.0017256459352764579,0.0008746424603456019,0.00014183391248847598,0.000130014419781103,0.000460960215587547,0.000673711084320261,0.001453797603006879,0.0008746424603456019,0.000602794128076023,0.0007328085478571259,0.0,0.00023638985414746,4.7277970829492e-05,0.000200931376025341,0.001914757818594426,0.0011819492707373,0.00023638985414746,0.000638252606198142,0.001666548471739593,0.001713826442569085,0.000602794128076023,0.000839183982223483,0.000685530577027634,5.9097463536865e-05,0.000200931376025341,0.000189111883317968,0.000744628040564499,0.000212750868732714,8.2736448951611e-05,0.000697350069735007,0.000153653405195849,0.00189111883317968,0.000921920431175094,0.00014183391248847598,0.001040115358248824,0.00165472897903222,0.000661891591612888,0.0007091695624423799,4.7277970829492e-05,2.3638985414746e-05,1.1819492707373e-05,0.0015719925300806089,0.000106375434366357,0.000390043259343309,7.091695624423799e-05,0.000200931376025341,0.000153653405195849,0.001702006949861712,0.0,0.00022457036144008698,0.000248209346854833,0.0008864619530529749,0.000200931376025341,0.000614613620783396,0.0009810178947119589,0.00035458478122118997,0.00036640427392856296,0.0016429094863248468,1.1819492707373e-05,0.000130014419781103,0.000697350069735007,0.000295487317684325,0.001430158617592133,3.5458478122118996e-05,0.000106375434366357,0.000543696664539158,0.001028295865541451,0.00011819492707373,0.000260028839562206
lxx_judith,0.03368750918082554,0.022572589727268277,0.009694951770063165,0.00739362483474514,0.0,0.01008666699309602,0.0045536894677569405,0.0020565049209224895,0.001273074474856779,0.0062674435685256815,0.0011261812662194586,0.009058414532634774,0.0055819419282181855,0.007736375654898889,0.003966116633207658,0.003084757381383734,0.0014199676834940997,0.004994369093668903,0.00519022670518533,0.0011261812662194586,0.0012241100719776721,0.0014689320863732066,0.001762718503647848,0.0012241100719776721,0.0034764726044165892,0.0028399353669881994,0.0010282524604612448,0.0028399353669881994,0.0010282524604612448,0.00029378641727464136,0.004798511482152475,0.00024482201439553447,0.0020565049209224895,0.004455760661998727,0.0011261812662194586,0.0011261812662194586,0.0031337217842628408,0.001273074474856779,0.0,0.0009792880575821379,0.0005875728345492827,0.0,0.000440679625911962,0.006806052000195858,0.0009792880575821379,4.896440287910689e-05,0.0006365372374283895,0.0015178964892523135,0.0004896440287910689,0.00014689320863732068,0.0024482201439553443,0.00014689320863732068,0.00014689320863732068,0.0015178964892523135,0.0007344660431866033,0.0,9.792880575821377e-05,0.0006855016403074964,0.002595113352592665,0.0011751456690985655,0.0012241100719776721,0.0010772168633403517,0.0004896440287910689,0.0032316505900210546,0.00024482201439553447,0.00029378641727464136,0.0005875728345492827,0.00029378641727464136,0.0004896440287910689,0.0007834304460657102,0.00019585761151642755,0.0014199676834940997,0.0003917152230328551,0.0003427508201537482,0.001762718503647848,0.0003917152230328551,0.0,0.0012241100719776721,0.0007834304460657102,0.00220339812955981,0.0007834304460657102,0.00029378641727464136,0.0019096117122851686,9.792880575821377e-05,0.0005386084316701758,0.0033295793957792683,0.0011751456690985655,0.00014689320863732068,0.0010772168633403517,0.0018606473094060617,0.0016647896978896342,0.0032316505900210546,0.0018606473094060617,0.0018116829065269549,0.0010282524604612448,0.0004896440287910689,0.0,0.0009792880575821379,0.002252362532438917,0.0033295793957792683,0.0010772168633403517,0.0009792880575821379,0.0034764726044165892,0.0020565049209224895,0.0013710032806149928,9.792880575821377e-05,4.896440287910689e-05,0.0003427508201537482,0.0,0.000881359251823924,0.001322038877735886,0.0011751456690985655,0.0004896440287910689,0.001322038877735886,0.0033785437986583755,0.0005875728345492827,0.002693042158350879,0.0009303236547030309,0.0009303236547030309,0.0010772168633403517,9.792880575821377e-05,0.0014199676834940997,0.0008323948489448171,0.001713754100768741,4.896440287910689e-05,0.00014689320863732068,0.0016158252950105273,0.00014689320863732068,0.0003917152230328551,0.000881359251823924,0.0021544337266807033,0.0012241100719776721,0.0003917152230328551,0.0003427508201537482,9.792880575821377e-05,0.00024482201439553447,0.0009303236547030309,0.001273074474856779,0.002595113352592665,0.0005386084316701758,0.0004896440287910689,0.0005875728345492827,0.0004896440287910689,0.0,9.792880575821377e-05,0.002301326935318024,4.896440287910689e-05,0.00014689320863732068,0.0010772168633403517,0.0023992557410762376,0.000440679625911962,0.0007834304460657102,0.0015178964892523135,0.00014689320863732068,0.00029378641727464136,0.00029378641727464136,0.00014689320863732068,0.0009303236547030309,0.0019096117122851686,0.001273074474856779,0.0009303236547030309,0.00014689320863732068,0.0006855016403074964,0.0015668608921314204,4.896440287910689e-05,0.002105469323801596,0.0024482201439553443,0.0,0.00014689320863732068,0.0,0.0004896440287910689,0.00014689320863732068,0.00019585761151642755,0.0013710032806149928,0.0015668608921314204,0.00024482201439553447,0.0005386084316701758,0.0004896440287910689,0.0012241100719776721,4.896440287910689e-05,0.0013710032806149928,0.0,0.0007344660431866033,0.000440679625911962,0.00019585761151642755,0.0005386084316701758,0.0005386084316701758,0.0005386084316701758,0.0018606473094060617,0.0010772168633403517,0.0003917152230328551,0.0003917152230328551,4.896440287910689e-05,0.0006855016403074964,0.0006365372374283895,0.0,0.0005386084316701758,0.0003917152230328551,0.0003427508201537482,0.0005386084316701758
lxx_2maccabees,0.01666580538473464,0.005193530050126609,0.0071055759392279465,0.0023512996744354296,0.00046509224329492014,0.0067438375277763425,0.007880729678052813,0.0008268306547465248,0.0010593767763939848,0.0028163919177303497,0.004134153273732624,0.0038240917782026767,0.006175391452638106,0.0036690610304377035,0.002092915094827141,0.004650922432949202,0.005426076171774068,0.0044442147692625705,0.004831791638675004,0.003255645703064441,0.0021187535527879696,0.0024546535062787453,0.000258384579608289,0.001550307477649734,0.0024288150483179165,0.003074776497338639,0.004392537853340913,0.0028680688336520078,0.0015761459356105627,0.002170430468709627,0.004030799441889308,0.0022221073846312852,0.0023771381323962584,0.004030799441889308,0.0009043460286290114,0.000516769159216578,0.0046250839749883725,0.0023512996744354296,0.0005684460751382357,0.0010852152343548136,0.00036173841145160457,0.0005684460751382357,0.0011885690661981292,0.00046509224329492014,0.0008785075706681826,0.000258384579608289,0.003849930236163506,0.002506330422200403,0.00028422303756911785,0.001033538318433156,0.002532168880161232,5.16769159216578e-05,0.002092915094827141,0.0008009921967856959,0.0028163919177303497,2.58384579608289e-05,0.0001291922898041445,0.00328148416102527,0.004030799441889308,0.0010852152343548136,0.0011110536923156426,0.0011110536923156426,0.0016794997674538783,0.004315022479458426,0.0009301844865898403,0.0009301844865898403,0.0019378843470621674,0.0001033538318433156,0.000258384579608289,0.0011110536923156426,0.0002067076636866312,0.0012144075241589582,0.00015503074776497338,0.0008526691127073537,0.0012144075241589582,0.00031006149552994676,0.00046509224329492014,0.0007234768229032091,0.001033538318433156,0.0035915456565552167,0.0015244690196889049,0.000516769159216578,0.0016019843935713917,0.00015503074776497338,0.0010852152343548136,0.003539868740633559,0.0029714226654953234,0.0009301844865898403,0.0004134153273732624,0.0008526691127073537,0.0034106764508294147,0.00033589995349077566,0.002506330422200403,0.0006976383649423802,0.001266084440080616,0.0015244690196889049,0.0001033538318433156,0.0004134153273732624,0.000749315280864038,0.001266084440080616,0.0006201229910598935,0.002015399720944654,0.0008526691127073537,0.0026871996279262053,0.0023771381323962584,0.00023254612164746007,0.0,0.001498630561728076,0.0,0.0016019843935713917,0.0026613611699653765,0.001033538318433156,0.0010593767763939848,0.0024546535062787453,0.001550307477649734,0.0004392537853340913,0.0031522918712211254,0.0019120458891013384,0.0002067076636866312,0.0017311766833755361,5.16769159216578e-05,0.0011110536923156426,0.0004909307012557491,0.0015244690196889049,0.00031006149552994676,0.0006201229910598935,0.0005684460751382357,5.16769159216578e-05,0.0009301844865898403,0.000749315280864038,0.002299622758513772,0.001550307477649734,0.0016278228515322205,0.0006459614490207224,5.16769159216578e-05,0.00033589995349077566,0.001498630561728076,0.0006459614490207224,0.0019637228050229964,0.0009043460286290114,0.0004134153273732624,0.00015503074776497338,0.0011110536923156426,2.58384579608289e-05,0.0010852152343548136,0.0016019843935713917,0.0006201229910598935,0.0006459614490207224,0.0013435998139631027,0.0019120458891013384,0.0015244690196889049,0.0004392537853340913,0.0006717999069815513,0.00046509224329492014,0.000258384579608289,0.00028422303756911785,0.0005942845330990646,0.0013694382719239317,0.00028422303756911785,0.0006976383649423802,0.0009818614025114982,0.000258384579608289,0.0006201229910598935,0.0011368921502764714,0.0001033538318433156,0.00328148416102527,0.000775153738824867,5.16769159216578e-05,0.0001033538318433156,0.0,0.00028422303756911785,0.0005684460751382357,0.0014211151878455895,2.58384579608289e-05,0.0005942845330990646,0.0001033538318433156,0.00033589995349077566,0.0004909307012557491,0.002532168880161232,0.00015503074776497338,0.0008785075706681826,0.0002067076636866312,0.0013952767298847605,0.00046509224329492014,0.0008526691127073537,0.0006201229910598935,0.00036173841145160457,0.0006459614490207224,0.0008526691127073537,0.0005684460751382357,0.00031006149552994676,0.001007699860472327,0.00046509224329492014,0.0009560229445506692,0.00028422303756911785,0.0002067076636866312,0.0005426076171774068,0.0015761459356105627,0.00036173841145160457,0.00036173841145160457
lxx_1maccabees,0.04141530401651056,0.018931576440704874,0.011708207652008255,0.009088744245118272,0.0,0.008156056516907446,0.004961104937291633,0.0012700428639466582,0.0004564216542308303,0.006112081282743292,0.0014684870614383235,0.0043657723448166375,0.004861882838545801,0.0062708366407366245,0.005199237974281632,0.0033735513573583107,0.0012303540244483252,0.004167328147324972,0.004703127480552469,0.001190665184949992,0.0013295761231941578,0.00297666296237498,0.002163041752659152,0.0014684870614383235,0.0020241308144149867,0.002083664073662486,0.0019050642959199872,0.002043975234164153,0.0013692649626924909,0.0009326877282108271,0.0026988410858866485,0.0009326877282108271,0.003075885061120813,0.003929195110334974,0.0020241308144149867,0.0004762660739799968,0.004087950468328306,0.0006350214319733291,0.000297666296237498,0.0007937767899666614,0.0004961104937291634,0.000297666296237498,0.0006945546912208287,0.003671217653595809,0.000297666296237498,0.00013891093824416575,0.0009525321479599936,0.00148833148118749,0.00021828861724083187,0.00025797745673916494,0.0021828861724083187,0.00013891093824416575,0.0006151770122241626,0.0006548658517224956,0.001666931258929989,1.9844419749166535e-05,0.00015875535799333228,0.0009723765677091602,0.0035918399745991426,0.0009922209874583267,0.001150976345451659,0.0008136212097158279,0.000853310049214161,0.0015875535799333227,0.000555643752976663,0.0008334656294649945,0.00043657723448166375,0.000297666296237498,0.0009922209874583267,0.0003571995554849976,0.0005159549134783299,0.001785997777424988,0.00031751071598666456,0.0010319098269566597,0.0026194634068899825,0.000297666296237498,0.000297666296237498,0.0004564216542308303,0.00033735513573583106,0.002301952690903318,0.0002778218764883315,0.0006747102714716621,0.0010120654072074933,1.9844419749166535e-05,5.95332592474996e-05,0.0034727734561041433,0.0012105096046991586,0.0008136212097158279,0.0012105096046991586,0.0020241308144149867,0.001785997777424988,0.0008334656294649945,0.0022821082711541514,0.0010517542467058264,0.0007143991109699952,0.0004564216542308303,1.9844419749166535e-05,0.0012898872836958248,0.001706620098428322,0.0018256866169233212,0.0004961104937291634,0.004048261628829973,0.00349261787585331,0.0024607080488966504,0.0013097317034449912,1.9844419749166535e-05,3.968883949833307e-05,0.0011311319257024924,0.0,0.0010319098269566597,0.0031354183203683122,0.0017264645181774886,0.0014287982219399905,0.004246705826321639,0.0019447531354183205,0.000555643752976663,0.001448642641689157,0.0038101285918399745,0.0005754881727258295,0.0008731544689633275,3.968883949833307e-05,0.001111287505953326,0.001111287505953326,0.001528020320685823,0.000297666296237498,0.00025797745673916494,0.000892998888712494,0.0001190665184949992,0.00013891093824416575,0.0019050642959199872,0.0019050642959199872,0.0009922209874583267,0.0006747102714716621,0.0,5.95332592474996e-05,0.00019844419749166534,0.0004564216542308303,0.0012501984441974916,0.0006747102714716621,0.0006945546912208287,0.0007739323702174949,0.0007739323702174949,0.0004762660739799968,0.0,0.0004564216542308303,0.0016073979996824893,0.00025797745673916494,0.0006945546912208287,0.0009128433084616606,0.0018058421971741546,0.00041673281473249724,0.0004564216542308303,0.002083664073662486,0.00021828861724083187,5.95332592474996e-05,9.922209874583267e-05,0.00019844419749166534,0.0003571995554849976,0.0018852198761708208,0.000555643752976663,0.0008136212097158279,9.922209874583267e-05,0.000892998888712494,0.0005159549134783299,0.0,0.0013295761231941578,0.0023217971106524846,3.968883949833307e-05,9.922209874583267e-05,0.0,0.00013891093824416575,0.00025797745673916494,0.00025797745673916494,0.00033735513573583106,0.002083664073662486,0.00015875535799333228,0.0003968883949833307,0.0005754881727258295,0.0008334656294649945,0.00033735513573583106,0.0005159549134783299,5.95332592474996e-05,0.0033140180981108113,0.0002778218764883315,0.0002381330369899984,0.000853310049214161,0.0003770439752341642,0.0019844419749166535,0.0014684870614383235,1.9844419749166535e-05,3.968883949833307e-05,0.0007143991109699952,5.95332592474996e-05,0.0007143991109699952,0.0008334656294649945,0.0008136212097158279,0.0006548658517224956,0.0006548658517224956,7.937767899666614e-05,0.0003968883949833307
diodorus_siculus,0.011307493449883247,0.003252521903997534,0.003442991447772088,0.0013071154187276634,0.00474138307060168,0.009828810045160183,0.0040478412967050225,0.0011079220790550385,0.0015150325542983597,0.0031420204892886328,0.0037948512156609584,0.004707941852992408,0.008085504831528962,0.004623611825977719,0.0010454015417855284,0.005882746367265991,0.004886779668902866,0.006577742107145661,0.005634118184170963,0.0036029277059033927,0.0021126125733162346,0.0046047102681985655,0.0002079171355706962,0.0015659213637037748,0.0018436288664590403,0.0042412187724456,0.003544769066582918,0.003963511269690335,0.0013783597518952446,0.0017374893496991744,0.003285963121606807,0.0018000098869686845,0.0016095403431941307,0.0045043866153707465,0.0012954836908635687,0.00020210127163864874,0.0036276451276145943,0.002153323620840567,0.0002631678429251469,0.000987242902465054,0.0002718916388232181,0.0002631678429251469,0.0008723795898071168,0.0004114723731923568,0.0006993576378287054,0.0008956430455353066,0.003685803766935069,0.0027043767284020623,0.0001962854077066013,0.0005510531075614955,0.0032452520740824746,0.0001279490065050438,0.0016095403431941307,0.0013478264662519957,0.002804700381229881,0.0,0.00013085693847106754,0.002508091320695461,0.003242344142116451,0.0026709355107927893,0.0020181047844204636,0.0008680176918580812,0.0012983916228295922,0.0031507442851867037,0.0008796494197221762,0.0004841706723429499,0.0018552605943231353,7.851416308264052e-05,0.00019483144172358945,0.002935557319700948,0.00011631727864094891,0.0007458845492850849,0.0002457202511290046,0.0012780360990674263,0.0026084149735232797,0.0003213264822456214,0.0008752875217731406,0.0006935417738966579,0.0027043767284020623,0.0027843448574677147,0.002467380273171129,8.578399299769983e-05,0.0016604291525995458,0.0001730219519784115,0.00015121246223323358,0.003930070052081062,0.002771259163620608,0.0015673753296867867,0.0014030771736064462,0.0008781954537391643,0.0034168200600778746,0.00026462180890815876,0.002506637354712449,0.0005626848354255904,0.0005801324272217327,0.0019584921791169774,0.0004114723731923568,0.00028061543472128925,0.00015993625813130475,0.0007633321410812272,0.00040565650926030933,0.0013521883642010311,0.0016749688124296643,0.002506637354712449,0.0016022705132790714,0.00028643129865333673,1.4539659830118613e-06,0.0009247223651955438,4.3618979490355845e-06,0.0030416968364608142,0.0023641486883772865,0.001184982276154667,0.0016633370845655696,0.0017651147033763998,0.001174804514273584,0.0005801324272217327,0.002992261993038411,0.001225693323678999,6.688243521854562e-05,0.001816003512781815,5.815863932047445e-06,0.0005379674137143888,0.0004478215227676533,0.000776417834928334,5.815863932047445e-06,0.0005234277538842701,0.0005568689714935429,4.943484342240329e-05,0.0013798137178782565,0.0003402280400247756,0.002465926307188117,0.001365274058048138,0.0021155205052822584,2.762535367722537e-05,0.00014248866633516242,0.00019919333967262503,0.0016662450165315932,0.0008447542361298915,0.00235106299453018,0.0004449135908016296,0.000388208917464167,4.071104752433212e-05,0.0009392620250256625,0.00016139022411431662,0.0004739929104618668,0.0023030821170907886,0.0005190658559352346,0.00042746599900548725,0.0011500870925623824,0.0017447591796142337,0.0015688292956697984,0.0006673703862024444,0.00038675495148115515,0.00044927548875066517,0.00012504107453902008,0.0002108250675367199,0.0002893392306193604,0.0008767414877561524,3.925708154132026e-05,0.00023990438719695715,0.00041728823712440424,0.00010759348274287775,0.0006571926243213613,0.001206791765899845,0.0014103470035215055,0.0015775530915678696,0.0008549319980109745,0.0012184234937639398,0.0012344171195770703,7.269829915059308e-05,0.00011486331265793706,0.0004100184072093449,0.0018058257509007318,4.652691145637956e-05,0.0017084100300389373,0.000146850564284198,0.0006004879509838988,8.869192496372354e-05,0.0019948413286922737,7.269829915059307e-06,0.0004681770465298194,0.00011340934667492519,0.000913090637331449,0.0005365134477313769,0.0007429766173190612,0.00037512322361706025,0.000629567270644136,0.0013681819900141616,0.0005583229374765548,9.305382291275913e-05,0.0002224567954008148,0.0006004879509838988,0.0003620375297699535,0.0008360304402318204,0.000293701128568396,0.0003722152916510365,0.0009276302971615676,0.0004914405022580092,0.0004361897949035584,0.0005975800190178751
dionysius_roman_antiquities,0.01501724033633779,0.005692767700510729,0.004509925075831554,0.0022263366661769662,0.002802094765678336,0.008142710232722936,0.0034804739148094057,0.002601173552719134,0.0013275923157358037,0.0022241762230268674,0.002604414217444282,0.004420266685102448,0.005165619571886586,0.003262269156649412,0.00044937217522058123,0.004702204516190361,0.004516406405281851,0.004444031559753536,0.004565016376159078,0.003385414416205052,0.003073230381015754,0.005097565612658468,0.0007248286768581972,0.0028474640718304137,0.002025415453217764,0.004291720317671561,0.004486160201180466,0.004297121425546808,0.002066463873069644,0.002407813890785278,0.003745128200696527,0.0023516423688827053,0.0023570434767579526,0.003490195908984851,0.0009624774233690814,0.0005131052481485003,0.004384619373125815,0.0021237156165472663,0.0006135658546281013,0.0015360750797203523,0.00046125461254612545,0.0006135658546281013,0.0011860832894043227,0.0010888633476498699,0.001277902123283528,0.0012476559191821426,0.00388231634072781,0.002237138881927461,0.0006135658546281013,0.0009214290035172015,0.003351927547378518,0.0001209848164055411,0.0013135494352601606,0.0015836048290225292,0.0032158196289222844,0.0,0.00010586171435484846,0.0022814279665044892,0.0036716731335931624,0.0014291331437904543,0.0012616987996577859,0.0011579975284530363,0.0021377584970229094,0.002495311838364285,0.0016019685957983701,0.0004623348341211749,0.0019757252607654884,0.00014474969105662954,0.00039860176119325594,0.0018806657621611344,0.000585480093676815,0.0008231288401876993,0.00011666393010534321,0.001756440281030445,0.002521237156165473,0.0011655590794783827,0.0004969019245227582,0.0009905631843203679,0.001501507989318769,0.0028345014129298202,0.002179887138449839,0.0005595547758756276,0.0019530406076894492,0.0002581729564368243,0.0003024620410138528,0.0034804739148094057,0.0022047322346759766,0.001127751324351651,0.0011547568637278879,0.00031650492148949593,0.002267385086028846,0.0003013818194388033,0.001565241062246688,0.0010769809103243256,0.0009808411901449225,0.0016203323625742113,0.0007043044669322572,0.0007226682337080982,0.0005843998721017655,0.0010488951493730393,0.0007885617497861161,0.0007043044669322572,0.0007377913357587908,0.0017640018320557913,0.00223929932507756,0.00010694193592989795,1.296265890059369e-05,0.0011612381931781848,6.481329450296845e-06,0.001999490135416577,0.0017488787300050986,0.0009527554291936362,0.0012433350328819447,0.0014096891554395638,0.0012152492719306584,0.001020809388421753,0.002809656316703682,0.000649213166604734,0.00022792675233543905,0.002214454228851422,0.00014366946948158007,0.0007680375398601762,0.0007734386477354234,0.001228211930831252,0.0003078631488891001,0.0008890223562657172,0.0009624774233690814,0.0002452102975362306,0.001064018251423732,0.0004839392656221644,0.002515836048290225,0.001840697563884304,0.0029490048998850643,3.78077551267316e-05,0.0004094039769437507,0.0004180457495441465,0.0014939464382934227,0.0008965839072910635,0.0019195537388629156,0.0013308329804609521,0.0006427318371544371,0.0004137248632439486,0.0014269727006403553,0.00011234304380514531,0.00039428087489305806,0.002261983978153599,0.0008296101696379962,0.0010337720473223469,0.0013794429513381784,0.0019465592782391525,0.001883906426886283,0.0008652574816146287,0.0005120250265734507,0.0005282283501991928,9.721994175445268e-05,0.0005066239186982033,0.0005519932248502813,0.0012692603506831322,9.938038490455162e-05,0.0002592531780118738,0.00043532929474493807,0.000480698600897016,0.001585765272172628,0.00117096018735363,0.00010802215750494742,0.0009678785312443288,0.001715391861178565,3.8887976701781066e-05,6.589351607801793e-05,0.00014366946948158007,0.00010370127120474952,0.0004871799303473128,0.0019562812724145976,8.857816915405688e-05,0.0017002687591278723,0.0006805395922811687,0.0007972035223865119,0.0005131052481485003,0.0021831278031749874,0.00025709273486177484,0.0002214454228851422,0.00047421727144671914,0.0005120250265734507,0.0010921040123750183,0.0009948840706205657,0.000981921411719972,0.0007172671258328508,0.001084542461349672,0.0009052256798914594,0.00017499589515801483,0.0004990623676728571,0.0010553764788233362,0.0005898009799770129,0.0008425728285385898,0.0005757580995013697,0.0008587761521643319,0.0015144706482193627,0.0010650984729987814,0.0006600153823552287,0.0007831606419108687
dionysius_thucydides,0.016121308858739025,0.005107741420590582,0.008459696727853152,0.0017557861133280128,0.004628890662410215,0.006225059856344773,0.0041500399042298484,0.0017557861133280128,0.0017557861133280128,0.0015961691939345571,0.006065442936951317,0.004788507581803671,0.002553870710295291,0.0020750199521149242,0.0,0.005905826017557861,0.0033519553072625698,0.002713487629688747,0.0022346368715083797,0.0023942537909018356,0.005267358339984038,0.0031923383878691143,0.0,0.0015961691939345571,0.0019154030327214685,0.0019154030327214685,0.004948124501197127,0.0014365522745411015,0.0011173184357541898,0.0009577015163607343,0.0020750199521149242,0.0009577015163607343,0.0015961691939345571,0.0019154030327214685,0.004788507581803671,0.0022346368715083797,0.002553870710295291,0.0067039106145251395,0.0006384676775738228,0.0023942537909018356,0.002713487629688747,0.0006384676775738228,0.007342378292098962,0.0001596169193934557,0.0009577015163607343,0.0015961691939345571,0.002553870710295291,0.002873104549082203,0.0019154030327214685,0.0011173184357541898,0.002553870710295291,0.0,0.0035115722266560257,0.0015961691939345571,0.0019154030327214685,0.0,0.0,0.0022346368715083797,0.0023942537909018356,0.0009577015163607343,0.0,0.0023942537909018356,0.0015961691939345571,0.0017557861133280128,0.0020750199521149242,0.0011173184357541898,0.002873104549082203,0.003671189146049481,0.003830806065442937,0.0006384676775738228,0.0015961691939345571,0.0019154030327214685,0.0035115722266560257,0.0017557861133280128,0.00047885075818036713,0.0011173184357541898,0.0009577015163607343,0.0006384676775738228,0.0007980845969672786,0.0019154030327214685,0.0012769353551476455,0.0,0.0022346368715083797,0.0001596169193934557,0.0003192338387869114,0.0014365522745411015,0.002873104549082203,0.002713487629688747,0.0001596169193934557,0.0,0.0009577015163607343,0.0001596169193934557,0.0035115722266560257,0.0006384676775738228,0.0022346368715083797,0.0006384676775738228,0.0006384676775738228,0.0009577015163607343,0.0007980845969672786,0.0009577015163607343,0.00047885075818036713,0.0006384676775738228,0.0003192338387869114,0.003830806065442937,0.0009577015163607343,0.0003192338387869114,0.0,0.0030327214684756584,0.0001596169193934557,0.0007980845969672786,0.0012769353551476455,0.0003192338387869114,0.002713487629688747,0.0007980845969672786,0.0009577015163607343,0.0006384676775738228,0.0015961691939345571,0.0006384676775738228,0.0006384676775738228,0.0023942537909018356,0.0,0.0014365522745411015,0.0039904229848363925,0.0017557861133280128,0.0,0.0012769353551476455,0.0007980845969672786,0.0001596169193934557,0.0007980845969672786,0.0006384676775738228,0.0019154030327214685,0.0017557861133280128,0.0012769353551476455,0.0,0.0003192338387869114,0.0023942537909018356,0.0014365522745411015,0.0009577015163607343,0.0009577015163607343,0.0003192338387869114,0.0001596169193934557,0.0003192338387869114,0.0019154030327214685,0.0,0.002553870710295291,0.0007980845969672786,0.0011173184357541898,0.0011173184357541898,0.0,0.0017557861133280128,0.00047885075818036713,0.0003192338387869114,0.00047885075818036713,0.0003192338387869114,0.0001596169193934557,0.0,0.0020750199521149242,0.0022346368715083797,0.0001596169193934557,0.0,0.0003192338387869114,0.0015961691939345571,0.0006384676775738228,0.0003192338387869114,0.0009577015163607343,0.00047885075818036713,0.00047885075818036713,0.0011173184357541898,0.0011173184357541898,0.0,0.00047885075818036713,0.0003192338387869114,0.0006384676775738228,0.0,0.0001596169193934557,0.00047885075818036713,0.0009577015163607343,0.0007980845969672786,0.002713487629688747,0.00047885075818036713,0.00047885075818036713,0.0015961691939345571,0.0003192338387869114,0.0009577015163607343,0.0003192338387869114,0.00047885075818036713,0.0006384676775738228,0.0,0.0001596169193934557,0.0,0.00047885075818036713,0.0003192338387869114,0.0009577015163607343,0.0007980845969672786,0.0031923383878691143,0.0039904229848363925,0.0011173184357541898,0.0006384676775738228,0.00047885075818036713,0.0011173184357541898
strabo_geography,0.02077094783604927,0.0033625189757789105,0.005671375653610163,0.0009309905958996983,0.003778726536298776,0.007095243623809701,0.003231085009298953,0.004541043541882529,0.001960556666659365,0.0022628547895632667,0.0044840888230745475,0.006035009627538045,0.006026247363106047,0.00206789440595133,0.000271630197391912,0.0050207775195343736,0.003945209560506722,0.0026527755567871407,0.0028564982048310747,0.002326381206695246,0.0017305472253194394,0.0030689831173070056,0.0,0.0014895849534395174,0.0018203604357474102,0.002271617053995264,0.0027184925400271192,0.0017524528863994322,0.0016867359031594534,0.0017546434525074314,0.004400847310970574,0.0017261660931034407,0.002966026510231039,0.0023132378100472503,0.0009550868230876905,0.00197589062941536,0.0031916548193549658,0.0019298887411473746,0.0007294585139637637,0.0014852038212235187,0.0024337189459872114,0.0007294585139637637,0.0012026207932916103,0.0003811585027918765,0.0018904585512033874,0.0015180623128435082,0.0017305472253194394,0.0015290151433835046,0.00037239623835987935,0.0008827981415237139,0.0028718321675870696,9.638490875196877e-05,0.001805026472991415,0.0017896925102354202,0.0025826774413311633,0.0,0.00030667925511990065,0.0017524528863994322,0.002626488763491149,0.0010010887113556756,4.381132215998581e-06,0.001743690621967435,0.001027375504651667,0.0018576000595833982,0.0017152132625634442,0.0007119339850997693,0.002028464216007343,0.00014238679701995388,0.00015333962755995033,0.000981373616383682,0.0008258434227157325,0.00044249435381585664,0.0002935358584719049,0.0014435830651715323,0.0021117057281113158,0.0005169736014878325,0.0011193792811876374,0.0006768849273717807,0.0011478566405916282,0.003099651042818996,0.0016845453370514542,9.857547485996806e-05,0.0017327377914274386,0.0012595755120995919,9.857547485996806e-05,0.0027579227299711065,0.002681252916191131,0.0014523453296035294,0.0007688887039077509,0.0002672490651759134,0.0022146623351872825,0.00045563775046385236,0.002549818949711174,0.0005454509608918233,0.0008674641787677189,0.0010427094674076622,0.0010120415418956722,0.0008346056871477295,0.0002957264245799042,0.0005651660558638169,0.00018181698696394108,0.0009090849348197055,0.00041182642830386656,0.002484101966471195,0.001274909474855587,0.00020810378025993257,2.4096227187992192e-05,0.0010996641862156438,2.8477359403990772e-05,0.002814877448779088,0.0014852038212235187,0.001524634011167506,0.0013932000446875486,0.0015487302383554982,0.0007009811545597729,0.000626501906887797,0.0017305472253194394,0.0006221207746717985,0.0007579358733677545,0.0017677868491554273,1.0952830539996452e-05,0.0008105094599597373,0.00033953774673989,0.0011412849422676302,0.0,0.0009923264469236786,0.0004490660521398545,2.1905661079992903e-05,0.0007075528528837707,0.00023877170577192263,0.0017393094897514365,0.0022497113929152712,0.001366913251391557,3.943018994398722e-05,0.0003132509534438985,0.00045563775046385236,0.0014830132551155195,0.00022562830912392688,0.0011610000372396239,0.00022124717690792832,0.0010536622979476586,0.00012048113593996096,0.002361430264423235,7.228868156397657e-05,0.0006024056796998048,0.001397581176903547,0.0009266094636836997,0.000611167944131802,0.0013011962681515783,0.0014961566517635153,0.0011829056983196167,0.001117188715079638,0.0008083188938517381,0.00015553019366794962,8.543207821197232e-05,0.00024096227187992192,0.00020153208193593472,0.000898132104279709,0.00017305472253194393,0.00021686604469192973,0.0007163151173157679,0.00019934151582793542,0.0008696547448757183,0.0011653811694556223,0.00021029434636793187,0.0011281415456196346,0.0024731491359311986,0.0001577207597759489,0.00017305472253194393,9.638490875196877e-05,3.943018994398722e-05,0.00037458680446787865,0.0010733773929196523,6.352641713197942e-05,0.0009485151247636927,0.0003833490688998758,0.0006922188901277757,0.00028039246182390916,0.0013932000446875486,0.0,0.00045782831657185165,0.0004884962420838417,0.00035268114338788575,0.0006374547374277935,0.00067907549347978,0.0015859698621914862,0.0010383283351916635,0.00030667925511990065,0.0007075528528837707,8.98132104279709e-05,0.0004490660521398545,0.0007579358733677545,0.00031982265176789637,0.0009485151247636927,0.00021248491247593117,0.00023220000744792477,0.000611167944131802,0.00041401699441186585,0.0003811585027918765,0.0006966000223437743
philo_de_opificio,0.02153534329870788,0.002850266024828984,0.005193818089688371,0.0007600709399543957,0.004813782619711173,0.006017228274638966,0.003800354699771979,0.004243729414745376,0.004117050924752977,0.0017101596148973903,0.003737015454775779,0.003737015454775779,0.005637192804661769,0.0012034456549277932,0.00038003546997719787,0.0016468203699011909,0.0032936407398023817,0.0015201418799087915,0.001266784899923993,0.0031669622498099823,0.0013301241449201926,0.0013301241449201926,6.333924499619965e-05,0.0012034456549277932,0.0006333924499619965,0.0018368381048897897,0.0025969090448441853,0.001393463389916392,0.0026602482898403852,0.0014568026349125918,0.0031669622498099823,0.001393463389916392,0.004370407904737776,0.0005700532049657968,0.000886749429946795,0.001393463389916392,0.0020901950848745882,0.004117050924752977,0.0011401064099315936,0.001266784899923993,0.0014568026349125918,0.0011401064099315936,0.001963516594882189,6.333924499619965e-05,0.002153534329870788,0.0013301241449201926,0.0020268558398783888,0.0019001773498859894,0.00038003546997719787,0.0013301241449201926,0.0024068913098555865,0.0001266784899923993,0.0004433747149733975,0.001266784899923993,0.0018368381048897897,0.0,0.0001266784899923993,0.0020268558398783888,0.0018368381048897897,6.333924499619965e-05,6.333924499619965e-05,0.0012034456549277932,0.0009500886749429947,0.002470230554851786,0.0020901950848745882,0.000886749429946795,0.00354699771978718,0.0002533569799847986,0.0001266784899923993,0.0005700532049657968,0.0005700532049657968,0.0009500886749429947,0.0001266784899923993,0.0009500886749429947,0.0005067139599695972,0.0009500886749429947,0.0005067139599695972,0.001963516594882189,0.0008234101849505954,0.0026602482898403852,0.0017101596148973903,0.0002533569799847986,0.0010134279199391944,0.0004433747149733975,0.00031669622498099823,0.0020268558398783888,0.0008234101849505954,0.00031669622498099823,0.001076767164935394,0.0002533569799847986,0.002280212819863187,0.00019001773498859893,0.0026602482898403852,0.001266784899923993,0.0007600709399543957,0.0014568026349125918,0.0009500886749429947,0.0002533569799847986,0.0007600709399543957,0.00177349885989359,0.0010134279199391944,0.00031669622498099823,6.333924499619965e-05,0.0029136052698251836,0.002343552064859387,0.00038003546997719787,0.0,0.0011401064099315936,6.333924499619965e-05,0.0008234101849505954,0.0016468203699011909,0.000696731694958196,0.00031669622498099823,0.0017101596148973903,0.001393463389916392,0.001076767164935394,0.002153534329870788,0.00019001773498859893,0.0002533569799847986,0.0020901950848745882,0.0,0.00031669622498099823,0.001076767164935394,0.002280212819863187,0.0,0.0005067139599695972,0.0004433747149733975,0.00038003546997719787,0.0011401064099315936,0.00019001773498859893,0.00177349885989359,0.002153534329870788,0.001266784899923993,0.00038003546997719787,0.00038003546997719787,0.00019001773498859893,0.002153534329870788,0.0006333924499619965,0.0016468203699011909,0.0004433747149733975,0.000696731694958196,0.0001266784899923993,0.0016468203699011909,0.0,0.0005700532049657968,0.0022168735748669876,0.0004433747149733975,0.0009500886749429947,0.0019001773498859894,0.002850266024828984,0.001076767164935394,0.001266784899923993,0.0002533569799847986,0.00019001773498859893,0.0002533569799847986,0.0017101596148973903,0.0002533569799847986,0.0020268558398783888,0.0001266784899923993,0.0,0.0010134279199391944,0.00019001773498859893,0.002533569799847986,0.0006333924499619965,6.333924499619965e-05,0.0017101596148973903,0.0014568026349125918,6.333924499619965e-05,6.333924499619965e-05,0.00177349885989359,0.0009500886749429947,0.0004433747149733975,0.0012034456549277932,0.0007600709399543957,0.00019001773498859893,0.0005700532049657968,0.0005067139599695972,0.000696731694958196,0.0010134279199391944,0.0,0.0002533569799847986,0.0011401064099315936,0.00031669622498099823,0.0010134279199391944,0.0004433747149733975,0.0012034456549277932,0.0005067139599695972,6.333924499619965e-05,0.002470230554851786,0.0,0.00019001773498859893,0.001076767164935394,0.00038003546997719787,0.0009500886749429947,0.000886749429946795,0.0005067139599695972,0.0007600709399543957,0.001076767164935394,0.00019001773498859893,0.0005700532049657968
philo_de_vita_mosis,0.01995645863570392,0.0036889211417513302,0.005684567005321722,0.0012094823415578133,0.003205128205128205,0.006047411707789066,0.004837929366231253,0.006652152878567973,0.004596032897919691,0.0012094823415578133,0.0033260764392839866,0.004293662312530237,0.003930817610062893,0.0011490082244799227,0.00024189646831156264,0.0015118529269472665,0.0036889211417513302,0.0013909046927914853,0.0013304305757135945,0.003084179970972424,0.0024794388001935174,0.0025399129172714078,0.0,0.0023584905660377358,0.0006652152878567972,0.0015723270440251573,0.0039912917271407835,0.001632801161103048,0.002660861151427189,0.0026003870343492986,0.004414610546686019,0.0026003870343492986,0.0023584905660377358,0.00090711175616836,0.000181422351233672,0.0022980164489598454,0.0022375423318819546,0.003386550556361877,0.0009675858732462506,0.0020561199806482825,0.0022980164489598454,0.0009675858732462506,0.0016932752781809385,0.00024189646831156264,0.003809869375907112,0.0004837929366231253,0.003447024673439768,0.0015118529269472665,0.000362844702467344,0.0021165940977261734,0.0024794388001935174,0.000181422351233672,0.0007861635220125787,0.0012699564586357039,0.0021165940977261734,0.0,0.00012094823415578132,0.0031446540880503146,0.0019956458635703917,0.000181422351233672,0.0,0.0013304305757135945,0.0016932752781809385,0.0025399129172714078,0.00181422351233672,0.000725689404934688,0.002842283502660861,0.000181422351233672,6.047411707789066e-05,0.0003023705853894533,0.0006652152878567972,0.0010280599903241413,6.047411707789066e-05,0.0013304305757135945,0.00024189646831156264,0.000725689404934688,0.0012094823415578133,0.0018746976294146105,0.000362844702467344,0.00272133526850508,0.0017537493952588291,0.00012094823415578132,0.0010280599903241413,0.00012094823415578132,0.0013304305757135945,0.0022980164489598454,0.0006047411707789066,0.0007861635220125787,0.0008466376390904693,0.0003023705853894533,0.001632801161103048,0.0006652152878567972,0.003084179970972424,0.00090711175616836,0.0010280599903241413,0.0011490082244799227,0.0013304305757135945,0.0005442670537010159,0.00024189646831156264,0.0012094823415578133,0.0021165940977261734,0.000725689404934688,0.000362844702467344,0.003386550556361877,0.0027818093855829706,0.0003023705853894533,0.0,0.000725689404934688,0.0,0.0006047411707789066,0.0015118529269472665,0.0009675858732462506,0.00090711175616836,0.0015118529269472665,0.0011490082244799227,0.0013304305757135945,0.0019956458635703917,0.0006047411707789066,0.0005442670537010159,0.003265602322206096,0.0,0.0005442670537010159,0.0022375423318819546,0.0017537493952588291,0.0,0.0009675858732462506,0.00042331881954523463,0.000362844702467344,0.0010885341074020319,0.0005442670537010159,0.001451378809869376,0.0018746976294146105,0.001632801161103048,0.0008466376390904693,0.0005442670537010159,0.000362844702467344,0.0017537493952588291,0.0006047411707789066,0.0008466376390904693,0.000725689404934688,0.0011490082244799227,0.0,0.0013909046927914853,0.00012094823415578132,0.0004837929366231253,0.0013304305757135945,0.0009675858732462506,0.000362844702467344,0.0012699564586357039,0.0020561199806482825,0.0011490082244799227,0.0006652152878567972,0.000181422351233672,0.000181422351233672,0.0004837929366231253,0.0005442670537010159,0.0005442670537010159,0.0008466376390904693,6.047411707789066e-05,6.047411707789066e-05,0.0006652152878567972,0.00042331881954523463,0.0016932752781809385,0.001451378809869376,0.0,0.001632801161103048,0.001451378809869376,0.0,6.047411707789066e-05,0.0010280599903241413,0.0019956458635703917,0.00090711175616836,0.0008466376390904693,0.00024189646831156264,0.000181422351233672,0.0003023705853894533,0.0005442670537010159,0.0005442670537010159,0.0019956458635703917,0.0,0.000362844702467344,0.00024189646831156264,0.0008466376390904693,0.0012094823415578133,0.0011490082244799227,0.000725689404934688,0.00042331881954523463,0.00024189646831156264,0.0011490082244799227,6.047411707789066e-05,0.000181422351233672,0.0010280599903241413,0.0003023705853894533,0.0013304305757135945,0.0015118529269472665,0.00012094823415578132,0.0003023705853894533,0.0005442670537010159,0.0003023705853894533,0.0005442670537010159
josephus_jewish_war,0.014304968164706977,0.005521215782869359,0.004542919551982154,0.0021448157270995026,0.004310545150346238,0.0075591392852163404,0.0038062926987963005,0.002277269136031975,0.0023190965283264395,0.0026537156666821583,0.0032160617186410747,0.004370962494771576,0.0059441371938467255,0.003013895989217828,0.0010573035274434167,0.004914718594599619,0.0043175163823953155,0.005226100292791746,0.0043756099828042945,0.0030255147092996234,0.002665334386763954,0.003550680856996793,0.00022307942557047916,0.002281916624064693,0.0018311102848910163,0.0034135799600316027,0.0034344936561788355,0.0033043639912627223,0.0019635636938234884,0.0017939303806292699,0.0035483571129804343,0.0017916066366129107,0.0027745503555328347,0.0034786447924896593,0.0009318213505600223,0.0004810150113863457,0.003869033787237998,0.0022749453920156157,0.00039271273876469767,0.0013849514337500582,0.00025328809778314823,0.00039038899474833853,0.001222289352604917,0.0008319003578565786,0.0013268578333410792,0.0007087419249895431,0.0030789608216758844,0.002439931217177116,0.00021146070548868335,0.0006692382767114375,0.00325556536691918,9.062601663800716e-05,0.001089835943672445,0.001412836361946368,0.003353162615606265,3.950364827810568e-05,0.00033461913835571873,0.0023214202723427987,0.0034321699121624763,0.0017776641725147557,0.0016103546033368963,0.0008226053817911419,0.0012896779290793327,0.003678486777896547,0.0014105126179300089,0.0007575405493330854,0.0022633266719338197,9.062601663800716e-05,0.00014639587303062694,0.0018799089092345588,0.0003230004182739229,0.0010526560394106986,0.00022307942557047916,0.001487196170469861,0.0018636427011200446,0.0008063391736766278,0.0005902309801552262,0.001017799879165311,0.0017404842682530093,0.0029209462285634613,0.0017567504763675234,0.00015336710507970442,0.001838081516940094,0.0005065761955662965,0.00018589952130873262,0.0033461913835571874,0.002149463215132221,0.0011316633359669099,0.0006715620207277967,0.00044151136310824,0.0020681321745596505,0.00019751824139052843,0.0029511549007761304,0.000838871589905656,0.0010247711112143887,0.0014686062183389879,0.00029046800204489474,0.0006390296044987684,0.00033926662638843706,0.000987591206952642,0.0006157921643351769,0.0013570665055537483,0.0006204396523678951,0.0030115722452014686,0.0019403262536598967,0.00023005065761955664,1.1618720081795789e-05,0.0013129153692429242,2.323744016359158e-06,0.00223544174373751,0.0017428080122693685,0.000941116326625459,0.0012013756564576846,0.0023283915043918763,0.001206023144490403,0.000838871589905656,0.0018915276293163545,0.0011409583120323464,0.0001603383371287819,0.002198261839475763,6.506483245805643e-05,0.0005251661476971697,0.0002672305618813032,0.0013082678812102058,7.668355253985221e-05,0.000750569317284008,0.0006924757168750291,7.900729655621136e-05,0.0010642747594924943,0.0007296556211367755,0.002467816145373426,0.0019403262536598967,0.0022633266719338197,0.00014639587303062694,0.00025096435376678903,0.00036715155458474696,0.001721894316122136,0.0010201236231816703,0.001721894316122136,0.0008435190779383743,0.0006297346284333318,0.0001487196170469861,0.0013268578333410792,0.00013942464098154947,0.00025096435376678903,0.0020425709903796998,0.0007133894130222615,0.0006506483245805642,0.000720360645071339,0.0021262257749686294,0.0014058651298972905,0.0007645117813821629,0.000987591206952642,0.00066226704466236,0.00012083468885067621,0.0002091369614723242,0.0003322953943393596,0.0013663614816191848,9.294976065436631e-05,0.00019054700934145096,0.0006808569967932332,0.00024631686573407075,0.0013756564576846214,0.0015057861226007343,3.253241622902821e-05,0.0021401682390667846,0.0010851884556397266,1.1618720081795789e-05,6.506483245805643e-05,0.00015104336106334525,0.00023934563368499325,0.00031835293024120464,0.0013268578333410792,0.00011618720081795789,0.0010224473671980295,0.0005228424036808105,0.0004810150113863457,0.0003253241622902821,0.0019821536459543616,7.435980852349305e-05,0.0004298926430264442,0.0006506483245805642,0.0007621880373658038,0.0008342241018729377,0.0008899939582655575,0.0008226053817911419,0.00039271273876469767,0.0010224473671980295,0.0011595482641632198,2.7884928196309895e-05,0.00017428080122693684,0.000808662917692987,0.0004136264349119301,0.000869080262118325,0.0001603383371287819,0.00016730956917785937,0.0004903099874517823,0.0005042524515499373,0.00033694288237207787,0.000485662499419064
josephus_antiquities,0.016842790689756432,0.01002268403648172,0.00712866062042755,0.003566458268607932,0.002932326667149004,0.007366991960573187,0.006068937340137126,0.0023471381087556975,0.00235352198393817,0.0030238288780977756,0.0028110330386820277,0.004751731094153647,0.0066562538569245894,0.0029174309583899017,0.0012640072861295417,0.0037452067737171603,0.005075180770065584,0.002991909502185413,0.003792021858388625,0.0028472083313827046,0.003191937591236216,0.0029301987087548462,0.0,0.0028918954576600117,0.0019470819306540918,0.002340754233573225,0.003792021858388625,0.0021024228934275876,0.002381185443062217,0.0024173607357628945,0.0035622023518196173,0.0024577919452518863,0.0025301425306532405,0.0031132031306523897,0.0008554392744513059,0.00041069597007239317,0.003885652027731554,0.0028918954576600117,0.0007064821868602825,0.0013789170394140453,0.00033408946788272397,0.0007064821868602825,0.0008384156072980461,0.001100154489779416,0.0014980827094868642,0.0007703209386850068,0.0035622023518196173,0.0024535360284635714,0.00036175292700677117,0.000659667102188818,0.002517374780288296,0.00020002808905080288,0.0013321019547425808,0.0016023526708005805,0.0027982652883170827,9.150221094877153e-05,0.0003085539671528342,0.003098307421893287,0.0035409227678780426,0.0017002387569318245,3.191937591236216e-05,0.0009107661926994003,0.001547025752552486,0.003383453846710389,0.0011278179489034631,0.0006788187277362353,0.001715134465690927,0.00012980546204360613,0.00016810871313844073,0.0017215183408733992,0.00041069597007239317,0.0020577357671502806,0.00014682912919686595,0.0011214340737209906,0.0011384577408742505,0.0007171219788310699,0.0007022262700719675,0.0011703771167866125,0.0016917269233551946,0.002945094417513949,0.001693854881749352,0.0003021700919703618,0.002206692854741304,0.0002255635897806926,0.0005362455153276844,0.0038324530678776167,0.001921546429924202,0.0015363859605816987,0.0005277336817510544,0.0007830886890499517,0.0026982512437916813,0.00028514642481710197,0.002647180242331902,0.0009128941510935578,0.0007618091051083769,0.001404452540143935,0.00021492379780990522,0.0010597232802904237,0.0003021700919703618,0.0009788608613124396,0.0007745768554733218,0.0027301706197040434,0.0005213498065685819,0.0029089191248132715,0.0019768733481722966,0.00017449258832091314,0.0,0.0009150221094877153,2.1279583941574772e-06,0.0017215183408733992,0.0015725612532823759,0.0008873586503636681,0.0015129784182459664,0.0030153170445211454,0.0012384717853996519,0.0007745768554733218,0.002081143309486013,0.0024641758204343588,0.00016385279635012576,0.00235352198393817,4.894304306562198e-05,0.0005724208080283615,0.0004745347218971175,0.001091642656202786,9.788608613124396e-05,0.0012065524094872896,0.0006915864781011802,0.00014470117080270847,0.0009639651525533373,0.0017257742576617142,0.00212583043576332,0.0018045087182455408,0.0019534658058365643,0.0004319755540139679,0.00022981950656900756,0.00018513238029170054,0.0013959407065673051,0.0009277898598526601,0.0017215183408733992,0.0008809747751811957,0.0007511693131375895,0.00014257321240855099,0.0008171360233564714,6.383875182472432e-05,0.0003170658007294641,0.001229959951823022,0.001168249158392455,0.001025675945983904,0.0012491115773704392,0.0016278881715304702,0.0015065945430634941,0.000793728481020739,0.0006085961007290386,0.00037877659416003096,0.0003851604693425034,0.00037452067737171605,0.0003447292598535113,0.0011299459072976205,0.00018300442189754306,0.00014895708759102343,0.0005851885583933063,0.00023620338175148,0.0011554814080275103,0.0011044104065677308,2.7663459124047208e-05,0.0020875271846684854,0.001168249158392455,1.0639791970787388e-05,0.00011916567007281874,0.00014257321240855099,0.00014682912919686595,0.0003702647605834011,0.0016427838802895727,9.363016934292901e-05,0.0006043401839407236,0.0005192218481744245,0.0007916005226265816,0.0004341035124081254,0.002576957615324705,6.59667102188818e-05,0.0005447573489043142,0.00032557763430609405,0.0016215042963479977,0.0007235058540135423,0.0010746189890495261,0.0007703209386850068,0.0007447854379551171,0.0007511693131375895,0.0010810028642319986,4.894304306562198e-05,0.00020641196423327532,0.000610724059123196,0.00013618933722607854,0.0008043682729915265,0.00030004213357620434,0.000280890508028787,0.0005639089744517316,0.0008682070248162508,0.00028727438321125945,0.0008064962313856839
vita_aesopi,0.018184243286501867,0.007380401920682909,0.008980971011915348,0.0022230126267117198,0.0028899164147252357,0.005068468788902721,0.006491196869998221,0.0018673306064378445,0.0023563933843144228,0.0032011381824648766,0.001911790858972079,0.0034678996976702826,0.005513071314245065,0.00364574070780722,0.0009336653032189223,0.002845456162191001,0.00364574070780722,0.002712075404588298,0.0012893473234927974,0.0025342343944513607,0.00182287035390361,0.001689489596300907,0.00044460252534234395,0.003156677929930642,0.0017339498488351413,0.0024453138893828917,0.0044460252534234395,0.0023563933843144228,0.0032455984349991107,0.0020451716165747823,0.0031122176773964077,0.00182287035390361,0.0016450293437666726,0.0010670460608216254,0.0007113640405477503,0.0014227280810955006,0.0025342343944513607,0.0045349457584919085,0.0004890627778765783,0.0006669037880135159,0.0004890627778765783,0.0004890627778765783,0.003512359950204517,0.0004890627778765783,0.0013338075760270319,0.0008447447981504535,0.0040014227280810956,0.003823581717944158,0.00017784101013693757,0.0024453138893828917,0.0015116485861639693,4.4460252534234394e-05,0.00026676151520540635,0.00182287035390361,0.0021785523741774853,0.0,0.00035568202027387515,0.004623866263560377,0.0023563933843144228,0.0006669037880135159,0.0008002845456162192,0.0012893473234927974,0.0013338075760270319,0.0023563933843144228,0.0012004268184243286,0.00044460252534234395,0.00182287035390361,0.00017784101013693757,0.00035568202027387515,0.00044460252534234395,0.0006669037880135159,0.0020896318691090167,0.00013338075760270317,0.0014227280810955006,0.0007558242930819847,0.0007113640405477503,0.001689489596300907,0.0008447447981504535,0.0007113640405477503,0.001467188333629735,0.0010225858082873911,0.00013338075760270317,0.0026231548995198292,8.892050506846879e-05,0.00017784101013693757,0.0026676151520540637,0.0011115063133558599,0.001467188333629735,0.0011559665658900944,0.0004001422728081096,0.0019562511115063133,0.0008447447981504535,0.0032455984349991107,0.0009336653032189223,0.0012893473234927974,0.0016005690912324383,0.0009336653032189223,0.0013782678285612663,0.0007113640405477503,0.0013782678285612663,0.00044460252534234395,0.00182287035390361,0.0009781255557531566,0.003290058687533345,0.00182287035390361,0.00017784101013693757,0.0,0.0009336653032189223,0.00013338075760270317,0.0005335230304108127,0.0020007113640405478,0.0007558242930819847,0.003290058687533345,0.0020451716165747823,0.0014227280810955006,0.0012893473234927974,0.003067757424862173,0.001689489596300907,0.0003112217677396408,0.0024008536368486572,0.0003112217677396408,0.0003112217677396408,0.0007113640405477503,0.0016450293437666726,0.00013338075760270317,0.0023119331317801887,0.0009336653032189223,0.00022230126267117198,0.0006224435354792816,0.0012004268184243286,0.0015561088386982038,0.0017784101013693758,0.0011115063133558599,4.4460252534234394e-05,0.0010225858082873911,8.892050506846879e-05,0.0009336653032189223,0.0009781255557531566,0.0010670460608216254,8.892050506846879e-05,0.0015116485861639693,0.00022230126267117198,0.0006669037880135159,8.892050506846879e-05,0.00022230126267117198,0.0012004268184243286,0.0022230126267117198,0.00013338075760270317,0.001244887070958563,0.0019562511115063133,0.0017784101013693758,0.0007558242930819847,0.0013782678285612663,0.0005779832829450472,8.892050506846879e-05,0.0007558242930819847,0.00026676151520540635,0.0008447447981504535,0.00013338075760270317,4.4460252534234394e-05,0.0004890627778765783,0.0006669037880135159,0.0010225858082873911,0.0012004268184243286,0.0,0.0011559665658900944,0.0008447447981504535,0.0,4.4460252534234394e-05,0.00022230126267117198,0.00017784101013693757,0.0005779832829450472,0.0011115063133558599,0.00404588298061533,0.0006669037880135159,0.0006224435354792816,0.0013338075760270319,0.0011115063133558599,0.0024008536368486572,0.0004001422728081096,0.00022230126267117198,0.0005335230304108127,0.0014227280810955006,0.0012004268184243286,0.0007558242930819847,0.00035568202027387515,0.0011559665658900944,0.00013338075760270317,0.0009781255557531566,4.4460252534234394e-05,0.00013338075760270317,0.0006669037880135159,0.0008892050506846879,0.0008447447981504535,0.00044460252534234395,0.00017784101013693757,4.4460252534234394e-05,0.0003112217677396408,0.00035568202027387515,0.0013338075760270319
john_gospel,0.019721099100585858,0.0159666639161647,0.012294743790741811,0.0065186896608631075,0.00028880270649393514,0.004579585774403829,0.008829111312814589,0.0036719201254228895,0.0016503011799653437,0.005157191187391699,0.0023929367109497483,0.003011799653436752,0.0037956927139202903,0.0032593448304315538,0.0018565888274610115,0.0009901807079792063,0.0022691641224523475,0.0012377258849740078,0.002104134004455813,0.0012377258849740078,0.0012789834144731414,0.0013614984734714086,0.00689000742635531,0.0023516791814506147,0.0005363478834887367,0.0020628764749566794,0.00264048188794455,0.0018153312979618782,0.0008251505899826718,0.0004125752949913359,0.0014440135324696756,0.0004125752949913359,0.003465632477927222,0.0016915587094644773,0.00016503011799653437,0.0028055120059410845,0.0023929367109497483,0.002516709299447149,4.1257529499133594e-05,0.002434194240448882,0.0033006023599306874,4.1257529499133594e-05,0.0008251505899826718,0.0009489231784800726,0.0019803614159584126,0.0010314382374783397,0.0011552108259757405,0.0014852710619688092,0.00020628764749566796,0.0007013780014852711,0.0013614984734714086,0.004332040597409027,0.0016503011799653437,0.0004125752949913359,0.0006188629424870039,0.004167010479412493,0.004332040597409027,0.0021453915339549466,0.002310421651951481,0.00028880270649393514,4.1257529499133594e-05,0.003011799653436752,0.0011552108259757405,0.0011552108259757405,0.0003713177654922023,0.0014027560029705422,0.001113953296476607,0.0001237725884974008,8.251505899826719e-05,0.0003713177654922023,0.0025992243584454164,0.003135572241934153,4.1257529499133594e-05,0.0015677861209670765,0.00028880270649393514,0.0016503011799653437,0.004620843303902962,0.0010314382374783397,0.00028880270649393514,0.0011552108259757405,0.0006188629424870039,0.0035068900074263555,0.0007013780014852711,0.0005363478834887367,0.0008251505899826718,0.002227906592953214,0.0008251505899826718,0.0010314382374783397,0.0011964683554748742,0.0011552108259757405,0.0013614984734714086,0.0011552108259757405,0.0028055120059410845,0.004125752949913359,0.0003713177654922023,0.0004950903539896032,8.251505899826719e-05,0.0022691641224523475,0.0016503011799653437,0.0013614984734714086,0.001113953296476607,0.0005776054129878703,0.0018565888274610115,0.0033006023599306874,0.00020628764749566796,8.251505899826719e-05,0.0,0.00028880270649393514,0.0,0.001113953296476607,0.0004950903539896032,0.0031768297714332865,0.0011964683554748742,0.0010314382374783397,0.0014027560029705422,0.0020628764749566794,0.001113953296476607,0.0005363478834887367,0.001113953296476607,0.0014440135324696756,0.003011799653436752,0.0006188629424870039,0.0012377258849740078,0.0015265285914679429,0.0030943147124350193,0.0011964683554748742,0.0031768297714332865,0.0044145556564072945,0.00016503011799653437,0.0025579668289462828,0.0016915587094644773,0.0005363478834887367,0.00045383282449046954,0.0008251505899826718,0.0005363478834887367,0.0002475451769948016,0.0005363478834887367,0.0007838930604835382,0.0003713177654922023,0.004084495420414226,0.0021866490634540802,0.0014027560029705422,0.0007013780014852711,0.0,8.251505899826719e-05,0.0006188629424870039,0.0011552108259757405,0.0007426355309844046,0.0019391038864592788,0.0010314382374783397,0.00045383282449046954,0.0012377258849740078,0.0027229969469428172,0.00016503011799653437,0.00033006023599306875,0.0012377258849740078,0.00016503011799653437,0.0005776054129878703,0.0009489231784800726,0.0007013780014852711,0.0012789834144731414,0.0009076656489809391,0.0014027560029705422,0.0009901807079792063,8.251505899826719e-05,0.0009901807079792063,0.0016915587094644773,0.0,0.0,0.0,0.00033006023599306875,4.1257529499133594e-05,0.00045383282449046954,0.0006188629424870039,0.0001237725884974008,0.0004950903539896032,0.0011552108259757405,0.0012789834144731414,0.0009489231784800726,0.001320240943972275,0.0003713177654922023,0.0009076656489809391,0.0005776054129878703,0.0018565888274610115,0.0005363478834887367,0.0009901807079792063,0.001113953296476607,0.0,0.0018978463569601452,0.0006188629424870039,0.0001237725884974008,0.0007426355309844046,0.0001237725884974008,0.0003713177654922023,0.0010314382374783397,8.251505899826719e-05,0.00033006023599306875,0.0009076656489809391,0.0005776054129878703,0.0011552108259757405
chariton_callirhoe,0.022225241135715255,0.005597065616084771,0.007879364216818367,0.0013585110718652357,0.004972150523026762,0.006276321152017389,0.0032060861296019563,0.005325363401711724,0.0032875967939138702,0.0016573835076755875,0.004537426980029887,0.003912511886971879,0.004591767422904497,0.0009781279717429698,8.151066431191414e-05,0.0023094688221709007,0.004890639858714849,0.0044830865371552776,0.0011954897432414073,0.00380383100122266,0.002010596386360549,0.0015758728433636735,0.000570574650183399,0.0012226599646787122,0.0019562559434859396,0.001331340850427931,0.00472761853009102,0.0010596386360548838,0.003151745686727347,0.002010596386360549,0.0031245754652900423,0.0020377666077978536,0.0031245754652900423,0.0008966173074310556,0.00046189376443418013,0.0035592990082869177,0.0019562559434859396,0.003994022551283793,0.002200787936421682,0.002472490150794729,0.002472490150794729,0.002200787936421682,0.0016845537291128923,0.0004890639858714849,0.0024181497079201197,0.0015487026219263688,0.0023366390436082053,0.0013856812933025404,0.000570574650183399,0.0022551283792962913,0.0018204048362994159,0.0,0.002200787936421682,0.0025268305936693384,0.001711723950550197,0.0,0.00010868088574921885,0.001521532400489064,0.0016845537291128923,0.000760766200244532,0.0026355114794185575,0.002771362586605081,0.0009781279717429698,0.002173617714984377,0.0016030430648009781,0.0008151066431191414,0.003776660779785355,0.0,2.7170221437304713e-05,0.0006792555359326179,0.0008151066431191414,0.001141149300366798,0.00010868088574921885,0.0014671919576144546,0.0002717022143730471,0.0012770004075533215,0.000570574650183399,0.0018475750577367205,0.0004075533215595707,0.002200787936421682,0.0013585110718652357,0.0004890639858714849,0.0012770004075533215,0.00010868088574921885,0.0006520853144953131,0.0022279581578589867,0.000380383100122266,0.0021192772721097676,0.0007879364216818367,0.00024453199293574245,0.0016030430648009781,0.00013585110718652356,0.002662681700855862,0.0011139790789294933,0.0011954897432414073,0.00144002173617715,0.004157043879907622,0.00032604265724765655,0.00046189376443418013,0.0010868088574921885,0.0014671919576144546,0.00013585110718652356,5.434044287460943e-05,0.002771362586605081,0.0023094688221709007,0.0002717022143730471,0.0,0.0015758728433636735,0.00010868088574921885,0.0006792555359326179,0.0016845537291128923,0.0010596386360548838,0.0021192772721097676,0.0009237875288683603,0.0011139790789294933,0.0013585110718652357,0.0016845537291128923,0.00010868088574921885,0.0010868088574921885,0.002282298600733596,0.0,0.0002717022143730471,0.0015487026219263688,0.0035592990082869177,0.0,0.0021464474935470722,0.0006249150930580084,0.0,0.0010596386360548838,0.0008151066431191414,0.002010596386360549,0.0017932346148621112,0.0012226599646787122,0.00016302132862382827,0.00046189376443418013,0.0004075533215595707,0.0017932346148621112,0.0005162342073087896,0.0008422768645564462,0.0002173617714984377,0.0005977448716207037,0.00010868088574921885,0.0019290857220486347,2.7170221437304713e-05,0.0004890639858714849,0.00190191550061133,0.0019834261649232443,0.0010868088574921885,0.0014943621790517593,0.0032060861296019563,0.000950957750305665,0.0023094688221709007,0.0008966173074310556,0.00046189376443418013,0.00010868088574921885,0.0011683195218041027,0.0004075533215595707,0.0012498301861160169,0.0006249150930580084,2.7170221437304713e-05,0.001141149300366798,5.434044287460943e-05,0.001331340850427931,0.0010324684146175791,0.0,0.001331340850427931,0.0016302132862382828,0.0,5.434044287460943e-05,0.0013041706289906262,0.0023909794864828146,0.0015487026219263688,0.0013856812933025404,0.00029887243581035183,0.00016302132862382827,0.0009781279717429698,0.0008694470859937508,0.0005434044287460942,0.0016573835076755875,0.0,0.0002173617714984377,0.0009781279717429698,0.00016302132862382827,0.000760766200244532,0.0008422768645564462,0.0012226599646787122,0.0006520853144953131,0.000190191550061133,0.0008422768645564462,2.7170221437304713e-05,0.00029887243581035183,0.001331340850427931,0.00016302132862382827,0.000950957750305665,0.0013041706289906262,0.0004075533215595707,0.0004347235429968754,0.0009781279717429698,0.0006249150930580084,0.0008694470859937508
ignatius_letters,0.01611395259308145,0.005774624649397789,0.01105428147170434,0.0028598141120827147,0.0004399714018588792,0.003189792663476874,0.0035197712148710334,0.003739756915800473,0.0024748391354561953,0.003904746191497553,0.003134796238244514,0.002199857009294396,0.0024748391354561953,0.002144860584062036,0.00032997855139415937,0.0017598856074355167,0.004124731892426992,0.003904746191497553,0.0019248748831325964,0.0008249463784853984,0.001979871308364956,0.0008799428037177583,0.000989935654182478,0.0018698784579002366,0.0007699499532530386,0.0025298355606885553,0.002254853434526756,0.0025298355606885553,0.0024198427102238356,0.001594896331738437,0.004234724742891712,0.0017048891822031569,0.0029148105373150747,0.0014849034812737172,0.0003849749766265193,0.003134796238244514,0.001979871308364956,0.0020898641588296763,0.0009349392289501183,0.007864488808227465,0.0025298355606885553,0.0009349392289501183,0.0020348677335973162,0.0006049606775559589,0.0013199142055766375,0.0002749821261617995,0.0014849034812737172,0.001099928504647198,0.00016498927569707968,0.0024748391354561953,0.0019248748831325964,0.00549964252323599,0.0009349392289501183,0.0016498927569707968,0.0014299070560413573,0.0054446460980036296,0.00549964252323599,0.002144860584062036,0.0015398999065060772,0.00032997855139415937,0.0024748391354561953,0.0032997855139415937,0.0013749106308089975,0.0029148105373150747,0.0008799428037177583,0.006764560303580267,0.0016498927569707968,0.0,0.0002199857009294396,0.000549964252323599,0.0007149535280206787,0.0017048891822031569,0.0,0.0012099213551119178,0.00016498927569707968,0.0014849034812737172,0.002144860584062036,0.0012649177803442776,0.0004399714018588792,0.0024198427102238356,0.0012099213551119178,0.0023648462849914756,0.0015398999065060772,0.006159599626024309,0.005994610350327229,0.001979871308364956,0.0013199142055766375,0.0008249463784853984,0.00032997855139415937,0.0001099928504647198,0.0015398999065060772,0.000494967827091239,0.0006599571027883187,0.0013749106308089975,0.0009349392289501183,0.00032997855139415937,0.000549964252323599,0.000549964252323599,0.004729692569982951,0.0024198427102238356,0.0007699499532530386,0.0003849749766265193,0.000549964252323599,0.0017048891822031569,0.003189792663476874,0.0,0.0,0.003684760490568113,0.0,0.001099928504647198,0.0018698784579002366,0.0014849034812737172,0.000989935654182478,0.0007699499532530386,0.0024748391354561953,0.001594896331738437,0.0014299070560413573,0.0002749821261617995,0.0007149535280206787,0.0017598856074355167,0.0008799428037177583,0.0012649177803442776,0.0002199857009294396,0.0023648462849914756,0.002144860584062036,0.0007149535280206787,0.001979871308364956,0.0023098498597591156,0.000494967827091239,0.0002199857009294396,0.0014299070560413573,0.0007699499532530386,0.0019248748831325964,0.004894681845680031,0.0006049606775559589,5.49964252323599e-05,0.0017048891822031569,0.0004399714018588792,0.001099928504647198,0.0020348677335973162,0.0008799428037177583,0.003244789088709234,0.0015398999065060772,0.0001099928504647198,0.0001099928504647198,0.0009349392289501183,0.0006599571027883187,0.00032997855139415937,0.000549964252323599,0.0014299070560413573,0.0008249463784853984,0.0008249463784853984,0.000989935654182478,0.0002199857009294396,5.49964252323599e-05,0.0006049606775559589,0.0001099928504647198,0.0012099213551119178,0.0024748391354561953,0.0008249463784853984,0.0008249463784853984,0.002694824836385635,0.0008249463784853984,0.0012099213551119178,0.0,0.0016498927569707968,0.0007149535280206787,0.0,0.0002199857009294396,0.0001099928504647198,0.00032997855139415937,0.000494967827091239,0.000494967827091239,0.0002199857009294396,5.49964252323599e-05,0.0010449320794148381,0.000549964252323599,0.0020898641588296763,0.002694824836385635,0.0034097783644063137,0.0014849034812737172,0.0012099213551119178,0.00032997855139415937,0.0011549249298795578,0.0019248748831325964,0.0008249463784853984,0.000549964252323599,0.0001099928504647198,0.00016498927569707968,0.0007149535280206787,0.0001099928504647198,0.0014849034812737172,0.000494967827091239,0.000989935654182478,0.0001099928504647198,0.0,0.0012649177803442776,0.0013199142055766375,0.00032997855139415937,0.000549964252323599
testament_abraham,0.030495144851938046,0.012198057940775218,0.015809325094294197,0.00746328545060589,0.0004815022871358639,0.004333520584222775,0.007784286975363133,0.002568012198057941,0.0012840060990289704,0.002568012198057941,0.002327261054490009,0.004654522108980018,0.005055774014926571,0.0017655083861648343,0.0026482625792472515,0.0024075114356793196,0.002568012198057941,0.002006259529732766,0.0024877618168686303,0.0017655083861648343,0.0003210015247572426,0.002327261054490009,0.0020865099109220768,0.001123505336650349,0.002969264104004494,0.0012840060990289704,0.0035310167723296686,0.001364256480218281,0.0008025038118931064,0.0004012519059465532,0.0041730198218441535,0.0004012519059465532,0.002247010673300698,0.0020865099109220768,0.0007222534307037958,0.0005617526683251745,0.0008827541930824172,0.0035310167723296686,8.025038118931065e-05,0.0026482625792472515,0.0009630045742717278,8.025038118931065e-05,0.0012037557178396598,0.0008827541930824172,0.0012840060990289704,0.0003210015247572426,0.002728512960436562,0.0014445068614075917,0.0016852580049755237,0.0005617526683251745,0.003450766391140358,0.00024075114356793194,0.0007222534307037958,0.0003210015247572426,0.0008025038118931064,0.0,0.00024075114356793194,0.002728512960436562,0.0007222534307037958,0.002969264104004494,0.00024075114356793194,0.0008025038118931064,0.0006420030495144852,0.0017655083861648343,0.0008827541930824172,0.0008025038118931064,0.002247010673300698,0.0,0.00024075114356793194,0.0008025038118931064,0.001364256480218281,0.0019260091485434555,0.00024075114356793194,0.0012840060990289704,0.0,0.0004012519059465532,0.0009630045742717278,0.0008025038118931064,0.001364256480218281,0.0020865099109220768,0.0003210015247572426,0.0005617526683251745,0.001845758767354145,8.025038118931065e-05,0.001123505336650349,0.0020865099109220768,0.0012037557178396598,0.0007222534307037958,0.001123505336650349,0.0009630045742717278,0.001364256480218281,0.0024877618168686303,0.0015247572425969023,0.0008827541930824172,0.0014445068614075917,0.0012840060990289704,0.0,0.0012840060990289704,0.0004012519059465532,0.0021667602921113874,0.0004012519059465532,0.0008025038118931064,0.0009630045742717278,0.0021667602921113874,0.0006420030495144852,0.0008025038118931064,0.0,0.0008827541930824172,0.0,0.0008827541930824172,0.0003210015247572426,0.0012840060990289704,0.0008827541930824172,0.0012840060990289704,0.0019260091485434555,0.0004815022871358639,0.0010432549554610384,0.0007222534307037958,0.0006420030495144852,0.0017655083861648343,0.0008827541930824172,0.0009630045742717278,0.0005617526683251745,0.001123505336650349,0.0,0.0010432549554610384,0.0019260091485434555,0.0006420030495144852,0.00024075114356793194,0.0008025038118931064,0.0005617526683251745,0.0016050076237862129,0.001123505336650349,0.0010432549554610384,8.025038118931065e-05,0.0001605007623786213,0.0004815022871358639,0.0012037557178396598,0.001845758767354145,0.0008827541930824172,0.0008025038118931064,8.025038118931065e-05,0.0010432549554610384,0.0,8.025038118931065e-05,0.0020865099109220768,0.0009630045742717278,0.0026482625792472515,0.0004815022871358639,0.0037717679158976005,0.0008827541930824172,0.0008827541930824172,0.002728512960436562,0.0004012519059465532,0.004654522108980018,0.0014445068614075917,0.0017655083861648343,0.001364256480218281,0.0017655083861648343,0.0012037557178396598,0.0012840060990289704,0.0006420030495144852,0.0010432549554610384,0.0005617526683251745,0.0,0.0015247572425969023,0.0016050076237862129,0.0,8.025038118931065e-05,0.0,0.001364256480218281,0.0004012519059465532,0.0012840060990289704,0.0016852580049755237,0.0,0.0,0.0006420030495144852,0.0009630045742717278,0.0015247572425969023,0.0,0.0007222534307037958,0.0,0.0007222534307037958,0.0004815022871358639,0.0004815022871358639,0.0003210015247572426,0.0007222534307037958,0.0,0.0012037557178396598,0.0008827541930824172,8.025038118931065e-05,0.0004012519059465532,0.0,0.0009630045742717278,0.0001605007623786213,0.0003210015247572426,0.001123505336650349,0.0003210015247572426,0.0005617526683251745,0.0007222534307037958
plutarch_lives,0.00774526678141136,0.002438324727481354,0.002438324727481354,0.0012908777969018934,0.0005737234652897303,0.012478485370051634,0.0017211703958691911,0.004876649454962708,0.00387263339070568,0.0025817555938037868,0.003585771658060815,0.001434308663224326,0.00387263339070568,0.002008032128514056,0.0005737234652897303,0.002008032128514056,0.007601835915088927,0.002294893861158921,0.0027251864601262193,0.005880665519219736,0.002868617326448652,0.0021514629948364886,0.0,0.0012908777969018934,0.008749282845668388,0.0037292025243832474,0.002868617326448652,0.0025817555938037868,0.002008032128514056,0.002008032128514056,0.0017211703958691911,0.002294893861158921,0.001434308663224326,0.002008032128514056,0.000717154331612163,0.0008605851979345956,0.004876649454962708,0.002294893861158921,0.0004302925989672978,0.0015777395295467585,0.0011474469305794606,0.0004302925989672978,0.0004302925989672978,0.0,0.002438324727481354,0.000717154331612163,0.0030120481927710845,0.002008032128514056,0.001004016064257028,0.0012908777969018934,0.001434308663224326,0.0,0.0012908777969018934,0.0005737234652897303,0.0027251864601262193,0.0,0.0,0.002008032128514056,0.004159495123350545,0.0008605851979345956,0.0,0.0021514629948364886,0.001434308663224326,0.0015777395295467585,0.001434308663224326,0.0012908777969018934,0.0015777395295467585,0.00028686173264486515,0.00014343086632243257,0.0004302925989672978,0.0017211703958691911,0.00014343086632243257,0.00014343086632243257,0.0012908777969018934,0.001004016064257028,0.0008605851979345956,0.00028686173264486515,0.0011474469305794606,0.0004302925989672978,0.0017211703958691911,0.005593803786574871,0.0,0.0011474469305794606,0.00014343086632243257,0.00028686173264486515,0.003585771658060815,0.001004016064257028,0.000717154331612163,0.0012908777969018934,0.0004302925989672978,0.002438324727481354,0.0004302925989672978,0.0012908777969018934,0.000717154331612163,0.000717154331612163,0.004302925989672977,0.000717154331612163,0.00014343086632243257,0.00014343086632243257,0.000717154331612163,0.0005737234652897303,0.00014343086632243257,0.0005737234652897303,0.0012908777969018934,0.0015777395295467585,0.0,0.0,0.000717154331612163,0.0,0.0018646012621916237,0.0005737234652897303,0.0008605851979345956,0.0008605851979345956,0.0011474469305794606,0.0008605851979345956,0.0004302925989672978,0.002294893861158921,0.00014343086632243257,0.00014343086632243257,0.002008032128514056,0.0,0.0004302925989672978,0.00014343086632243257,0.001004016064257028,0.0,0.0004302925989672978,0.0005737234652897303,0.0,0.004876649454962708,0.0,0.0015777395295467585,0.0021514629948364886,0.0021514629948364886,0.00028686173264486515,0.00014343086632243257,0.00028686173264486515,0.0012908777969018934,0.001434308663224326,0.0008605851979345956,0.00014343086632243257,0.0005737234652897303,0.0,0.0008605851979345956,0.0,0.00014343086632243257,0.0011474469305794606,0.0004302925989672978,0.00028686173264486515,0.000717154331612163,0.0015777395295467585,0.003155479059093517,0.0005737234652897303,0.0005737234652897303,0.0,0.00014343086632243257,0.00014343086632243257,0.0008605851979345956,0.0012908777969018934,0.0,0.00014343086632243257,0.0004302925989672978,0.0,0.00028686173264486515,0.0012908777969018934,0.0005737234652897303,0.0,0.001004016064257028,0.0005737234652897303,0.0008605851979345956,0.0,0.0,0.0,0.003155479059093517,0.00028686173264486515,0.00028686173264486515,0.0005737234652897303,0.00014343086632243257,0.0004302925989672978,0.002294893861158921,0.0,0.00014343086632243257,0.0018646012621916237,0.0,0.0,0.0011474469305794606,0.000717154331612163,0.00014343086632243257,0.0004302925989672978,0.000717154331612163,0.00028686173264486515,0.00014343086632243257,0.0004302925989672978,0.00014343086632243257,0.000717154331612163,0.0,0.0005737234652897303,0.0012908777969018934,0.00028686173264486515,0.0005737234652897303,0.00014343086632243257
plutarch_moralia,0.021093266790368333,0.0027299677949111693,0.004585492780514855,0.0007251476955232794,0.0028152792885021436,0.005502591336617826,0.003561754857423166,0.004137607439162241,0.0038603450849915757,0.0014076396442510718,0.0049267387548787515,0.003007230149081835,0.0034764433638321923,0.0013223281506600977,0.00025593448077292216,0.0030712137692750657,0.004670804274105829,0.0014716232644443022,0.0022820824535585557,0.0036897220978096275,0.0033271482500479878,0.002516689060933734,0.0,0.002836607161899887,0.0006824919487277923,0.0020474758461833773,0.0043295582997419325,0.0017702134920127115,0.002260754580160812,0.003263164629854757,0.004158935312559985,0.003348476123445731,0.004884083008083264,0.0018341971122059419,0.0007038198221255359,0.0023247382003540426,0.0025806726811269647,0.0037750335914006014,0.0009170985561029709,0.0017275577452172243,0.0016209183782285067,0.0009170985561029709,0.0014076396442510718,0.0003625738477616397,0.0018555249856036854,0.0010663936698871756,0.0033698039968434747,0.002260754580160812,0.0002132787339774351,0.0011517051634781497,0.0036470663510141405,0.0,0.001748885618614968,0.0013436560240578412,0.002708639921513426,0.0,0.00014929511378420458,0.0025806726811269647,0.001876852859001429,0.0005331968349435878,0.0,0.0016422462516262504,0.001748885618614968,0.0025593448077292215,0.0019834922259901466,0.00046921321475035726,0.0031138695160705526,6.398362019323054e-05,0.00012796724038646108,0.00121568878367138,0.0007038198221255359,0.0009384264295007145,0.00010663936698871755,0.002260754580160812,0.0003199181009661527,0.0011943609102736366,0.0010663936698871756,0.0014716232644443022,0.0008104591891142534,0.002218098833365325,0.001962164352592403,0.00027726235417066563,0.0026873120481156823,0.0003625738477616397,8.531149359097404e-05,0.0031565252628660396,0.0007891313157165099,0.000959754302898458,0.0013649838974555846,0.00027726235417066563,0.0018555249856036854,0.00017062298718194808,0.0023460660737517863,0.00121568878367138,0.0006185083285345618,0.0014289675176488153,0.001258344530466867,0.0007678034423187664,0.0005545247083413313,0.0006824919487277923,0.0006398362019323054,0.0002132787339774351,4.265574679548702e-05,0.0027299677949111693,0.0018128692388081984,0.00025593448077292216,2.132787339774351e-05,0.00121568878367138,4.265574679548702e-05,0.001087721543284919,0.001919508605796916,0.0012796724038646107,0.0009810821762962015,0.0014289675176488153,0.0006824919487277923,0.0016209183782285067,0.0017062298718194808,0.00023460660737517863,0.0005331968349435878,0.0038603450849915757,0.00014929511378420458,0.0004052295945571267,0.0015569347580352763,0.0023034103269562994,0.0,0.0010663936698871756,0.00044788534135261374,8.531149359097404e-05,0.0011517051634781497,0.0002132787339774351,0.002260754580160812,0.001876852859001429,0.001791541365410455,4.265574679548702e-05,0.0013436560240578412,0.00025593448077292216,0.0023887218205472733,0.0003199181009661527,0.0018128692388081984,0.0001919508605796916,0.0011943609102736366,0.00034124597436389616,0.0015569347580352763,0.00012796724038646108,0.00046921321475035726,0.0011517051634781497,0.000959754302898458,0.00046921321475035726,0.0016849019984217374,0.0018128692388081984,0.0014716232644443022,0.0011730330368758932,0.0009810821762962015,8.531149359097404e-05,0.00014929511378420458,0.00046921321475035726,0.00029859022756840916,0.0015995905048307633,0.00010663936698871755,6.398362019323054e-05,0.0011517051634781497,0.00034124597436389616,0.001002410049693945,0.0013863117708533283,0.00010663936698871755,0.0015782626314330198,0.0029432465288886044,0.00010663936698871755,0.00014929511378420458,0.0004905410881481007,0.0009170985561029709,0.00046921321475035726,0.0019834922259901466,0.0002132787339774351,6.398362019323054e-05,0.0008957706827052275,0.0007891313157165099,0.0005545247083413313,0.0022820824535585557,2.132787339774351e-05,0.00023460660737517863,0.0005118689615458443,0.00012796724038646108,0.0014289675176488153,0.0014502953910465587,0.002452705440740504,0.0006398362019323054,4.265574679548702e-05,0.0007891313157165099,4.265574679548702e-05,0.00023460660737517863,0.0017702134920127115,0.00029859022756840916,0.0016849019984217374,0.0010237379230916886,0.0002132787339774351,0.00023460660737517863,0.0007251476955232794,0.0004052295945571267,0.000874442809307484
dio_chrysostom_orations,0.02209744368174308,0.004680474610488178,0.005269611841082631,0.0015332920105699279,0.0036269360450277392,0.006689682038606719,0.0036518832241734327,0.0031702107652835055,0.003014770649068031,0.0008328519807100735,0.0038418655884367905,0.003237376247598834,0.0038265134781932868,0.0014584504731328476,0.000358855576941898,0.00439646057098336,0.003932059236117375,0.0020917250206773734,0.00396468247038482,0.003323731867718542,0.0041527458208677395,0.00352330930088409,0.0012396829021629205,0.003644207169051681,0.0007963907188817523,0.0024851228456671546,0.0035847177418581043,0.0024467425700583955,0.0028055981470002937,0.0034369536807643815,0.005238907620595624,0.0033832212949121187,0.0032085910408922646,0.003189400903087885,0.0012454399435042343,0.001846091256781315,0.0034753339563731406,0.0024524996113997094,0.001086161799727884,0.001755897609100731,0.0013663378116718257,0.001086161799727884,0.0014162321699632125,0.0005449999136443799,0.0012627110675281759,0.0019573940560467166,0.0027768129402937244,0.0016369187547135777,0.0006428696164467157,0.0012204927643585408,0.0035808797142972285,3.8380275608759144e-05,0.001441179349108906,0.0026731861961500746,0.002659753099687009,0.0,0.0003108802324309491,0.0025388552315194174,0.0029476051667527026,0.000627517506203212,0.0005507569549856937,0.00269621436151533,0.0013816899219153292,0.0022298940128689065,0.0021416193789687604,0.0003108802324309491,0.0026789432374913886,0.0001611971575567884,0.0003415844529179564,0.0007810386086382486,0.001132218130458395,0.0011360561580192707,0.00026674291548087605,0.002479365804325841,0.00144693639045022,0.0033966543913751843,0.0010554575792408765,0.0007925526913208764,0.0006351935613249639,0.00226443626091679,0.0020591017864099283,0.0008597181736362049,0.0021704045856753298,0.00015927814377635045,0.0004202640179159127,0.0023584679361582494,0.0010554575792408765,0.0017136793059310958,0.0005277287896204382,0.0003377464253570805,0.0018729574497074464,0.00023603869499386876,0.0017309504299550375,0.00196315109738803,0.0008002287464426282,0.0015908624239830667,0.0002916900946265695,0.0014718835695959132,0.0006428696164467157,0.0018633623808052566,0.0006966020022989785,0.0007119541125424822,0.0002878520670656936,0.0019593130698271543,0.0017290314161745996,0.0002609858741395622,3.8380275608759144e-05,0.0013548237289891978,2.8785206706569358e-05,0.0010170773036321174,0.000813661842905694,0.0014987497625220446,0.0014968307487416067,0.001665703961420147,0.0016522708649570812,0.0018173060500747457,0.002156971489212264,0.0006582217266902194,0.0005622710376683215,0.0029015488360221915,0.00032623234267445275,0.0003511795218201462,0.0008309329669296355,0.0014219892113045264,0.0006563027129097814,0.0021377813514078846,0.000627517506203212,0.00018038729536116798,0.0008808273252210225,0.0004413731695007302,0.0019573940560467166,0.0027557037887089068,0.001936284904461899,0.00011897885438715335,0.0007906336775404385,0.00047783443132905137,0.0013279575360630664,0.000539242872303066,0.0020859679793360595,0.0005008625966943068,0.0015102638452046725,0.0005162147069378106,0.0014603694869132855,9.019364768058399e-05,0.0002955281221874454,0.0009537498488776648,0.0020015313729967897,0.0004682393624268616,0.001851848298122629,0.0015793483413004388,0.0013317955636239424,0.001120704047775767,0.0007522534019316793,0.0003185562875527009,0.00012857392328934314,0.001433503293987154,0.00047975344510948933,0.000855880146075329,0.00014584504731328474,0.00014968307487416067,0.0006697358093728471,0.0008539611322948911,0.0012646300813086138,0.001844172243000877,0.000224524612311241,0.0013644187978913876,0.0019880982765337236,0.00021492954340905122,0.0002878520670656936,0.0002878520670656936,0.00027249995682218994,0.00032623234267445275,0.0013663378116718257,0.0003358274115766425,0.0008750702838797085,0.0022663552746972275,0.0011782744611889058,0.0007388203054686136,0.001984260248972848,0.0002820950257243797,0.00022836263987211693,0.0011974645989932854,0.0004548062659637959,0.001801953939831242,0.0018269011189769354,0.00161580960312876,0.0009825350555842341,0.00029360910840700745,0.0008213378980274457,5.7570413413138717e-05,0.00017846828158073002,0.0015544011621547455,0.0005603520238878835,0.001621566644470074,0.0006140844097401463,0.00036653163206364986,0.0002897710808461316,0.0009691019591211684,0.00033390839779620456,0.0011475702407018984
epictetus_discourses,0.016663342640606302,0.005539489429597128,0.00702034303948943,0.0013113282808137215,0.0019345831671320304,0.003973873155165537,0.0036049062624650976,0.004502393298763462,0.0025528520143597924,0.0012165935380933387,0.003096330275229358,0.001475867570801755,0.0033306741124850417,0.0006033107299561228,0.00039888312724371757,0.002069206222576785,0.002502991623454328,0.0025329078579976066,0.002014359792580774,0.0024880335061826884,0.0035400877542879935,0.0018847227762265656,0.0031362185879537296,0.004442560829676904,0.0015955325089748703,0.0012116074990027922,0.0043777423214998,0.0011069006781013163,0.0029966094934184284,0.003046469884323893,0.004048663741523733,0.0030115676106900677,0.0028819305943358596,0.001580574391703231,0.0003639808536098923,0.003769445552453131,0.002153968887116075,0.002089150378938971,0.0012016354208216993,0.0014808536098923014,0.003340646190666135,0.0012016354208216993,0.0011916633426406063,0.0004886318308735541,0.002363382528919027,0.002717391304347826,0.0022786198643797366,0.0009772636617471082,0.00025428799361786996,0.0024032708416433985,0.002348424411647387,0.0002592740327084164,0.0015107698444355804,0.0019196250498603909,0.0017251695253290786,0.0,0.00023434383725568408,0.002622656561627443,0.001750099720781811,0.0008974870362983646,0.0006332269644994016,0.0035849621061029117,0.002323494216194655,0.003196051057040287,0.0013611886717191863,0.0004736737136019146,0.0022985640207419224,6.48185081771041e-05,8.476266453928998e-05,0.0005085759872357399,0.0017301555644196251,0.0016254487435181492,5.484642999601117e-05,0.0029666932588751495,0.0003340646190666135,0.0026076984443558038,0.002961707219784603,0.0019146390107698445,0.0006132828081372158,0.0011866773035500598,0.001156761069006781,0.0006830873554048664,0.0012066214599122456,0.0003041483845233347,0.0004038691663342641,0.0027124052652572794,0.000827682489030714,0.002173913043478261,0.003500199441563622,0.0002592740327084164,0.0017052253689668927,0.0007080175508575987,0.0023932987634623054,0.0029018747506980454,0.000922417231751097,0.0008127243717590746,0.001401076984443558,0.002089150378938971,0.0005933386517750299,0.00110191463901077,0.0010969285999202234,0.00020442760271240527,0.0003490227363382529,0.00252792181890706,0.002014359792580774,0.00024431591543677705,9.972078181092939e-06,0.001126844834463502,4.9860390905464696e-06,0.0004886318308735541,0.0008077383326685282,0.0007877941763063422,0.0019046669325887514,0.000668129238133227,0.0012066214599122456,0.0023284802552852014,0.0016304347826086956,0.0001495811727163941,0.0011069006781013163,0.002662544874351815,0.0005684084563222976,0.0006033107299561228,0.0008027522935779817,0.001495811727163941,0.00013960909453530115,0.00269744714798564,0.0006132828081372158,0.0005883526126844834,0.0004886318308735541,0.0006481850817710411,0.002642600717989629,0.002049262066214599,0.0011767052253689669,0.00019944156362185878,0.001899680893498205,0.00038891104906262465,0.0012265656162744317,0.0004637016354208217,0.0008077383326685282,0.0007628639808536099,0.002348424411647387,0.0003141204627044276,0.0010271240526525728,5.983246908655764e-05,0.0004736737136019146,0.001071998404467491,0.0023833266852812127,0.00030913442361388114,0.001994415636218588,0.0009922217790187475,0.0007628639808536099,0.0019395692062225767,0.000658157159952134,0.0002493019545273235,1.9944156362185878e-05,0.0017201834862385322,0.00034403669724770644,0.001570602313522138,0.00037395293179098523,0.00022935779816513763,0.0008625847626645393,0.0010520542481053051,0.00045871559633027525,0.001421021140805744,7.977662544874351e-05,0.0013512165935380934,0.0013861188671719187,7.977662544874351e-05,0.00015955325089748703,0.0007479058635819705,0.00033905065815715993,0.0008376545672118069,0.0006731152772237734,0.0006382130035899481,0.00014459513362584763,0.0014559234144395693,0.0016902672516952533,0.0015606302353410452,0.001421021140805744,0.00012465097726366175,0.0001844834463502194,0.0011118867171918628,0.00023434383725568408,0.0018548065416832868,0.001495811727163941,0.000997207818109294,0.0017351416035101715,6.48185081771041e-05,0.00045372955723972874,0.00015955325089748703,9.972078181092939e-05,0.001485839648982848,0.0003141204627044276,0.0013960909453530116,0.0005434782608695652,0.00022437175907459114,0.00039888312724371757,0.0005384922217790188,0.000742919824491424,0.0016254487435181492
achilles_tatius,0.01646813070059336,0.0047270468112692796,0.005744487363028191,0.001134491234704627,0.0043578869650558695,0.0047630624060218075,0.005222261239116537,0.00413278949785257,0.0038446647398323475,0.0024130448484193656,0.0031333567434699227,0.005231265137804669,0.008373625779962724,0.0021429278877754068,0.0007203118950505568,0.0017917758389382602,0.0034034737041138815,0.004123785599164438,0.002088904495646615,0.001845799231067052,0.002521091632676949,0.0017737680415619963,0.0004952144278472578,0.0024580643418600254,0.0017197446494332045,0.002286990266785518,0.00463700782438796,0.002097908394334747,0.0021969512799041987,0.0011885146268334188,0.002332009760226178,0.0012065224242096828,0.0017737680415619963,0.0016567173586162808,0.0013145692084672663,0.001152499032080891,0.0022509746720329902,0.00280021249200904,0.0003961715422778063,0.000936405463565724,0.0008913859701250641,0.0003961715422778063,0.0015396666756705654,0.00018908187245077117,0.0026561501129989287,0.0008913859701250641,0.002764196897256512,0.0011795107281452868,0.0003691598462134104,0.0013325770058435302,0.0017107407507450725,7.203118950505569e-05,0.0009904288556945157,0.0008103508819318765,0.0013415809045316622,0.0,0.000468202731782862,0.002764196897256512,0.00183679533237892,0.0012245302215859468,0.0012605458163384745,0.001143495133392759,0.00137759649928419,0.0022509746720329902,0.0017107407507450725,0.00043218713703033413,0.0019358382179483716,0.0001800779737626392,0.00022509746720329903,0.0012065224242096828,0.0010444522478233074,0.000945409362253856,0.00021609356851516706,0.001890818724507712,0.0005492378199760497,0.000936405463565724,0.0021519317864635385,0.0008463664766844044,0.0013235731071553983,0.001629705662551885,0.0008643742740606683,0.0006662885029217651,0.0010534561465114394,0.0003691598462134104,0.0003061325553964867,0.00330443081854443,0.0007203118950505568,0.0008643742740606683,0.0006302729081692373,0.00040517544096593827,0.0016657212573044128,0.0006662885029217651,0.002503083835300685,0.00183679533237892,0.001134491234704627,0.0006392768068573693,0.00027011696064395884,0.0006122651107929734,0.0006482807055455012,0.0010984756399520994,0.00045919883309473,0.00022509746720329903,0.00045919883309473,0.0029262670736428876,0.0014406237901011137,0.00040517544096593827,2.7011696064395883e-05,0.0008913859701250641,5.4023392128791766e-05,0.0005762495160404455,0.001386600397972322,0.0012875575124028705,0.0008463664766844044,0.0005852534147285774,0.0011254873360164951,0.0009634171596301198,0.0015216588782943014,5.4023392128791766e-05,0.000468202731782862,0.002782204694632776,0.0008913859701250641,0.0003961715422778063,0.0008193547806200084,0.0021699395838398025,9.904288556945157e-05,0.0014676354861655097,0.0010984756399520994,0.00027011696064395884,0.00043218713703033413,0.0005762495160404455,0.002575115024805741,0.0019718538127008996,0.0010624600451995714,0.00015306627769824335,0.0005762495160404455,0.00040517544096593827,0.0009093937675013281,0.001404608195348586,0.0006662885029217651,0.0006482807055455012,0.0007473235911149528,0.00045019493440659806,0.0008463664766844044,5.4023392128791766e-05,0.00027011696064395884,0.0013325770058435302,0.0013595887019079262,9.904288556945157e-05,0.0009093937675013281,0.002088904495646615,0.0012065224242096828,0.0010804678425758354,0.000936405463565724,0.000684296300298029,9.00389868813196e-05,0.0005042183265353898,0.0003511520488371465,0.001143495133392759,0.00033314425146088256,0.000234101365891431,0.0005942573134167094,0.001152499032080891,0.0011254873360164951,0.000711307996362425,1.8007797376263923e-05,0.001368592600596058,0.0019358382179483716,4.50194934406598e-05,0.0001800779737626392,0.00017107407507450725,0.0007293157937386888,0.0002971286567083547,0.000702304097674293,0.0005762495160404455,0.0002070896698270351,0.0004862105291591259,0.001152499032080891,0.0019628499140127674,0.0019448421166365036,6.302729081692373e-05,0.00021609356851516706,0.0010174405517589117,0.000234101365891431,0.000711307996362425,0.00043218713703033413,0.0009994327543826477,0.0012515419176503425,0.00012605458163384746,0.0013055653097791343,6.302729081692373e-05,0.0002070896698270351,0.0005402339212879177,0.0003691598462134104,0.0011975185255215508,0.0005222261239116537,0.0002070896698270351,0.0004141793396540702,0.0005852534147285774,0.0002521091632676949,0.0010714639438877034
arrian_anabasis,0.019295683711981697,0.00844971552624395,0.005485815310884533,0.0023832530971457295,0.0038088717679838112,0.007921066657422534,0.004419851198342989,0.0018892697279191601,0.001252291172863847,0.00042031918258751954,0.0023745867222470175,0.004190192263527128,0.005598478184567786,0.003215225087422057,0.0006109794303591779,0.004853169943278576,0.003813204955433167,0.004714507944899188,0.005368819249751925,0.001785273229134619,0.0024829164084809144,0.003111228588637516,0.0018502710408749572,0.0018026059789320427,0.0036355442700095764,0.0027429076554422666,0.002729908093094199,0.0024785832210315584,0.0023182552854053916,0.0022445910987663417,0.004736173882145968,0.0023529207850002385,0.001954267539659498,0.004497848572431394,0.004900835005221491,0.0005806471182136868,0.003076563089042669,0.0015686138566668255,0.0007236423040424306,0.0021145954752856654,0.0004766506194291459,0.0007236423040424306,0.0009489680514089359,0.0008363051777256832,0.0013346217344016086,0.0024179185967405765,0.0022705902234624767,0.002357253972449594,0.00016466112307552314,0.0008146392404789039,0.0036312110825602205,6.499781174033807e-05,0.00015599474817681137,0.0013779536088951673,0.0021882596619247153,0.0,0.0001516615607274555,0.0015339483570719786,0.0027559072177903345,0.0026215784068603022,0.0015382815445213346,0.001217625673269,0.0014819501076797081,0.002846904154226808,0.001551281106869402,0.0004766506194291459,0.0012219588607183557,0.00012132924858196441,0.00017332749797423488,0.0027472408428916226,0.0003986532453407402,0.0019326016024127188,0.00017766068542359075,0.002391919472044441,0.0015816134190148933,0.001148294674079306,0.0002773239967587758,0.0005806471182136868,0.002725574905644843,0.0012566243603132027,0.001555614294318758,9.966331133518505e-05,0.0015599474817681138,2.599912469613523e-05,0.00015599474817681137,0.0031285613384349396,0.002131928225083089,0.0017246086048436369,0.0005849803056630426,0.000337988621049758,0.0012436247979651352,0.0004983165566759252,0.0021579273497792243,0.0009922999259024945,0.000541648431169484,0.0010052994882505622,0.0002729908093094199,0.0004896501817772135,0.0002859903716574875,0.0006369785550553131,0.00037698730809396084,0.0011092959870351031,0.0007149759291437189,0.0021145954752856654,0.001923935227514007,0.00018632706032230248,0.0,0.0007453082412892099,1.2999562348067615e-05,0.001720275417394281,0.0002469916846132847,0.0014646173578822847,0.0020755967882414624,0.001247957985414491,0.0010009663008012063,0.0008883034271179536,0.0020149321639504805,0.0009316353016115125,0.0006239789927072455,0.001997599414153057,0.00012566243603132028,0.00026432443441070817,0.0004506514947330107,0.001182960173674153,5.199824939227046e-05,0.0005503148060681957,0.0004593178696317224,0.00043331874493558715,0.0006239789927072455,0.0021102622878363094,0.0022055924117221387,0.0024872495959302704,0.00168994310524879,5.199824939227046e-05,0.00012999562348067615,0.0002123261850184377,0.0011352951117312383,0.0015469479194200463,0.0022055924117221387,0.00022532574736650534,0.0005936466805617544,6.499781174033807e-05,0.0012436247979651352,0.00012999562348067615,0.0004419851198342989,0.0014602841704329287,0.0005243156813720605,0.00020799299756908183,0.0007929733032321245,0.0016076125437110285,0.0019066024777165836,0.0008406383651750391,0.0009966331133518505,0.001083296862338968,3.466549959484697e-05,0.0003249890587016904,0.00033365543360040214,0.0010009663008012063,0.00017332749797423488,0.00012132924858196441,0.0004506514947330107,0.00023832530971457295,0.000506982931574637,0.0006716440546501602,0.00026432443441070817,0.0018329382910775337,0.0011742937987754413,0.00015599474817681137,0.00020365981011972596,3.0332312145491103e-05,2.599912469613523e-05,0.00022532574736650534,0.0011222955493831708,7.799737408840568e-05,0.000810306053029548,0.0008623043024218184,0.0006976431793462954,0.00032065587125233453,0.002092929538038886,6.0664624290982205e-05,0.00046798424453043416,0.0003943200578913843,0.0005243156813720605,0.0009922999259024945,0.001009632675699918,0.0009056361769153772,0.0009533012388582918,0.0006629776797514484,0.0008536379275231067,6.933099918969394e-05,9.533012388582918e-05,0.0005806471182136868,0.0004116528076888078,0.0009229689267128007,0.0003249890587016904,0.00013432881093003202,0.00013432881093003202,0.0005459816186188398,0.00019066024777165835,0.0006673108672008043
appian_roman_history,0.020377901822890083,0.007118565756743834,0.005068956069047402,0.0024229986085218635,0.003999828079921347,0.005638441329586908,0.0049964272858654835,0.0010315204719206158,0.000940187930135978,0.00022564510323263472,0.003459891582900399,0.0034813815927320787,0.004370530749517818,0.00258417368225946,0.0006635040535531045,0.0035377928685402372,0.004488725803592055,0.0030166601301220095,0.00299248386906137,0.003720457952109513,0.002296744800760746,0.003680164183675114,0.00042980019663359,0.0019475321409959546,0.0025814874310305,0.0028420538002396135,0.004048180602042625,0.002525076155222341,0.0018669446041271564,0.0019018658701036356,0.003986396823776547,0.001920669628706355,0.0020361784315516326,0.002495527391703782,0.0009697366936545374,0.00040025143311503067,0.0034867540951899986,0.002659388716670338,0.0005641127580815868,0.0015526532103388438,0.0004539764576942294,0.0005641127580815868,0.0015472807078809239,0.0007145428269033433,0.0007118565756743833,0.0009777954473414172,0.0036237529078669553,0.0032235014747519245,0.00036533016713855145,0.0009536191862807778,0.003548537873456077,6.447002949503849e-05,0.0011765780382844526,0.0009616779399676575,0.0024659786281852223,0.0,0.0001799788323403158,0.0025116448990775415,0.003175148952630646,0.0035377928685402372,0.0007521503441087824,0.0007843853588563016,0.00128402808744285,0.0027131137412495366,0.0014881831808438053,0.000596347772829106,0.0017165145353054,8.058753686879812e-05,0.0002739976253539136,0.0036989679422778335,0.00033578140361999214,0.0015553394615678037,0.00020952759585887511,0.0016977107767026803,0.0011873230432002922,0.001109421757560454,0.00027937012781183347,0.0011389705210790135,0.0035995766468063157,0.002654016214212418,0.0018024745746321178,0.0003895064281991909,0.0018561995992113166,0.00045666270892318934,0.0001584888225086363,0.0026378987068386584,0.002949503849398011,0.0006044065265159859,0.000599034024058066,0.0004459177040073496,0.002315548559363466,0.0003089188913303928,0.0010449517280654156,0.001026147969462696,0.0005453089994788673,0.002688937480188897,0.0004888977236707086,0.0005050152310444682,0.00042711394540463003,0.0011228530137052538,0.0004969564773575884,0.00037070266959647136,0.0004324864478625499,0.0010530104817522954,0.0022940585495317863,0.0003465264085358319,2.4176261060639435e-05,0.0007467778416508625,2.6862512289599374e-05,0.001541908205423004,0.0020388646827805925,0.0009052666641594988,0.0006205240338897455,0.0009160116690753386,0.0012625380776111704,0.001104049255102534,0.0016359269984366018,0.00036264391590959156,0.00019878259094303536,0.0020281196778647527,9.133254178463786e-05,0.0007440915904219027,0.00030623264010143283,0.0010610692354391753,0.00019341008848511548,0.000813934122374861,0.0007575228465667023,0.0002928013839566332,0.0011819505407423723,0.0010288342206916559,0.0014693794222410857,0.0017003970279316403,0.0019448458897669946,3.760751720543912e-05,0.00015580257127967637,0.0003975651818860707,0.0014183406488908468,0.0016090644861470023,0.0013646156243116482,0.0009965992059441367,0.0004244276941756701,0.00022564510323263472,0.0014774381759279655,0.00013162631021903693,0.0003223501474751925,0.0011819505407423723,0.0007816991076273418,0.0007924441125431815,0.0005426227482499073,0.002221529766349868,0.002401508598690184,0.0008515416395803001,0.0007521503441087824,0.001155088028452773,0.00020952759585887511,9.40187930135978e-05,0.00030354638887247293,0.0008193066248327809,0.0002766838765828735,0.00016654757619551612,0.0004888977236707086,0.00017192007865343597,0.0014049093927460472,0.0011309117673921336,6.447002949503849e-05,0.0009375016789070181,0.0009751091961124573,2.6862512289599374e-05,6.178377826607855e-05,4.298001966335899e-05,2.1490009831679496e-05,0.0003089188913303928,0.0016198094910628421,4.835252212127887e-05,0.0007951303637721414,0.0007790128563983818,0.0004109964380308704,0.00046472146261006915,0.0020845309536729113,0.00012625380776111705,0.00044323145277838964,0.0003223501474751925,0.00023370385691951455,0.0007790128563983818,0.0008918354080146992,0.0006823078121558241,0.0004083101868019105,0.0009777954473414172,0.0009831679497993371,0.00013968506390591673,0.0003680164183675114,0.0006500727974083048,0.00047278021629694895,0.00128134183621389,0.00016923382742447605,0.000644700294950385,0.0024203123572929036,0.0010046579596310165,0.00042980019663359,0.0003975651818860707
pausanias_description,0.017869574668901052,0.005192468032062871,0.006670133815432114,0.0010676616833282426,0.004185343866861487,0.004559575797100253,0.004149571697059253,0.00319472993387652,0.0012712878806640415,0.0,0.001532699890757297,0.0037203056594324333,0.004507293395081602,0.002823249709007157,0.0009025593611640814,0.00367627837352199,0.0038661460440107755,0.001928945463951284,0.0020912960807460425,0.0016262578733169883,0.001169474781996142,0.0021986125901527474,0.0,0.001353839041746122,0.0030213724956041506,0.002110558018331861,0.002561837698913902,0.0017225675612460823,0.002949828155999681,0.0020032415089251566,0.004152323402428655,0.002014248330402767,0.005921669954954583,0.0016702851592274312,0.0017280709719848877,0.0038248704634697354,0.002369218323055714,0.0029278145130444593,0.0012822947021416523,0.002022503446510975,0.003668023257413782,0.0012822947021416523,0.0012657844699252361,0.0005916166544215778,0.000976855406137954,0.0014721623726304377,0.0020555239109438074,0.002534320645219875,0.0001926193758581881,0.0006438990564402289,0.0028645252895481976,7.704775034327525e-05,0.0004347694483656246,0.001117192379977491,0.0024627763056154052,0.0,0.0002806739476790741,0.003046137843928775,0.0019592142230147134,0.0009988690490931756,5.5034107388053745e-06,0.0027049263781228415,0.0012520259430782226,0.0014363902028282029,0.0018601528297162166,0.0007539672712163363,0.001397866327656565,0.00021188131344400691,0.00039899727856338964,0.0011942401303207664,0.0009575934685521352,0.0011557162551491286,0.00014859208994774512,0.0012740395860334442,0.0022041160008915523,0.0008640354859924439,0.00045953479669024876,0.0006026234758991885,0.0013125634612050818,0.0017308226773542904,0.0011309509068245045,8.805457182088599e-05,0.0016180027572087802,6.604092886566449e-05,0.0003714802248693628,0.0027159331996004523,0.002691167851275828,0.0014308867920893975,0.00026416371546265796,0.0009383315309663164,0.00150518283706327,0.0005035620826006917,0.001425383381350592,0.0009383315309663164,0.0005255757255559132,0.0007429604497387256,0.0003632251087611547,0.00028892906378728215,0.0003054392960036983,0.00035772169802234937,0.0001953710812275908,0.0007897394410185713,0.0006494024671790342,0.0015602169444513237,0.0013400805148991088,0.00010181309866789944,2.7517053694026872e-06,0.0010896753262834642,1.1006821477610749e-05,0.002482038243201224,0.0008282633161902089,0.0011749781927349475,0.0014721623726304377,0.0019922346874475458,0.0009108144772722895,0.000448527975212638,0.0024572728948766,0.0008172564947125982,0.001048399745742424,0.002245391581432593,4.4027285910442996e-05,0.0004953069664924837,0.0007292019228917121,0.0016372646947945988,0.0,0.001029137808156605,0.0007759809141715578,3.3020464432832245e-05,0.00037423193023876545,0.0007952428517573766,0.002022503446510975,0.002014248330402767,0.0011034338531304775,0.00021188131344400691,0.00014033697383953705,0.0004540313859514434,0.0006494024671790342,0.0011942401303207664,0.0010373929242648132,0.000448527975212638,0.0006136302973767993,7.429604497387256e-05,0.0016592783377498204,0.0001293301523619263,0.0006301405295932154,0.0008200082000820008,0.0009713519953991486,0.0011392060229327126,0.0013786043900707464,0.0014804174887386458,0.0015822305874065453,0.0008282633161902089,0.0006466507618096316,0.00029443247452608755,8.255116108208062e-05,0.0004512796805820407,0.0002366466617686311,0.001073165094067048,0.0002614120100932553,9.630968792909405e-05,0.0008585320752536385,0.00022288813492161769,0.0014501487296752161,0.0008805457182088599,0.0009190695933804975,0.0005063137879700944,0.003018620790234748,0.0012795429967722496,0.001329073693421498,1.6510232216416123e-05,9.080627719028868e-05,0.0001981227865969935,0.001020882692048397,0.00013208185773132898,0.0009741037007685513,0.00044577626984323537,0.0005503410738805374,0.00040450068930219504,0.0022096194116303577,0.0,0.0001265784469925236,0.00035772169802234937,0.0006108785920073966,0.0004127558054104031,0.0006328922349626181,0.0024875416539400295,0.0011832333088431556,0.0005173206094477052,0.0009520900578133298,4.4027285910442996e-05,0.00021463301881340961,0.0006576575832872423,0.00023389495639922843,0.0006714161101342558,0.0005448376631417321,0.00026966712620146336,0.0005833615383133697,0.00046228650205965146,0.0002806739476790741,0.0005255757255559132
lucian_true_history,0.022735518200507922,0.006530414802273551,0.006651348409723062,0.0027814729713387353,0.0036280082234853065,0.004353609868182368,0.004595477083081389,0.0030233401862377555,0.0019349377191921636,0.0006046680372475511,0.0032652074011367757,0.0031442737936872656,0.0042326762607328575,0.0018140041117426532,0.0,0.0036280082234853065,0.0032652074011367757,0.0027814729713387353,0.0036280082234853065,0.0029024065787882454,0.0033861410085862863,0.002176804934091184,0.0007256016446970613,0.0033861410085862863,0.00036280082234853067,0.0030233401862377555,0.004353609868182368,0.0027814729713387353,0.004111742653283347,0.0026605393638892247,0.004353609868182368,0.0025396057564397146,0.0019349377191921636,0.0026605393638892247,0.0012093360744951022,0.0012093360744951022,0.0030233401862377555,0.0026605393638892247,0.0012093360744951022,0.0015721368968436328,0.0006046680372475511,0.0012093360744951022,0.0008465352521465716,0.0007256016446970613,0.0016930705042931431,0.0015721368968436328,0.0020558713266416737,0.002176804934091184,0.0015721368968436328,0.0020558713266416737,0.0026605393638892247,0.00012093360744951022,0.0013302696819446124,0.0014512032893941227,0.0012093360744951022,0.0,0.00024186721489902045,0.0008465352521465716,0.002176804934091184,0.00012093360744951022,0.0006046680372475511,0.0016930705042931431,0.002176804934091184,0.0024186721489902045,0.001088402467045592,0.00036280082234853067,0.0019349377191921636,0.00036280082234853067,0.0007256016446970613,0.00036280082234853067,0.0009674688595960818,0.0018140041117426532,0.00036280082234853067,0.0013302696819446124,0.0013302696819446124,0.0013302696819446124,0.0013302696819446124,0.0015721368968436328,0.0006046680372475511,0.0024186721489902045,0.0014512032893941227,0.0018140041117426532,0.0025396057564397146,0.00024186721489902045,0.00012093360744951022,0.0026605393638892247,0.0008465352521465716,0.00036280082234853067,0.0006046680372475511,0.00012093360744951022,0.0020558713266416737,0.00036280082234853067,0.0014512032893941227,0.0009674688595960818,0.0022977385415406944,0.0016930705042931431,0.0004837344297980409,0.0014512032893941227,0.0013302696819446124,0.0016930705042931431,0.0012093360744951022,0.00012093360744951022,0.0006046680372475511,0.0018140041117426532,0.0035070746160357964,0.00024186721489902045,0.0,0.0008465352521465716,0.00012093360744951022,0.00036280082234853067,0.001088402467045592,0.0009674688595960818,0.0004837344297980409,0.0009674688595960818,0.0014512032893941227,0.00036280082234853067,0.0027814729713387353,0.00012093360744951022,0.00012093360744951022,0.0027814729713387353,0.0016930705042931431,0.0006046680372475511,0.0004837344297980409,0.0018140041117426532,0.0007256016446970613,0.0013302696819446124,0.0006046680372475511,0.0,0.0009674688595960818,0.0004837344297980409,0.0024186721489902045,0.0020558713266416737,0.0014512032893941227,0.0,0.0012093360744951022,0.0013302696819446124,0.001088402467045592,0.00036280082234853067,0.0018140041117426532,0.00024186721489902045,0.0004837344297980409,0.0014512032893941227,0.0016930705042931431,0.00012093360744951022,0.0,0.0012093360744951022,0.0013302696819446124,0.0008465352521465716,0.001088402467045592,0.0013302696819446124,0.0014512032893941227,0.0007256016446970613,0.0008465352521465716,0.0006046680372475511,0.00012093360744951022,0.0013302696819446124,0.0012093360744951022,0.004716410690530899,0.00036280082234853067,0.0,0.0007256016446970613,0.0012093360744951022,0.00036280082234853067,0.0029024065787882454,0.00024186721489902045,0.0014512032893941227,0.0018140041117426532,0.00012093360744951022,0.00036280082234853067,0.00012093360744951022,0.00012093360744951022,0.0007256016446970613,0.001088402467045592,0.0007256016446970613,0.0004837344297980409,0.0007256016446970613,0.002176804934091184,0.0018140041117426532,0.002176804934091184,0.0008465352521465716,0.00012093360744951022,0.001088402467045592,0.00024186721489902045,0.0004837344297980409,0.0019349377191921636,0.0009674688595960818,0.0030233401862377555,0.0,0.00012093360744951022,0.0,0.0,0.0008465352521465716,0.0004837344297980409,0.001088402467045592,0.00024186721489902045,0.0009674688595960818,0.0007256016446970613,0.0004837344297980409,0.00012093360744951022,0.0018140041117426532
aelius_aristides_sacred,0.02835314091680815,0.006621392190152802,0.007300509337860781,0.0010186757215619694,0.0020373514431239388,0.0039049235993208827,0.0039049235993208827,0.003395585738539898,0.001697792869269949,0.0023769100169779285,0.0040747028862478775,0.0027164685908319186,0.005432937181663837,0.0005093378607809847,0.0013582342954159593,0.003565365025466893,0.0020373514431239388,0.003395585738539898,0.0027164685908319186,0.0045840407470288625,0.001867572156196944,0.0006791171477079797,0.0005093378607809847,0.0022071307300509336,0.0005093378607809847,0.001867572156196944,0.005432937181663837,0.0020373514431239388,0.0023769100169779285,0.001867572156196944,0.0069609507640067915,0.001867572156196944,0.001697792869269949,0.001697792869269949,0.00016977928692699492,0.001867572156196944,0.0032258064516129032,0.003565365025466893,0.0015280135823429542,0.0015280135823429542,0.0013582342954159593,0.0015280135823429542,0.0020373514431239388,0.0006791171477079797,0.0013582342954159593,0.0015280135823429542,0.0028862478777589135,0.00016977928692699492,0.0,0.0020373514431239388,0.0028862478777589135,0.00016977928692699492,0.0008488964346349745,0.0011884550084889642,0.0039049235993208827,0.0,0.00033955857385398983,0.0028862478777589135,0.0020373514431239388,0.0010186757215619694,0.0011884550084889642,0.0013582342954159593,0.0011884550084889642,0.0022071307300509336,0.003735144312393888,0.0006791171477079797,0.0025466893039049238,0.00016977928692699492,0.00016977928692699492,0.0010186757215619694,0.00033955857385398983,0.0032258064516129032,0.0,0.0010186757215619694,0.0011884550084889642,0.0027164685908319186,0.0006791171477079797,0.0023769100169779285,0.0010186757215619694,0.0022071307300509336,0.0011884550084889642,0.0008488964346349745,0.0015280135823429542,0.00016977928692699492,0.0011884550084889642,0.0020373514431239388,0.0006791171477079797,0.0015280135823429542,0.0013582342954159593,0.001867572156196944,0.0011884550084889642,0.00016977928692699492,0.0006791171477079797,0.0015280135823429542,0.0010186757215619694,0.0032258064516129032,0.00016977928692699492,0.0005093378607809847,0.0008488964346349745,0.0050933786078098476,0.0013582342954159593,0.00033955857385398983,0.0,0.0010186757215619694,0.0013582342954159593,0.0,0.0,0.0015280135823429542,0.0,0.00033955857385398983,0.0010186757215619694,0.0006791171477079797,0.0013582342954159593,0.0005093378607809847,0.0050933786078098476,0.0013582342954159593,0.003395585738539898,0.00033955857385398983,0.0011884550084889642,0.001867572156196944,0.0,0.00016977928692699492,0.0008488964346349745,0.0013582342954159593,0.00016977928692699492,0.0015280135823429542,0.0008488964346349745,0.0,0.00033955857385398983,0.0006791171477079797,0.001867572156196944,0.0032258064516129032,0.0015280135823429542,0.0,0.0006791171477079797,0.0006791171477079797,0.0005093378607809847,0.0008488964346349745,0.0008488964346349745,0.0013582342954159593,0.00033955857385398983,0.00016977928692699492,0.0015280135823429542,0.0,0.00033955857385398983,0.0008488964346349745,0.0015280135823429542,0.001867572156196944,0.0028862478777589135,0.0027164685908319186,0.00033955857385398983,0.0015280135823429542,0.0010186757215619694,0.00033955857385398983,0.0,0.0032258064516129032,0.00016977928692699492,0.0006791171477079797,0.00016977928692699492,0.0,0.00033955857385398983,0.00016977928692699492,0.0023769100169779285,0.0011884550084889642,0.0,0.001697792869269949,0.001697792869269949,0.00033955857385398983,0.00033955857385398983,0.00033955857385398983,0.00016977928692699492,0.00033955857385398983,0.0006791171477079797,0.0005093378607809847,0.0006791171477079797,0.0023769100169779285,0.0010186757215619694,0.0008488964346349745,0.0020373514431239388,0.0,0.0,0.0005093378607809847,0.00033955857385398983,0.0006791171477079797,0.0010186757215619694,0.0013582342954159593,0.0013582342954159593,0.0,0.001867572156196944,0.0,0.0,0.0008488964346349745,0.0011884550084889642,0.0011884550084889642,0.0006791171477079797,0.0006791171477079797,0.0008488964346349745,0.0015280135823429542,0.00016977928692699492,0.0010186757215619694
maximus_tyrius_orations,0.020951035781544256,0.0035310734463276836,0.006042059008160703,0.0009416195856873823,0.0011770244821092278,0.00800376647834275,0.001569365976145637,0.0045511613308223476,0.0036095417451349654,0.0023540489642184556,0.004629629629629629,0.002197112366603892,0.006120527306967985,0.001098556183301946,0.0,0.004080351537978657,0.006905210295040804,0.006355932203389831,0.0019617074701820465,0.005257376020087885,0.0035310734463276836,0.0014124293785310734,0.0010200878844946642,0.002197112366603892,0.0012554927809165098,0.0014124293785310734,0.005806654111738857,0.001098556183301946,0.0022755806654111738,0.0030602636534839923,0.0053358443188951665,0.002824858757062147,0.004786566227244193,0.001726302573760201,0.0,0.002746390458254865,0.002824858757062147,0.0029817953546767105,0.0010200878844946642,0.0012554927809165098,0.001569365976145637,0.0010200878844946642,0.00015693659761456373,0.000549278091650973,0.0032172002510985564,0.0007062146892655367,0.0024325172630257374,0.00211864406779661,0.0,0.0025109855618330196,0.0036095417451349654,0.0,0.0011770244821092278,0.004001883239171375,0.0029817953546767105,0.0,0.00015693659761456373,0.00015693659761456373,0.0029817953546767105,0.00023540489642184556,0.003766478342749529,0.003138731952291274,0.001569365976145637,0.002197112366603892,0.0011770244821092278,0.000549278091650973,0.0026679221594475833,0.0,0.0,0.00031387319522912746,0.00023540489642184556,0.0010200878844946642,0.0,0.001098556183301946,7.846829880728186e-05,0.0010200878844946642,0.0007062146892655367,0.0026679221594475833,7.846829880728186e-05,0.0014908976773383553,0.0018832391713747645,0.0010200878844946642,0.0014124293785310734,0.00015693659761456373,0.0,0.002824858757062147,0.000549278091650973,0.00337413684871312,0.00211864406779661,0.0,0.001647834274952919,0.0,0.0018047708725674827,0.0026679221594475833,0.0009416195856873823,0.0019617074701820465,0.001726302573760201,0.0011770244821092278,0.000549278091650973,0.0018047708725674827,0.0022755806654111738,7.846829880728186e-05,0.0,0.0018047708725674827,0.0025109855618330196,0.00023540489642184556,0.0,0.0011770244821092278,0.0,0.00031387319522912746,0.0023540489642184556,0.001726302573760201,0.003138731952291274,0.00039234149403640927,0.0018047708725674827,0.001726302573760201,0.0014908976773383553,0.0,0.001098556183301946,0.004001883239171375,0.0,0.00047080979284369113,0.00047080979284369113,0.00423728813559322,0.0,0.0023540489642184556,0.0007062146892655367,0.00039234149403640927,0.0014908976773383553,0.00015693659761456373,0.0030602636534839923,0.0025109855618330196,0.001647834274952919,0.0,0.002197112366603892,0.0007062146892655367,0.003295668549905838,0.00031387319522912746,0.001569365976145637,0.0,0.000549278091650973,0.00023540489642184556,0.0014124293785310734,0.0,7.846829880728186e-05,0.0026679221594475833,0.0022755806654111738,0.00039234149403640927,0.001647834274952919,0.0020401757689893284,0.0012554927809165098,0.0019617074701820465,0.001569365976145637,0.0,0.00023540489642184556,0.00023540489642184556,0.0,0.00211864406779661,0.00023540489642184556,0.0,0.00023540489642184556,7.846829880728186e-05,0.0006277463904582549,0.0013339610797237916,0.0,0.0018832391713747645,0.0014124293785310734,0.0,0.0,0.0018047708725674827,0.0010200878844946642,0.0012554927809165098,0.0020401757689893284,0.0,0.0,0.0007846829880728185,0.0018047708725674827,0.0011770244821092278,0.0029033270558694287,0.0,7.846829880728186e-05,0.00039234149403640927,0.0,0.001569365976145637,0.001726302573760201,0.0006277463904582549,0.001647834274952919,0.0,0.0007062146892655367,0.0,0.0,0.001726302573760201,0.00023540489642184556,0.0010200878844946642,0.00031387319522912746,0.0,0.0,0.0009416195856873823,0.0008631512868801004,0.001647834274952919
galen_natural_faculties,0.015478918345560987,0.00683683391015224,0.007406286759456317,0.0015723698077799158,0.005519442990120418,0.009947576340678992,0.003777087257175106,0.00489389478551176,0.0031498391933147936,0.0030172501716857845,0.004805502104425753,0.006143291335477422,0.0058492156849412865,0.0007870348335157849,0.0003824683316221417,0.0020670288500112192,0.005306960583663672,0.005133574939994968,0.0019922350429384447,0.003265429622427263,0.003081844823248635,0.001526473607985259,0.0009349225884096796,0.001614866289071265,0.0016267653038328426,0.001339489090303323,0.003387819488546348,0.0008873265293633687,0.001927640391375594,0.003501710058407164,0.003158338489573063,0.0034847114658906244,0.0034915109028972402,0.0015298733264885668,0.00042496481291349076,0.0015927681187997635,0.004822500696942293,0.0025990847957789096,0.000644246656376852,0.001380285712343018,0.0016165661483229189,0.0005813518640656553,0.0014924764229521795,0.0013530879643165546,0.0028234662169972324,0.0014550795194157925,0.0021282237830707617,0.001062412032283727,0.00023288071747659293,0.002242114352931577,0.002167320545858803,8.499296258269815e-05,0.001104908513575076,0.0019123416581107084,0.0033181252592285357,0.0,0.00029237579128448167,0.0014584792379191004,0.004185053477572057,0.0006051498935888108,0.00285236382427535,0.0018562463028061276,0.001421082334382713,0.0023050091452427738,0.002774170298699268,0.0005320559457676904,0.0028761618537985053,0.00010369141435089174,1.0199155509923777e-05,0.00029067593203282766,0.0004368638276750685,0.0011542044318730408,6.7994370066158525e-06,0.0016386643185944203,0.00017678536217201216,0.0013921847271045958,0.0014873768451972177,0.0013666868383297862,0.0005490545382842301,0.0024749950704081704,0.002012633353958292,0.00018358479917862802,0.0012527962684689708,0.0002991752282910975,1.699859251653963e-05,0.0017202575626738105,0.000600050315833849,0.001650563333355998,0.0010148159732374159,0.0003365721318274847,0.0017236572811771184,8.499296258269815e-05,0.0017763529179783914,0.001200100631667698,0.001470378252680678,0.0019480387023954417,0.0005745524270590395,0.000686743137668201,0.00038076847237048775,0.0013037920460185896,0.001560470793018338,8.499296258269815e-05,0.0001937839546885518,0.0020381312427331017,0.0016352646000911124,0.000598350456582195,1.3598874013231705e-05,0.0019956347614417526,4.2496481291349075e-05,0.0011814021798995044,0.0013581875420715164,0.0013003923275152816,0.0015434722005017985,0.0011185073875883077,0.0013258902162900912,0.001558770933766684,0.0017372561551903503,1.6998592516539631e-06,0.0003093743838010213,0.0034167170958244657,6.119493305954267e-05,0.0004096660796486051,0.001111707950581692,0.0018086502437598168,1.6998592516539631e-06,0.0018545464435544736,0.00013428888088066308,0.00013768859938397102,0.001290193172005358,0.00047256087195980174,0.0018273486955280103,0.0024239992928585512,0.0014567793786674464,3.3997185033079263e-06,0.0006136491898470806,0.00045386242019160815,0.0015553712152633762,0.0007632368039926295,0.0007955341297740548,0.00021078254720509142,0.0005371555235226523,6.119493305954267e-05,0.001104908513575076,3.22973257814253e-05,0.00014108831788727893,0.00202453236871987,0.0017321565774353885,0.0006085496120921187,0.0006034500343371569,0.0024290988706135133,0.0011321062616015394,0.0017287568589320803,0.00240190112258705,0.0008652283590918671,0.0005150573532511509,0.0003433715688341005,0.0003501710058407164,0.0016913599553956932,0.00024647959148982464,4.079662203969511e-05,0.0007139408856946645,0.00029747536903944354,0.002667079165845068,0.0010216154102440317,5.099577754961889e-06,0.0011202072468399617,0.0017797526364816993,1.6998592516539631e-06,1.8698451768193594e-05,0.0020534299759979876,0.00018358479917862802,0.0004895594644763414,0.001563870511521646,0.00017338564366870424,1.699859251653963e-05,0.001006316676979146,0.0007479380707277437,0.0004742607312114557,0.0020500302574946797,0.0,0.00010369141435089174,0.0006119493305954267,3.569704428473322e-05,0.0012527962684689708,0.0017372561551903503,0.0013632871198264783,0.0009502213216745654,1.0199155509923777e-05,0.0013564876828198625,1.8698451768193594e-05,4.759605904631097e-05,0.0016284651630844966,0.0004419634054300304,0.0017304567181837343,0.0006204486268536966,0.00039266748713206545,0.00012238986611908534,0.00036886945760891,0.00018698451768193593,0.0007581372262376675
clement_stromateis,0.016025395435389413,0.00481637567730283,0.0064583219309287945,0.0015434294784084067,0.0020141207377811833,0.003984456242132341,0.0042252750259974825,0.006129932680203601,0.0036013354496196156,0.002867932789666685,0.003579442832904603,0.004477040118220131,0.0047069125937277655,0.0008428657435279952,0.0005801543429478409,0.0024519730720814407,0.003962563625417328,0.0022768321383613375,0.002462919380438947,0.0021126375129987413,0.0019703355043511578,0.0016966777954134967,2.1892616715012862e-05,0.0018937113458486125,0.0012807180778282524,0.0014449127031908489,0.0038640468501997703,0.0014339663948333425,0.002386295221936402,0.002036013354496196,0.00325105358217941,0.0019922281210661705,0.0031634831153193586,0.0019156039625636255,0.0008975972853155274,0.0026271140058015435,0.0026818455475890756,0.0030649663401018006,0.0005911006513053472,0.001981281812708664,0.0018827650374911061,0.0005911006513053472,0.0016309999452684583,0.00048163756773028296,0.0032619998905369166,0.0007334026599529309,0.0026818455475890756,0.0010508456023206173,0.000711510043237918,0.0017951945706310547,0.002364402605221389,0.00027365770893766076,0.0008209731268129823,0.001521536861693394,0.0020907448962837285,0.00021892616715012863,0.0004487986426577637,0.0018718187291335998,0.0022768321383613375,0.0005692080345903344,1.0946308357506431e-05,0.0016638388703409774,0.0017951945706310547,0.00233156368014887,0.001116523452465656,0.001039899293963111,0.0016419462536259647,0.00016419462536259647,0.00024081878386514148,0.0003612281757977122,0.0006458321930928794,0.0009304362103880466,9.851677521755787e-05,0.0012369328443982267,0.00019703355043511575,0.0016309999452684583,0.0010070603688905916,0.0010508456023206173,0.0004597449510152701,0.003732691149909693,0.0008538120518855017,0.0007224563515954244,0.0018827650374911061,0.000558261726232828,0.0006239395763778666,0.002824147556236659,0.0013245033112582781,0.0010070603688905916,0.000788134201740463,0.00018608724207760932,0.0025285972305839855,0.00042690602594275083,0.001521536861693394,0.0016857314870559904,0.001018006677248098,0.0008100268184554759,0.0018499261124185868,0.0003831207925127251,0.0009523288271030594,0.0008975972853155274,0.0007005637348804116,0.00047069125937277654,0.00020797985879262218,0.001751409337201029,0.002364402605221389,8.757046686005145e-05,2.1892616715012862e-05,0.0014449127031908489,1.0946308357506431e-05,0.000711510043237918,0.0010617919106781237,0.0009632751354605659,0.0010289529856056046,0.0012259865360407204,0.0008757046686005145,0.0020688522795687153,0.0009304362103880466,0.0003612281757977122,0.0005801543429478409,0.0026380603141590497,0.00012040939193257074,0.0012040939193257074,0.0019484428876361448,0.002616167697444037,8.757046686005145e-05,0.0015653220951234196,0.0005254228011603087,0.00026271140058015433,0.0003502818674402058,0.0004050134092277379,0.002364402605221389,0.0019703355043511578,0.0019374965792786382,0.0005473154178753215,0.0003940671008702315,0.00018608724207760932,0.0011384160691806687,0.00047069125937277654,0.0011055771441081496,0.000634885884735373,0.000711510043237918,0.00047069125937277654,0.0010508456023206173,0.00020797985879262218,0.00020797985879262218,0.0020688522795687153,0.0012150402276832138,0.00018608724207760932,0.001171254994253188,0.0017623556455585354,0.000711510043237918,0.0006239395763778666,0.000558261726232828,0.0002517650922226479,0.00015324831700509005,0.001521536861693394,0.0006239395763778666,0.0014449127031908489,0.0004597449510152701,0.0006677248098078923,0.0014886979366208746,0.0003502818674402058,0.0008757046686005145,0.0014011274697608232,4.3785233430025724e-05,0.0014777516282633682,0.00217831536314378,0.0,5.473154178753216e-05,0.00033933555908269937,0.0006677248098078923,0.0007771878933829566,0.0009851677521755789,0.0007771878933829566,7.662415850254502e-05,0.0013135570029007718,0.00041595971758524435,0.0007662415850254501,0.0018718187291335998,0.00021892616715012863,0.0007552952766679438,0.0005254228011603087,0.00043785233430025726,0.0010070603688905916,0.001094630835750643,0.0013354496196157845,0.0005363691095178151,2.1892616715012862e-05,0.000634885884735373,0.000634885884735373,0.0003502818674402058,0.0009632751354605659,0.0003174429423676865,0.001116523452465656,0.001521536861693394,0.00024081878386514148,0.001094630835750643,0.000558261726232828,0.0009085435936730337,0.0005473154178753215
philostratus_lives_sophists,0.01785869219423316,0.007129016398183764,0.006203545709575729,0.0020389276108395754,0.004728576799606675,0.004829800156173179,0.005364837898024699,0.004526130086473667,0.004540590565983168,0.0,0.003947710906093646,0.002805333024843104,0.0032391474101281198,0.0015472713075165572,0.00034705150822801286,0.0036874222749226364,0.003268068369147121,0.001243601237817046,0.003600659397865633,0.002241374323972583,0.003007779737976111,0.003268068369147121,0.0,0.0026896491887670997,0.0013882060329120515,0.0028776354223906063,0.0028487144633716054,0.002516123434653093,0.0022847557625010847,0.003933250426584146,0.0053792983775341995,0.003832027070017642,0.002588425832200596,0.0027619515863146022,0.0018220204181970674,0.0007664054140035284,0.0031813054920901175,0.0018943228157445701,0.0008820892500795327,0.0015183503484975562,0.0003615119877375134,0.0008820892500795327,0.0016340341845735606,0.0005784191803800214,0.0015183503484975562,0.0006941030164560257,0.0020967695288775776,0.001706336582121063,0.0007664054140035284,0.002270295282991584,0.0042803019348121585,4.338143852850161e-05,0.001706336582121063,0.0020100066518205745,0.0024149000780865895,0.0,0.00043381438528501605,0.002183532405934581,0.0023425976805390865,0.0005494982213610204,0.0,0.0005205772623420192,0.002863174942881106,0.0019232437747635713,0.0017352575411400642,0.0002747491106805102,0.001648494664083061,0.00011568383607600428,0.00039043294675651446,0.0005350377418515198,0.0008097868525320299,0.0019377042542730717,8.676287705700322e-05,0.0016051132255545594,0.0007519449344940278,0.0013159036353645487,0.0008676287705700321,0.0007519449344940278,0.0005061167828325187,0.001807559938687567,0.001185759319779044,0.0002892095901900107,0.0019232437747635713,2.892095901900107e-05,0.0005494982213610204,0.002487202475634092,0.001807559938687567,0.0014460479509500535,0.0008097868525320299,0.00020244671313300749,0.0013303641148740492,0.0003036700696995112,0.0017352575411400642,0.0011712988402695433,0.0007519449344940278,0.0008965497295890331,0.0005350377418515198,0.0009254706886080343,0.00046273534430401713,0.0009977730861555369,0.0005639587008705208,0.001402666512421552,0.0003325910287185123,0.0019377042542730717,0.0017497180206495647,7.230239754750268e-05,1.4460479509500535e-05,0.0009110102090985337,2.892095901900107e-05,0.0011134569222315412,0.0001590652746045059,0.0007664054140035284,0.0015038898689880556,0.0023425976805390865,0.0013303641148740492,0.0008820892500795327,0.0014749689099690546,0.0011568383607600428,0.0006073401393990224,0.0019377042542730717,0.00046273534430401713,0.00041935390577551554,0.0012869826763455476,0.001185759319779044,0.00014460479509500535,0.0011712988402695433,0.0005350377418515198,4.338143852850161e-05,0.00043381438528501605,0.0009254706886080343,0.0010556150041935392,0.002082309049368077,0.0017641785001590653,2.892095901900107e-05,0.0006796425369465252,0.0005350377418515198,0.0014460479509500535,0.0012002197992885444,0.0013737455534025508,0.00034705150822801286,0.0014749689099690546,0.0003036700696995112,0.0011279174017410417,0.00010122335656650374,0.0003615119877375134,0.0011712988402695433,0.00108453596321254,0.0006073401393990224,0.0014460479509500535,0.0013448245943835499,0.0011279174017410417,0.001026694045174538,0.0006796425369465252,0.0008965497295890331,8.676287705700322e-05,0.0010411545246840385,0.0004916563033230182,0.001185759319779044,0.0001301443155855048,8.676287705700322e-05,0.0007519449344940278,0.0008820892500795327,0.0009833126066460364,0.0015761922665355583,0.00034705150822801286,0.0012291407583075455,0.0021256904878965786,0.0003615119877375134,0.0005784191803800214,0.0002458281516615091,0.0002458281516615091,0.0005061167828325187,0.0007664054140035284,0.0001590652746045059,0.00034705150822801286,0.0007953263730225294,0.0016774156231020622,0.0009254706886080343,0.0017352575411400642,4.338143852850161e-05,0.0001301443155855048,0.0006941030164560257,0.0009254706886080343,0.001243601237817046,0.001807559938687567,0.0013882060329120515,0.0017207970616305638,0.00010122335656650374,0.0008097868525320299,1.4460479509500535e-05,0.0002602886311710096,0.0017786389796685658,0.0009688521271365359,0.0012869826763455476,0.0009399311681175347,0.0004916563033230182,0.0007374844549845273,0.0005205772623420192,0.0005639587008705208,0.0017207970616305638
aelian_various_history,0.021159794532636056,0.008564236417511169,0.006882970916893467,0.0027030290645290132,0.0027123178242009346,0.005824052314294472,0.006390666654281654,0.002192147282573358,0.0018020193763526756,2.7866279015763026e-05,0.0030652906917339327,0.00340897479959501,0.005545389524136842,0.002507965111418672,0.001123939920302442,0.003195333327140827,0.0027401841032166975,0.003613327512377272,0.0030838682110777746,0.0029166705369831967,0.0029352480563270386,0.0027680503822324603,0.0017184205393053866,0.0028330716999359074,0.001281848834725099,0.0019320620117595697,0.0029445368159989596,0.0017091317796334654,0.0024708100727309883,0.0020435271278226217,0.00340897479959501,0.002080682166510306,0.0018020193763526756,0.0024708100727309883,0.0017648643376649916,0.0008359883704728907,0.0031581782884531426,0.0025172538710905934,0.0007895445721132857,0.0019320620117595697,0.0007431007737536807,0.0007895445721132857,0.0013561589121004673,0.0006130581383467866,0.0008638546494886538,0.0013282926330847042,0.0027866279015763026,0.002089970926182227,0.0005480368206433395,0.001086784881614758,0.0026287189871536452,7.431007737536806e-05,0.0006130581383467866,0.0015047790668512033,0.002089970926182227,0.0,0.00040870542556452436,0.003232488365828511,0.0026565852661694085,0.001114651160630521,0.0008731434091605748,0.001114651160630521,0.0016441104619300184,0.002424366274371383,0.001244693796037415,0.0007152344947379177,0.002080682166510306,0.0001114651160630521,0.0003065290691733933,0.001068207362270916,0.0007895445721132857,0.0018763294537280438,0.00014862015475073612,0.0015419341055388873,0.0006223468980187075,0.0013375813927566252,0.0015698003845546504,0.0004365717045802874,0.001096073641286679,0.0019692170504472537,0.0013654476717723883,0.00019506395311034118,0.0018856182133999647,8.359883704728907e-05,0.0003158178288453143,0.002563697669450198,0.0016162441829142555,0.0013933139507881513,0.0003251065885172353,0.0011053624009586,0.00230361239863641,0.00021364147245418318,0.0015326453458669664,0.0012261162766935732,0.0009660310058797848,0.0009102984478482588,0.0005759030996591025,0.0014490465088196772,0.00016719767409457815,0.0009567422462078639,0.00019506395311034118,0.0008452771301448118,0.0005944806190029445,0.0018113081360245967,0.0014211802298039144,0.00010217635639113109,1.8577519343842015e-05,0.0015698003845546504,2.7866279015763026e-05,0.0016162441829142555,0.001151806199318205,0.001244693796037415,0.0013840251911162301,0.0017741530973369125,0.0009195872075201798,0.001151806199318205,0.0017927306166807546,0.0008081220914571278,0.00026937403048570924,0.002182858522901437,0.00016719767409457815,0.0005108817819556554,0.0008452771301448118,0.001077496121942837,5.573255803152605e-05,0.0015976666635704134,0.0006502131770344706,0.00026937403048570924,0.0004923042626118134,0.0014954903071792824,0.00202494960847878,0.0019506395311034118,0.0013282926330847042,9.288759671921009e-05,0.0005108817819556554,0.00039941666589260336,0.0014676240281635193,0.001997083329463017,0.0009474534865359428,0.0007616782930975227,0.0012354050363654941,2.7866279015763026e-05,0.001253982555709336,3.715503868768403e-05,0.0007245232544098386,0.0012911375943970202,0.0015140678265231243,0.0007245232544098386,0.0009567422462078639,0.002359344956667936,0.001216827517021652,0.0008545658898167327,0.0006687906963783126,0.0008638546494886538,8.359883704728907e-05,0.0005851918593310235,0.00039941666589260336,0.0007895445721132857,0.00014862015475073612,0.00015790891442265715,0.0003158178288453143,0.00026937403048570924,0.0007988333317852067,0.001216827517021652,0.001003186044567469,0.0015790891442265713,0.0018763294537280438,0.0008731434091605748,0.0009567422462078639,0.00016719767409457815,0.00018577519343842018,0.00039941666589260336,0.001114651160630521,0.00025079651114186724,0.00026008527081378824,0.0008824321688324958,0.0008731434091605748,0.0004830155029398924,0.0015047790668512033,0.0,0.00020435271278226218,0.0006409244173625495,0.0005759030996591025,0.001049629842927074,0.0007616782930975227,0.001244693796037415,0.0009846085252236268,0.0003065290691733933,0.0005944806190029445,0.00016719767409457815,0.0003436841078610773,0.0006409244173625495,0.0003436841078610773,0.0009846085252236268,0.0005666143399871815,0.0007152344947379177,0.0007059457350659966,0.0008359883704728907,0.0004365717045802874,0.0007988333317852067
cassius_dio_roman,0.025094796032788965,0.010225982458326182,0.007997423522580614,0.0036743012833020286,0.005611360948971172,0.0073509533671691895,0.004151513798023917,0.0018265720391079181,0.0037377728985606047,9.403202260529824e-06,0.002583529821080569,0.0032840683894900407,0.004325473039843718,0.0035920232635223925,0.0010813682599609296,0.003500342041482227,0.0032676127855341135,0.0033616448081394117,0.0036272852719993792,0.003020778726195206,0.0021157205086192103,0.0037471761008211345,0.0017913100306309313,0.0029361499058504375,0.0015068631622499043,0.00293850070641557,0.0028914846951129205,0.002552969413733847,0.0020122852837533823,0.0024213245820864297,0.004191477407631169,0.0022826273487436145,0.001969970873580998,0.0030372343301511328,0.00041609170002844466,0.0006018049446739087,0.0031265647516261663,0.001984075676971793,0.0003949344949422526,0.0013893231339932813,0.0005947525429785114,0.0003949344949422526,0.0009003566164457306,0.0015374235695966262,0.0007310989757561937,0.002435429385477224,0.0024941993996055356,0.003237052378187392,0.0005500873322409947,0.002146280915965932,0.0031383187544518285,4.7016011302649116e-05,0.0005806477395877166,0.0024989010007358007,0.002242663739136363,0.0,0.0002233260536875833,0.0018030640334565937,0.002860924287766199,0.0019864264775369253,0.0006135589474995709,0.002769243065726033,0.0010578602543096052,0.0041938282081963015,0.0015844395808992753,0.0003173580762928815,0.0019206040617132164,0.00011754002825662279,0.0001386972333428149,0.002306135354394939,0.0003831804921165903,0.0019041484577572891,0.00017631004238493418,0.0024166229809561646,0.0009544250294437771,0.0015092139628150366,0.0015820887803341427,0.0009661790322694394,0.0018994468566270243,0.002031091688274442,0.0012106622910432149,0.00030560407346721924,0.0017301892159374875,0.0002068704497316561,5.171761243291403e-05,0.0024260261832166944,0.0018594832470197726,0.0020757568990119584,0.0005218777254594052,0.0013235007181695727,0.002242663739136363,0.0003996360960725175,0.002047547292230369,0.0012036098893478174,0.0007710625853634455,0.001953515269625071,0.0004960189192429482,0.0025976346244713636,0.0004889665175475508,0.0017207860136769578,0.0006182605486298359,0.00037847889098632537,0.001217714692738612,0.0021180713091843426,0.0017113828114164278,0.00033381368024880875,1.1754002825662279e-05,0.0010578602543096052,2.3508005651324558e-05,0.0010578602543096052,0.0015656331763782155,0.0017184352131118252,0.002237962138006098,0.0009050582175759956,0.0017466448198934148,0.0013187991170393078,0.0023625545679581183,0.00028914846951129207,0.00019041484577572894,0.001784257628935534,0.0001433988344730798,0.0004725109135916236,0.00046780931246135873,0.0012294686955642744,0.0001433988344730798,0.0021744905227475218,0.0005242285260245377,0.00033851528137907364,0.0006253129503252333,0.001283537108562321,0.002228558935745568,0.0017137336119815603,0.0019723216741461304,1.1754002825662279e-05,0.0002609388627297026,0.0004654585118962263,0.0009215138215319227,0.0018007132328914611,0.0015515283729874208,0.0008345342006220219,0.0016149999882459972,0.0002562372615994377,0.0013799199317327516,9.873362373556315e-05,0.0003244104779882789,0.0011495414763497708,0.00198172487640666,0.000747554579712121,0.0014998107605545068,0.002409570579260767,0.0016291047916367919,0.0008274817989266244,0.000747554579712121,0.0026540538380345428,0.00013164483164741753,0.0002820960678158947,0.0004654585118962263,0.000850989804577949,0.00013634643277768245,7.757641864937105e-05,0.00046780931246135873,0.0002562372615994377,0.0010649126560050026,0.001170698681435963,3.5262008476986835e-05,0.002484796197345006,0.0010790174593957973,2.820960678158947e-05,5.171761243291403e-05,7.287481751910613e-05,7.052401695397367e-05,0.00043489810454950433,0.0007428529785818561,5.641921356317894e-05,0.0006370669531508955,0.0009685298328345718,0.0012811863079971884,0.0003150072757277491,0.00146454875207752,0.00016220523899413946,0.00029385007064155696,0.0006135589474995709,0.00030090247233695435,0.0014504439486867254,0.0010531586531793403,0.0004207933011587096,0.0013705167294722218,0.0007075909701048692,0.0005994541441087763,5.4068412998046486e-05,0.00019981804803625874,0.0007969213915799025,0.0006253129503252333,0.0010860698610911947,0.00023272925594811314,0.0006535225571068227,0.0013564119260814271,0.0008603930068384789,0.00035967248646526576,0.0011166302684379166
plotinus_enneads,0.02476390035136965,0.01003701488996842,0.010200097849775885,0.0023721157790176474,0.004546555243117158,0.004462542809276949,0.002792177948218689,0.005460808199613543,0.0057424969483718885,0.00282182939545641,0.0037064309047150743,0.0036323022866207727,0.0043192274809613,0.001314547494205613,0.0002668630251394853,0.001383734204426961,0.005119816556379756,0.0008549500620209438,0.0006770413785946203,0.0028959580135507115,0.0030195057103745474,0.0018235640051198166,0.0,0.004012829192838187,0.0013936180201728678,0.0012601865076031253,0.004388414191182648,0.0010229749297013604,0.005594239712183285,0.0026488626199030396,0.004759057281654155,0.0026488626199030396,0.0032863687355140325,0.0005090165109142036,0.00017296677555337012,0.003177646762309057,0.002762526500980969,0.0037212566283339344,0.004166028336899744,0.0010476844690661276,0.0023029290687962994,0.004166028336899744,0.0013540827571892405,0.0006720994707216668,0.0032023563016738243,0.004912256425715712,0.002594501633300552,0.0020756013066404416,0.0001680248676804167,0.00299479617100978,0.0015171657169967038,1.976763149181373e-05,0.0013689084808081009,0.0021200784774970225,0.001522107624869657,0.0,0.0002816887487583456,0.0016950744004230274,0.0024956634758414834,0.0003212240117419731,4.941907872953433e-06,0.002431418673493089,0.0009587301273529659,0.0016851905846771203,0.0026883978828866673,0.0007017509179593874,0.0029305513686613853,1.4825723618860297e-05,2.470953936476716e-05,0.00039041072196332116,0.0018383897287386768,0.002461070120730809,5.930289447544119e-05,0.004200621692010418,8.895434171316178e-05,0.003073866696977035,0.0029206675529154786,0.0025747340018087385,0.00019767631491813729,0.0015468171642344243,0.0011712321658899636,0.00036075927472560055,0.0017642611106443754,0.00016308295980746327,0.00017296677555337012,0.0021892651877183705,0.0003162821038690197,0.0017444934791525615,0.001027916837574314,0.0003014563802501594,0.0013639665729351473,0.0002470953936476716,0.002915725645042525,0.00299479617100978,0.0011564064422711032,0.0018136801893739096,0.0009043691407504781,0.0033308459063706134,0.0003063982881231128,0.002421534857747182,0.0020904270302593017,8.401243384020835e-05,0.00012848960469678925,0.002421534857747182,0.0013590246650621938,0.0001235476968238358,4.941907872953433e-06,0.0013392570335703801,1.976763149181373e-05,0.0003360497353608334,0.0015122238091237502,0.0014776304540130762,0.0015517590721073778,0.0009191948643693384,0.0024511863049849025,0.0025895597254275986,0.0021052527538781623,6.424480234839462e-05,0.002273277621558579,0.0034692193268133094,4.941907872953433e-06,0.00020756013066404417,0.0016258876902016794,0.0021349042011158826,4.941907872953433e-06,0.00282182939545641,0.0002866306566312991,0.0004250040770739952,0.0007363442730700615,0.0011415807186522429,0.0011909997973817772,0.0027378169616162017,0.0012997217705867528,5.436098660248776e-05,0.0019421697940706988,0.0008994272328775247,0.001210767428873591,0.0004398298006928555,0.0006029127605003188,0.00010872197320497552,0.0027032236065055275,0.0001531991440615564,0.00200147268854614,2.9651447237720594e-05,5.436098660248776e-05,0.0009537882194800124,0.0026735721592678068,0.0009241367722422919,0.0028663065663129907,0.0017197839397877946,0.0011514645343981497,0.0025104891994603435,0.0012947798627137993,0.0007808214439266423,9.883815745906866e-06,0.0006473899313568996,0.00017296677555337012,0.0010130911139554536,0.0006226803919921325,0.00010378006533202209,0.0005584355896437378,8.401243384020835e-05,0.0015122238091237502,0.00198664696492728,9.883815745906866e-06,0.0010328587454472673,0.0016654229531853067,0.0,1.976763149181373e-05,0.0012404188761113116,0.0032270658410385915,0.0006473899313568996,0.0016555391374393998,0.00041512026132808834,4.941907872953432e-05,0.002470953936476716,0.0010773359163038483,0.00039041072196332116,0.0023029290687962994,4.941907872953433e-06,0.00010872197320497552,0.001462804730394216,6.424480234839462e-05,0.002722991237997341,0.0012947798627137993,0.0008944853250045713,0.0015665847957262381,4.941907872953433e-06,0.0006720994707216668,8.401243384020835e-05,0.0001235476968238358,0.0013343151256974268,0.00021744394640995103,0.0018779249917223043,0.0013293732178244733,4.941907872953432e-05,0.00017790868342632357,0.0007956471675455027,0.0002421534857747182,0.0011069873635415688
porphyry_life_plotinus,0.020628157668040326,0.004097692719610719,0.005285092314497916,0.001583199459849596,0.003655328164652744,0.009894996624059975,0.0033293753346837094,0.005191962934506763,0.00421410444459966,0.001955716979814207,0.0033293753346837094,0.004330516169588601,0.004237386789597448,0.001839305254825266,0.00023282344997788178,0.0029102931247235223,0.003911433959628414,0.0017927405648296897,0.0024213638797699706,0.004283951479593024,0.0043770808595841775,0.0026541873297478524,0.0,0.002770599054736793,0.001070987869898256,0.0029568578147190984,0.004889292449535517,0.002747316709739005,0.002607622639752276,0.003282810644688133,0.005005704174524458,0.0033759400246792855,0.004353798514586389,0.0018160229098274777,0.00037251751996461086,0.0012805289748783497,0.005145398244511187,0.002630904984750064,0.001070987869898256,0.0013270936648739262,0.0008148820749225862,0.001070987869898256,0.0007683173849270099,0.0008381644199203744,0.001955716979814207,0.0016530464948429607,0.003003422504714675,0.0024679285697655467,0.001187399594887197,0.0018625875998230543,0.004120975064608508,2.328234499778818e-05,0.001187399594887197,0.002607622639752276,0.0029102931247235223,0.0,0.00016297641498451724,0.0013736583548695025,0.0035156340946660147,0.00013969406998672905,0.0,0.0016297641498451724,0.001443505389862867,0.002398081534772182,0.0013736583548695025,0.000651905659938069,0.002211822774789877,2.328234499778818e-05,2.328234499778818e-05,0.0005122115899513399,0.0006286233149402808,0.0004190822099601872,4.656468999557636e-05,0.002491210914763335,0.0006286233149402808,0.0024679285697655467,0.0006286233149402808,0.0015366347698540198,0.0002095411049800936,0.0033759400246792855,0.002328234499778818,0.0008381644199203744,0.001699611184838537,0.0002793881399734581,0.0015133524248562315,0.0033759400246792855,0.0009778584899071035,0.0021652580847943007,0.000791599729924798,0.00018625875998230543,0.0020721287048031476,9.312937999115272e-05,0.0035621987846615913,0.0016064818048473842,0.0007683173849270099,0.0017927405648296897,0.001187399594887197,0.000651905659938069,0.0007450350399292217,0.0013736583548695025,0.0010244231799026798,0.0002095411049800936,0.0003259528299690345,0.0035854811296593793,0.0014202230448650789,0.00023282344997788178,2.328234499778818e-05,0.0013736583548695025,9.312937999115272e-05,0.0013503760098717143,0.0014202230448650789,0.001047705524900468,0.0025610579497566993,0.0013503760098717143,0.001722893529836325,0.0019324346348164186,0.0024213638797699706,0.00016297641498451724,0.0005122115899513399,0.0028637284347279458,4.656468999557636e-05,0.0003026704849712463,0.0009545761449093153,0.0014667877348606552,0.0,0.0013969406998672906,0.0004190822099601872,0.00018625875998230543,0.0009312937999115271,0.00016297641498451724,0.001839305254825266,0.002141975739796512,0.002211822774789877,9.312937999115272e-05,0.000791599729924798,0.0004889292449535517,0.0015133524248562315,0.00037251751996461086,0.0016064818048473842,0.00034923517496682265,0.0011175525598938324,0.00044236455495797535,0.001187399594887197,0.00016297641498451724,0.00016297641498451724,0.001722893529836325,0.0012572466298805616,0.0005587762799469162,0.001722893529836325,0.0012572466298805616,0.0013503760098717143,0.0010942702148960444,0.0011175525598938324,0.0003026704849712463,0.0002095411049800936,0.0018858699448208423,0.0005122115899513399,0.0011408349048916207,6.984703499336453e-05,6.984703499336453e-05,0.0013270936648739262,0.0002095411049800936,0.0007217526949314335,0.0016763288398407487,2.328234499778818e-05,0.0016064818048473842,0.002235105119787665,2.328234499778818e-05,9.312937999115272e-05,0.0009545761449093153,0.001164117249889409,0.0013503760098717143,0.0011408349048916207,0.0006286233149402808,0.0003026704849712463,0.0019324346348164186,0.0008148820749225862,0.0006053409699424926,0.0015599171148518078,0.0,0.0002095411049800936,0.0009312937999115271,0.00016297641498451724,0.0013736583548695025,0.0013503760098717143,0.001955716979814207,0.0007683173849270099,0.00016297641498451724,0.0005820586249447045,2.328234499778818e-05,0.0003026704849712463,0.0016064818048473842,0.0006751880049358571,0.0015366347698540198,0.0007683173849270099,0.00016297641498451724,0.00023282344997788178,0.0009080114549137389,0.0002793881399734581,0.0009080114549137389
iamblichus_pythagorean,0.02071050642479214,0.005442176870748299,0.004711514235323759,0.0017132779037540942,0.002494331065759637,0.008591584782060973,0.004207608969513731,0.002091206853111615,0.0026455026455026454,0.0023935500125976316,0.0045603426555807505,0.004484756865709247,0.006273620559334845,0.0023179642227261275,0.00040312421264802217,0.0028974552784076595,0.004610733182161753,0.0019904257999496097,0.003980851599899219,0.0053413958175862935,0.0036281179138321997,0.0023935500125976316,5.039052658100277e-05,0.0031494079113126732,0.0009070294784580499,0.0017888636936255985,0.002872260015117158,0.0012345679012345679,0.0039556563366087176,0.003980851599899219,0.0035021415973796924,0.00400604686318972,0.002620307382212144,0.0029730410682791636,0.001033005794910557,0.0008818342151675485,0.0038800705467372134,0.0022675736961451248,0.0022423784328546234,0.0023683547493071303,0.0005039052658100278,0.0022423784328546234,0.0028218694885361554,0.000781053162005543,0.0012093726379440665,0.0013605442176870747,0.002494331065759637,0.0023683547493071303,0.00027714789619551525,0.0013353489543965734,0.0022675736961451248,5.039052658100277e-05,0.00254472159234064,0.0025699168556311412,0.002343159486016629,0.0,0.00010078105316200554,0.0017888636936255985,0.0033005794910556815,0.00042831947593852354,2.5195263290501386e-05,0.0021164021164021165,0.0013605442176870747,0.002695893172083648,0.0012093726379440665,0.0007306626354245402,0.0026455026455026454,0.00010078105316200554,0.000327538422776518,0.0006046863189720333,0.0009070294784580499,0.000982615268329554,0.00027714789619551525,0.001310153691106072,0.0007306626354245402,0.0006046863189720333,0.0008818342151675485,0.0009322247417485513,0.0003023431594860166,0.0038044847568657093,0.0023935500125976316,5.039052658100277e-05,0.002141597379692618,0.0003779289493575208,0.0005291005291005291,0.003905265810027715,0.0008566389518770471,0.0019904257999496097,0.0005291005291005291,0.0003527336860670194,0.003527336860670194,0.00020156210632401108,0.002872260015117158,0.00045351473922902497,0.0008062484252960443,0.0022423784328546234,0.0009574200050390527,0.001033005794910557,0.0003527336860670194,0.0014865205341395818,0.0005794910556815319,0.0001511715797430083,0.00045351473922902497,0.002796674225245654,0.002922650541698161,0.00022675736961451248,5.039052658100277e-05,0.0013353489543965734,7.558578987150416e-05,0.0014109347442680777,0.0016124968505920887,0.0008062484252960443,0.001562106324011086,0.0011337868480725624,0.00163769211388259,0.0009574200050390527,0.0028218694885361554,7.558578987150416e-05,0.00040312421264802217,0.0022423784328546234,0.0,0.0003779289493575208,0.0008818342151675485,0.0019148400100781054,0.0,0.0012597631645250692,0.00047871000251952634,7.558578987150416e-05,0.0014109347442680777,0.0006046863189720333,0.002217183169564122,0.0018644494834971026,0.0015117157974300832,0.00012597631645250694,0.001033005794910557,0.0003023431594860166,0.0019400352733686067,0.0005291005291005291,0.0016124968505920887,0.0005542957923910305,0.0009574200050390527,2.5195263290501386e-05,0.0017888636936255985,0.00012597631645250694,0.000327538422776518,0.0017888636936255985,0.0012093726379440665,0.0008818342151675485,0.0016628873771730914,0.0015369110607205846,0.0014613252708490804,0.0007306626354245402,0.0006046863189720333,0.0005542957923910305,5.039052658100277e-05,0.000982615268329554,0.00022675736961451248,0.0008314436885865457,0.00010078105316200554,7.558578987150416e-05,0.000982615268329554,0.0002519526329050139,0.0011589821113630638,0.0006802721088435374,7.558578987150416e-05,0.0017132779037540942,0.0018140589569160999,2.5195263290501386e-05,5.039052658100277e-05,0.00045351473922902497,0.000781053162005543,0.0005794910556815319,0.0019148400100781054,0.00020156210632401108,0.0003527336860670194,0.000327538422776518,0.0011589821113630638,0.000327538422776518,0.00163769211388259,0.0,0.00010078105316200554,0.00047871000251952634,7.558578987150416e-05,0.0009574200050390527,0.0018644494834971026,0.0010582010582010583,0.0005542957923910305,0.00012597631645250694,0.0005794910556815319,2.5195263290501386e-05,0.00045351473922902497,0.0011337868480725624,0.00012597631645250694,0.0009322247417485513,0.00047871000251952634,0.00027714789619551525,0.0005542957923910305,0.0007054673721340388,0.0005542957923910305,0.0011589821113630638
eusebius_church_history,0.015864654285294263,0.007154407801244671,0.007730190620865389,0.0028421620032341843,0.0020948694075562306,0.008195717155877885,0.004189738815112461,0.0024868917528299114,0.0012128191306904493,0.0024623903562503062,0.004054981133924634,0.006970647326897633,0.004777772333022982,0.002082618709266428,0.0004532758367226932,0.002597148037438134,0.004643014651835154,0.002780908511785172,0.0024746410545401086,0.0033934434262752975,0.0016660949674131426,0.002131621502425638,2.4501396579605037e-05,0.00155583868280492,0.0024133875630910962,0.0020458666143970206,0.0035527025040427303,0.0017395991571519576,0.0022541284853236634,0.0016170921742539326,0.003283187141667075,0.0017028470622825502,0.0037977164698387808,0.002021365217817416,0.0011025628460822267,0.0011025628460822267,0.00330768853824668,0.0037242122800999655,0.0003797716469838781,0.002829911304944382,0.00041652374185328564,0.0003675209486940756,0.0018253540451805754,0.0009555544666045965,0.0016783456657029452,0.0009310530700249914,0.0024256382613808986,0.0018621061400499828,0.000330768853824668,0.0012128191306904493,0.0019723624246582054,0.00023276326750624785,0.0024133875630910962,0.0016783456657029452,0.0028176606066545795,0.0001960111726368403,0.0003920223452736806,0.002780908511785172,0.0026951536237565543,0.0005512814230411134,6.12534914490126e-05,0.0015313372862253147,0.002021365217817416,0.0031239280638996423,0.001886607536629588,0.0015680893810947223,0.002180624295584848,0.0001225069828980252,8.575488802861763e-05,0.000612534914490126,0.0006737884059391386,0.0015068358896457097,0.00034301955211447053,0.0013353261135884745,0.000612534914490126,0.000612534914490126,0.0006492870093595335,0.0009188023717351889,0.00040427304356348314,0.004777772333022982,0.001960111726368403,0.0005757828196207184,0.0019233596314989954,0.001225069828980252,0.0008943009751555839,0.003809967168128583,0.0016415935708335376,0.001935610329788798,0.0005512814230411134,0.0001837604743470378,0.001984613122948008,0.00020826187092664282,0.001935610329788798,0.0006492870093595335,0.0012128191306904493,0.0015435879845151173,0.000612534914490126,0.0007227911990983486,0.0010780614495026217,0.0012618219238496595,0.0007350418973881512,0.0011515656392414367,0.00040427304356348314,0.0018743568383397854,0.0030381731758710247,0.0002450139657960504,6.12534914490126e-05,0.0022051256921644534,2.4501396579605037e-05,0.0015313372862253147,0.001274072622139462,0.001041309354633214,0.002058117312686823,0.002082618709266428,0.0013720782084578821,0.001090312147792424,0.0022051256921644534,0.0007962953888371637,8.575488802861763e-05,0.002119370804135836,0.00011025628460822267,0.0005757828196207184,0.001090312147792424,0.0017886019503111678,4.900279315921007e-05,0.0010535600529230167,0.0003920223452736806,0.00022051256921644535,0.0011638163375312393,0.0007472925956779537,0.0023643847699318862,0.0016415935708335376,0.0016660949674131426,0.00041652374185328564,0.0003185181555348655,0.0003797716469838781,0.0023031312784828734,0.0008697995785759788,0.001065810751212819,0.0004410251384328907,0.0004410251384328907,0.0007472925956779537,0.0014088303033272897,7.35041897388151e-05,0.00035527025040427303,0.0014088303033272897,0.0009310530700249914,0.0007350418973881512,0.001016807958053609,0.002119370804135836,0.0011883177341108443,0.000661537707649336,0.0007595432939677562,0.0007595432939677562,0.00023276326750624785,0.0006737884059391386,0.0004655265350124957,0.0010535600529230167,0.000306267457245063,0.00022051256921644535,0.0008943009751555839,0.0002450139657960504,0.0014088303033272897,0.001200568432400647,0.00017150977605723527,0.0013108247170088695,0.0011760670358210417,2.4501396579605037e-05,7.35041897388151e-05,9.800558631842015e-05,0.0002695153623756554,0.0008575488802861763,0.0011638163375312393,0.00022051256921644535,0.00034301955211447053,0.00041652374185328564,0.0012128191306904493,0.0003797716469838781,0.002070368010976626,7.35041897388151e-05,0.0007105405008085461,0.0005267800264615084,0.000637036311069731,0.0009065516734453864,0.000661537707649336,0.0005635321213309159,0.001065810751212819,0.00015925907776743274,0.0011393149409516343,0.0001470083794776302,0.0003920223452736806,0.000992306561474004,0.00035527025040427303,0.0008330474837065713,0.000661537707649336,0.0003185181555348655,0.0009310530700249914,0.0006737884059391386,0.0008943009751555839,0.0012128191306904493
libanius_orations,0.01577991945598937,0.004117482048487623,0.007167707591063419,0.0007093547773432084,0.006164937883091884,0.006126245804327709,0.005465256125439719,0.003146955739486234,0.00406589261013539,0.0018475467609893564,0.003027655163296694,0.0035371008670249983,0.004717209269332336,0.0007964119545626022,0.000480426644655173,0.0029792900648414754,0.0036370554038324503,0.0013542227567461252,0.002927700626489242,0.002943822325974315,0.005091232697386028,0.0025311068191564484,0.0016508620272714669,0.006003720888241155,0.0008866934716790105,0.0010479104665297397,0.0038627591966234713,0.0009511802696193022,0.002950271005768344,0.003385556891865313,0.003595138985171261,0.0030760202617519127,0.001657310707065496,0.002211897169352004,0.000944731589825273,0.0015605805101550586,0.0029792900648414754,0.003150180079383248,0.0009382829100312439,0.0027697079715355275,0.0007287008167252959,0.0009382829100312439,0.0016895541060356419,0.00028696625083429793,0.00147029899303865,0.0013800174759222418,0.002392460203584821,0.0016282916479923649,0.0008834691317819959,0.0014993180521117814,0.002331197745541544,0.00014187095546864167,0.0016089456086102773,0.001950725637693823,0.0023473194450266167,0.0,0.0012284735007625563,0.0032114425374265253,0.00244082530204004,0.00034178002908354587,0.0002998636104223563,0.0011123972644700314,0.0010253400872506375,0.001982969036663969,0.001866892800371444,0.0005062213638312896,0.0020571288542953043,8.383283732237918e-05,0.0004707536249641292,0.0005997272208447126,0.0010575834862207834,0.0015315614510819273,4.191641866118959e-05,0.0022280188688370774,0.0008641230923999084,0.0015218884313908834,0.0018024060024311524,0.0016927784459326565,0.0003546773886716042,0.0018959118594445753,0.0017314705246968315,0.0018572197806804001,0.001850771100886371,8.705717721939376e-05,0.000270844551349225,0.002950271005768344,0.0010124427276625792,0.0014831963526267084,0.00236344114451169,0.0005126700436253188,0.001563804850052073,0.000580381181462625,0.002369889824305719,0.0031243853602071314,0.0005836055213596397,0.0014154852147894022,9.028151711640834e-05,0.0022344675486311067,0.0012510438800416585,0.0013961391754073148,0.0011478650033371917,0.00046108060527308545,0.0004900996643462167,0.002502087760083317,0.0022280188688370774,0.0003353313492895167,9.673019691043752e-06,0.0016315159878893793,3.546773886716042e-05,0.0007319251566223105,0.0009866480084864625,0.0012284735007625563,0.0013606714365401542,0.0009737506488984043,0.0012381465204536002,0.0011510893432342064,0.0009028151711640834,0.00042883720630293963,0.000828655353532748,0.002021661115428144,0.0010930512250879438,0.00042883720630293963,0.0018410980811953274,0.0015218884313908834,0.0003579017285686188,0.0026504073953459877,0.0006190732602268001,2.2570379279102085e-05,0.0006061759006387418,0.0007835145949745438,0.0014993180521117814,0.0023666654844087046,0.0012284735007625563,8.383283732237918e-05,0.0013316523774670231,0.00018701171402684584,0.0006416436395059021,0.00054168910269845,0.0008641230923999084,0.0008544500727088646,0.002070026213883363,0.0009511802696193022,0.001122070284161075,0.00012897359588058335,0.0003159853099074292,0.000789963274768573,0.0024666200212161565,0.0006964574177551501,0.002211897169352004,0.0008189823338417043,0.0014896450324207377,0.0013735687961282128,0.0009221612105461709,0.000270844551349225,0.00015476831505670003,0.0003321070093925021,0.0005610351420805375,0.0004965483441402459,0.0002579471917611667,0.00017089001454177294,0.00030953663011340006,0.0013703444562311981,0.0015992725889192336,0.0017540409039759335,4.836509845521876e-05,0.0012994089784968772,0.0011252946240580897,6.771113783730626e-05,0.0003707990881566771,0.00024182549227609379,0.00018378737412983126,0.0003192096498044438,0.0008770204519879668,0.0001773386943358021,0.0004191641866118959,0.0009640776292073605,0.0013316523774670231,0.0016282916479923649,0.0018572197806804001,0.00015476831505670003,0.00017411435443878752,0.0009705263090013897,0.0006029515607417271,0.0011349676437491334,0.0010479104665297397,0.0005545864622865084,0.0011639867028222647,9.99545368074521e-05,0.0008351040333267771,0.0001773386943358021,0.00012574925598356877,0.0013316523774670231,0.00024827417207012295,0.0016540863671684815,0.0012026787815864397,0.0001354222756746125,0.0012188004810715126,0.0007093547773432084,0.0003353313492895167,0.0012736142593207606
polybius_histories,0.014108764431752055,0.0039736524252189515,0.004385394406763913,0.001559925084475567,0.004483195352499058,0.009443659320185626,0.005039682733732035,0.0018102955055575387,0.0017428128530002885,0.0027599426886457993,0.004599578477923882,0.005082715149855499,0.007909162481601197,0.002940874438255818,0.00018288776852472163,0.005256800833264057,0.005310591353418387,0.006258282517591945,0.0059003310562013135,0.00378391859049277,0.0030523675163938837,0.0033115400225920185,0.0006044098446431977,0.0023794970097360843,0.001793669344782564,0.003405428930497758,0.003660689398866487,0.0032616615402670944,0.0018230096285031076,0.0026543176672518425,0.0034973618194887946,0.0026738778563988714,0.002204433316870174,0.004830388709858824,0.0007188369511533176,0.0005946297500696832,0.004662171083194375,0.002011765453771938,0.0005760475703800056,0.0012939065120759717,0.00046162046386988563,0.0005760475703800056,0.000918350880453014,0.0005770255798373571,0.0008939006440192277,0.0005584434001476795,0.003543328263984313,0.002119346494080598,0.0002542824589113777,0.0005105209367374582,0.0029252262869381945,0.0001095370592233627,0.0026934380455459006,0.001957974933617608,0.003241123341662714,0.0,0.0001378993334865548,0.0021574888629173044,0.0040303769737453365,0.0016381658410636831,0.0032293872281744965,0.001125688885411522,0.0013516090700597075,0.004310087678547851,0.0011002606395203842,0.0005848496554961687,0.002170202985862873,7.041668092930458e-05,0.0002102720333305623,0.0019922052646249087,0.00030220492232159885,0.0007921876604546766,0.0002190741184467254,0.0012939065120759717,0.0015677491601343784,0.0007980557171987853,0.000680694582316611,0.0008714064265001443,0.0016068695384284365,0.003208849029570116,0.002318860423380294,0.0001711516550365042,0.0018083394866428358,8.802085116163073e-05,9.877895519249671e-05,0.005322327466906605,0.00226898194105537,0.002113478437336489,0.0012244678406040186,0.000360885489762686,0.003416187034528624,0.00016137156046298968,0.0033418583157699133,0.0005956077595270346,0.0007471992254165098,0.0017164065976517993,0.00046162046386988563,0.00035012738573182,0.00024156833596580878,0.0011638312542482285,0.0005232350596830271,0.0010269099302190252,0.0007266610268121293,0.00325872751189504,0.002283652082915642,0.0002748206575157582,4.890047286757263e-06,0.0011080847151791959,9.780094573514526e-06,0.002270937959970073,0.0026631197523680054,0.0010699423463424891,0.00214086270214233,0.0016968464085047703,0.0013525870795170589,0.0009261749561118255,0.0025985711281828095,0.0009046587480500937,0.0001877778158114789,0.002190741184467254,4.5966444495518273e-05,0.0004919387570477806,0.0005965857689843861,0.0009926795992117243,5.0856491782275536e-05,0.0009604052871191264,0.0003735996127082549,0.000133987295657149,0.0015090685926932913,0.0003882697545685267,0.0020489298131512934,0.00140050954292728,0.002206389335784877,1.85821796896776e-05,0.0004332581896066935,0.00022885421302023992,0.002195631231754011,0.0007374191308429953,0.0021467307588864384,0.00033447923441419676,0.0005965857689843861,0.0001320312767424461,0.0012645662283554283,0.0001378993334865548,0.00039120378294058104,0.0029917309300380936,0.000937911069600043,0.0006630904120842848,0.001867020054083923,0.0018748441297427346,0.001525694753468266,0.0011745893582790945,0.00039511582076998683,0.00023178824139229425,0.0002660185723995951,0.0003706655843362005,0.000278732695345164,0.00110417267734979,8.899886061898218e-05,0.00016039355100563822,0.0008371760954928434,0.00016723961720709838,0.0008107698401443542,0.0011608972258761742,0.00015941554154828678,0.0016156716235445996,0.0010836344787454094,7.43287187587104e-05,0.0001095370592233627,0.00016039355100563822,0.0001486574375174208,0.0006141899392167122,0.001949172848501445,0.0001095370592233627,0.0010973266111483299,0.0004097859626302586,0.0007677374240208902,0.00018288776852472163,0.002290498149117102,2.1516208061731955e-05,0.00035795146139063166,0.000453796388211074,0.0006630904120842848,0.0007247050078974264,0.0010660303085130833,0.0006220140148755238,0.0007403531592150496,0.0011481831029306053,0.0007794735375091077,0.0001114930781380656,0.0002141840711599681,0.001009305759986699,0.00026015051565548636,0.001116886800295359,0.0004489063409243167,0.0003276331682127366,0.0006435302229372558,0.000598541787899089,0.0005085649178227554,0.0007657814051061874
mark_gospel,0.030011894958367646,0.021319425382011162,0.01043096349162778,0.009104218135236526,0.00022874919937780218,0.005123982066062769,0.008783969256107603,0.00521548174581389,0.0021044926342757802,0.005444230945191692,0.0019214932747735384,0.002516241193155824,0.0041174855888004395,0.0032024887912892306,0.0025619910330313845,0.001784243755146857,0.0021044926342757802,0.0020129929545246593,0.0043004849483026806,0.0015554945557690548,0.0016012443956446153,0.002333241833653582,0.003248238631164791,0.0015097447158934944,0.0016012443956446153,0.003934486229298198,0.0025619910330313845,0.003751486869795956,0.001692744075395736,0.0005947479183822857,0.003934486229298198,0.0006862475981334065,0.005627230304693934,0.0033397383109159116,0.00032024887912892306,0.001784243755146857,0.0043004849483026806,0.0016012443956446153,0.00022874919937780218,0.0012352456766401318,0.0017384939152712965,0.00022874919937780218,0.0005947479183822857,0.0010064964772623297,0.001784243755146857,0.0006862475981334065,0.0021502424741513403,0.0019214932747735384,0.0,0.0008234971177600879,0.0043004849483026806,0.0017384939152712965,0.0006862475981334065,0.000731997438008967,0.0008692469576356482,0.0016469942355201758,0.0016469942355201758,0.001784243755146857,0.004071735748924879,0.00045749839875560436,0.00022874919937780218,0.002333241833653582,0.001692744075395736,0.0020129929545246593,0.0003659987190044835,0.0012809955165156922,0.0014182450361423734,0.0,4.5749839875560434e-05,0.0005032482386311648,0.002927989752035868,0.004895232866684966,0.0,0.0019214932747735384,0.00032024887912892306,0.0010064964772623297,0.00018299935950224174,0.0010522463171378901,0.00032024887912892306,0.0012809955165156922,0.00018299935950224174,0.0013267453563912527,0.0009607466373867692,0.00032024887912892306,0.0005032482386311648,0.0034312379906670325,0.0011894958367645713,0.00032024887912892306,0.0006862475981334065,0.0011894958367645713,0.0016469942355201758,0.0010522463171378901,0.0021959923140269007,0.0020129929545246593,0.000731997438008967,0.0005947479183822857,0.0001372495196266813,0.0014182450361423734,0.00041174855888004394,0.001372495196266813,0.0008234971177600879,0.0012809955165156922,0.0009149967975112087,0.002607740872906945,0.0010522463171378901,0.0013267453563912527,0.0,0.0005947479183822857,0.0,0.0010979961570134504,0.0021502424741513403,0.001692744075395736,0.0009149967975112087,0.0016012443956446153,0.0016012443956446153,0.0009149967975112087,0.001463994876017934,0.0009607466373867692,0.0006404977582578461,0.001372495196266813,0.00022874919937780218,0.000731997438008967,0.0007777472778845274,0.002333241833653582,0.0009607466373867692,0.0005032482386311648,0.0009149967975112087,0.001967243114649099,0.0,0.0029737395919114283,0.0021044926342757802,0.0010064964772623297,0.0010522463171378901,0.0005032482386311648,0.0002744990392533626,4.5749839875560434e-05,0.0005947479183822857,0.0010522463171378901,0.000731997438008967,0.0008234971177600879,0.0010064964772623297,0.0005489980785067252,0.0010979961570134504,4.5749839875560434e-05,4.5749839875560434e-05,0.0013267453563912527,0.0005032482386311648,0.0008692469576356482,0.0008234971177600879,0.0021959923140269007,0.0012809955165156922,0.0010522463171378901,0.0020129929545246593,0.00018299935950224174,0.0,0.0015554945557690548,4.5749839875560434e-05,0.0011894958367645713,0.0012809955165156922,0.00041174855888004394,0.0008234971177600879,0.00018299935950224174,0.0005032482386311648,0.0015554945557690548,9.149967975112087e-05,0.0016469942355201758,0.002836490072284747,0.0,0.0,0.0,0.00022874919937780218,0.0002744990392533626,0.0008234971177600879,0.000731997438008967,0.00018299935950224174,0.00041174855888004394,0.0005489980785067252,0.00018299935950224174,0.0010979961570134504,0.00022874919937780218,0.0003659987190044835,0.00041174855888004394,0.0011437459968890108,0.0010979961570134504,0.00045749839875560436,0.0021959923140269007,0.0005032482386311648,0.0,0.0011894958367645713,0.0002744990392533626,4.5749839875560434e-05,0.0005947479183822857,0.00022874919937780218,0.0016012443956446153,0.0005947479183822857,9.149967975112087e-05,0.00041174855888004394,0.0006404977582578461,0.0005032482386311648,0.0005489980785067252
matthew_gospel,0.022080763875074596,0.01563556793316093,0.012054903520986673,0.0072408991446190575,0.000437636761487965,0.006286055301372588,0.006723692062860553,0.005291426297990849,0.0019494728466282077,0.0046946488959618065,0.0015516212452755121,0.0031032424905510243,0.0038591605331211457,0.0041774418142033025,0.003978516013526954,0.0021483986473045556,0.002108613487169286,0.0017107618858165903,0.003978516013526954,0.001233339964193356,0.0009946290033817386,0.0017107618858165903,0.0,0.0015914064054107818,0.0014322657648697037,0.005052715337179232,0.002267754127710364,0.004575293415555998,0.0013526954445991645,0.0005967774020290431,0.0034215237716331806,0.0005569922418937736,0.003222597970956833,0.0028645315297394073,0.00047742192162323455,0.0023473244479809033,0.0033817386114979114,0.0023473244479809033,7.957032027053909e-05,0.0011139844837875473,0.0027451760493335986,7.957032027053909e-05,0.0005967774020290431,0.0015914064054107818,0.002546250248657251,0.0007957032027053909,0.0016311915655460513,0.001312910284463895,0.00023871096081161728,0.0007161328824348518,0.0037000198925800677,0.0022279689675750946,0.00039785160135269546,0.00087527352297593,0.0011537696439228168,0.001989258006763477,0.002267754127710364,0.0015118360851402426,0.0028645315297394073,0.0005967774020290431,3.9785160135269546e-05,0.002188183807439825,0.0017107618858165903,0.0033419534513626416,0.0009946290033817386,0.001312910284463895,0.0005569922418937736,0.00023871096081161728,0.00015914064054107818,0.00023871096081161728,0.003739805052715337,0.0022279689675750946,0.00011935548040580864,0.0011537696439228168,0.0008354883628406604,0.00087527352297593,0.001034414163517008,0.0014322657648697037,0.00039785160135269546,0.0018699025263576685,0.0006763477222995822,0.001830117366222399,0.0011139844837875473,0.00039785160135269546,0.00031828128108215637,0.0027849612094688683,0.0015516212452755121,0.0005569922418937736,0.00047742192162323455,0.0027451760493335986,0.0017107618858165903,0.0015118360851402426,0.0007559180425701213,0.001312910284463895,0.0005569922418937736,0.0005569922418937736,7.957032027053909e-05,0.002108613487169286,0.001830117366222399,0.0017903322060871295,0.001830117366222399,0.0017903322060871295,0.0024268947682514422,0.001233339964193356,0.0005967774020290431,0.0003580664412174259,0.0,0.000517207081758504,0.0,0.0008354883628406604,0.0016709767256813208,0.0015516212452755121,0.0007161328824348518,0.0015914064054107818,0.0016311915655460513,0.00047742192162323455,0.0015118360851402426,0.0015118360851402426,0.0010741993236522778,0.0017107618858165903,0.00023871096081161728,0.0007957032027053909,0.0007161328824348518,0.002108613487169286,0.0016311915655460513,0.00047742192162323455,0.0013526954445991645,0.0005967774020290431,0.0003580664412174259,0.002466679928386712,0.00175054704595186,0.0014720509250049731,0.0011935548040580863,0.00031828128108215637,0.00015914064054107818,7.957032027053909e-05,0.000517207081758504,0.0005569922418937736,0.0008354883628406604,0.001233339964193356,0.0014720509250049731,0.0010741993236522778,0.0016709767256813208,7.957032027053909e-05,0.00011935548040580864,0.00087527352297593,0.00047742192162323455,0.0003580664412174259,0.001233339964193356,0.0015914064054107818,0.0019494728466282077,0.0005569922418937736,0.002108613487169286,3.9785160135269546e-05,0.00011935548040580864,0.0019494728466282077,0.00023871096081161728,0.000517207081758504,0.0009548438432464691,0.0009548438432464691,0.0005967774020290431,0.00015914064054107818,0.0007957032027053909,0.001233339964193356,7.957032027053909e-05,0.0026656057290630596,0.001989258006763477,0.0,0.0,0.0,0.00047742192162323455,0.00023871096081161728,0.0006763477222995822,0.0009150586831111995,0.0003580664412174259,0.0006365625621643127,0.0003580664412174259,0.0006365625621643127,0.0013526954445991645,0.0016311915655460513,0.000517207081758504,0.0003580664412174259,0.0017903322060871295,0.00047742192162323455,0.0005967774020290431,0.0015516212452755121,0.00039785160135269546,0.0,0.0012731251243286255,0.0007559180425701213,3.9785160135269546e-05,0.00023871096081161728,0.00011935548040580864,0.0009946290033817386,0.0005967774020290431,3.9785160135269546e-05,0.0006365625621643127,0.000437636761487965,0.0008354883628406604,0.00031828128108215637
luke_gospel,0.02507684840640673,0.018982904600118644,0.011432885725071456,0.00733430405004584,0.00016178611875101117,0.005932157687537076,0.007711804993798199,0.004314296500026965,0.001887504718761797,0.003990724262524942,0.001941433425012134,0.0026425066062665155,0.0031817936687698863,0.003775009437523594,0.0024267917812651673,0.0015100037750094375,0.0024267917812651673,0.001941433425012134,0.002804292725017527,0.00183357601251146,0.0008089305937550558,0.001995362131262471,0.0,0.0024267917812651673,0.002103219543763145,0.004476082618777975,0.003127864962519549,0.0043682252062773015,0.002211076956263819,0.0011864315375074153,0.0026964353125168527,0.0012403602437577523,0.003127864962519549,0.0023189343687644933,0.0007550018875047187,0.0011325028312570782,0.0025346491937658414,0.002049290837512808,0.00037750094375235937,0.000970716712506067,0.0017257186000107858,0.00037750094375235937,0.0007010731812543817,0.002049290837512808,0.0022650056625141564,0.00021571482500134823,0.0024807204875155046,0.0024807204875155046,0.00037750094375235937,0.00091678800625573,0.003936795556274605,0.0012403602437577523,0.000970716712506067,0.0007010731812543817,0.0011325028312570782,0.001024645418756404,0.0011325028312570782,0.002049290837512808,0.002211076956263819,0.0011325028312570782,0.0,0.001941433425012134,0.002103219543763145,0.0024807204875155046,0.0016717898937604486,0.0013482176562584264,0.0012403602437577523,0.0002696435312516853,0.00032357223750202233,0.00032357223750202233,0.002966078843768538,0.00420643908752629,0.0002696435312516853,0.00091678800625573,0.000970716712506067,0.001024645418756404,0.001024645418756404,0.0015639324812597745,0.0007550018875047187,0.0016717898937604486,0.0005392870625033706,0.0023189343687644933,0.0008089305937550558,0.00032357223750202233,0.00091678800625573,0.0023728630750148305,0.0014560750687591004,0.0004853583562530335,0.0002696435312516853,0.0013482176562584264,0.0016178611875101116,0.0012403602437577523,0.0022650056625141564,0.0014560750687591004,0.0008089305937550558,0.000970716712506067,5.392870625033706e-05,0.00091678800625573,0.0017257186000107858,0.0016178611875101116,0.0021571482500134824,0.0012942889500080893,0.0014560750687591004,0.0025885779000161787,0.0012403602437577523,0.00016178611875101117,0.0,0.0006471444750040447,0.0,0.0007010731812543817,0.001941433425012134,0.001024645418756404,0.00091678800625573,0.0014560750687591004,0.0017796473062611229,0.0007550018875047187,0.00183357601251146,0.0011325028312570782,0.0007550018875047187,0.0016717898937604486,0.0002696435312516853,0.0005932157687537076,0.00091678800625573,0.001941433425012134,0.0016717898937604486,0.0008089305937550558,0.0011864315375074153,0.0007550018875047187,0.00032357223750202233,0.002103219543763145,0.0015100037750094375,0.0017257186000107858,0.0015100037750094375,0.00091678800625573,0.00032357223750202233,0.0002696435312516853,0.0006471444750040447,0.0026425066062665155,0.00091678800625573,0.0007010731812543817,0.0008628593000053929,0.0008089305937550558,0.000970716712506067,0.0,5.392870625033706e-05,0.0014560750687591004,0.0007550018875047187,0.0006471444750040447,0.0016178611875101116,0.0014021463625087634,0.0011325028312570782,0.00016178611875101117,0.0017796473062611229,0.0002696435312516853,0.00021571482500134823,0.0014021463625087634,0.00032357223750202233,0.000970716712506067,0.0012403602437577523,0.0007010731812543817,0.0012403602437577523,0.00010785741250067412,0.0005932157687537076,0.002049290837512808,0.0,0.002103219543763145,0.001995362131262471,0.0,0.0,0.0,0.0002696435312516853,0.0005392870625033706,0.0007550018875047187,0.0005392870625033706,0.00037750094375235937,0.0005392870625033706,0.0008628593000053929,0.0005932157687537076,0.0013482176562584264,0.0011864315375074153,0.0006471444750040447,0.0008628593000053929,0.0015639324812597745,0.0005392870625033706,0.0011325028312570782,0.0008089305937550558,0.0008089305937550558,0.0,0.0016717898937604486,0.0006471444750040447,5.392870625033706e-05,0.0002696435312516853,0.00016178611875101117,0.001024645418756404,0.0005932157687537076,5.392870625033706e-05,0.0006471444750040447,0.001024645418756404,0.0008628593000053929,0.0008628593000053929
diogenes_laertius_lives,0.02008593371703167,0.006362282330875458,0.00621517753709799,0.0019736559831810187,0.0033650221576595626,0.0059761322472096055,0.004584766072731062,0.0031872705318451234,0.001992044082403202,0.0022065719066620085,0.007018124536466665,0.002764344249734905,0.004069899294509926,0.0012565201135158659,0.0005455136102581076,0.003181141165437729,0.0039473119663620375,0.0020104321816253852,0.0026294981887722267,0.0034753507529926633,0.0028072498145866663,0.002151407608995458,2.451746562957787e-05,0.0026294981887722267,0.0009316636939239591,0.0010481216556644539,0.0028072498145866663,0.0005761604422950799,0.0044376612789535945,0.0035734206155109745,0.003696007943658864,0.0035489031498813967,0.0032608229287338568,0.001955267883958835,0.0008090763657760697,0.0027582148833275102,0.0022127012730694027,0.004002476264028588,0.0025007814942169426,0.002316900501995109,0.0022739949371433474,0.0025007814942169426,0.00178364562455179,0.00027582148833275107,0.001636540830774323,0.0012381320142936824,0.0020655964792919354,0.001820421822996157,0.0005332548774433187,0.0016426701971817173,0.002335288601217292,1.2258732814788935e-05,0.004964786789989519,0.0016917051284408731,0.001667187662811295,0.0,0.0001532341601848617,0.0024210997309208147,0.0017897749909591846,0.0007784295337390974,3.064683203697234e-05,0.001992044082403202,0.0016855757620334786,0.0019123623191070738,0.0014710479377746722,0.0010787684877014263,0.00235980606684687,0.00010419922892570594,0.00010419922892570594,0.0008029469993686753,0.0010419922892570595,0.0018142924565887624,0.00017775162581443955,0.0016794463956260842,0.00040453818288803487,0.0007906882665538863,0.0007110065032577582,0.0011339327853679764,0.0006006779079246579,0.0024823933949947594,0.0016058939987373506,0.00018388099222183403,0.0016917051284408731,0.00012258732814788935,0.00047809057977676845,0.0022188306394767972,0.0013055550447750217,0.0009684398923683259,0.0008458525642204366,0.0006006779079246579,0.0020104321816253852,0.00014097542737007276,0.002911449043512372,0.0010419922892570595,0.0007171358696651528,0.0012258732814788935,0.0028011204481792717,0.0003738913508510625,0.0003984088164806404,0.0008826287626648034,0.0007968176329612808,0.0003432445188140902,0.00014097542737007276,0.003107588768548995,0.00241497036451342,9.194049611091701e-05,1.2258732814788935e-05,0.0016058939987373506,4.903493125915574e-05,0.0013300725104045995,0.0015446003346634059,0.0008274644649982531,0.0010174748236274815,0.0012994256783676271,0.0011094153197383986,0.001244261380701077,0.0017407400597000287,0.0003616326180362736,0.0007171358696651528,0.0020226909144401744,0.00010419922892570594,0.0004597024805545851,0.0015139535026264335,0.0020533377464771467,0.0,0.0013055550447750217,0.0006987477704429693,9.806986251831148e-05,0.0007968176329612808,0.0009990867244052983,0.0019613972503662296,0.002108502044143697,0.0007968176329612808,6.129366407394468e-05,0.0004964786789989519,0.00018388099222183403,0.002280124303550742,0.0005516429766655021,0.0008642406634426199,0.0006987477704429693,0.0006926184040355748,0.00015936352659225617,0.0011584502509975544,4.903493125915574e-05,0.0007723001673317029,0.0011890970830345268,0.0011645796174049488,0.000655842205591208,0.0016058939987373506,0.0019062329526996795,0.0010481216556644539,0.0010419922892570595,0.0009316636939239591,0.00023291592348098977,8.581112970352255e-05,0.0004903493125915574,0.0005577723430728966,0.001060380388479243,0.00026969212192535656,0.00011032859533310042,0.0011707089838123433,0.0003984088164806404,0.0008274644649982531,0.0011155446861457932,0.000563901709480291,0.001035862922849665,0.0012687788463306548,0.0005148667782211353,0.0005761604422950799,0.00047809057977676845,0.000747782701702125,0.001140062151775371,0.0011339327853679764,0.00017775162581443955,0.00020226909144401744,0.0005332548774433187,0.0007968176329612808,0.0006864890376281804,0.0018633273878479182,6.129366407394467e-06,0.00020226909144401744,0.00040453818288803487,0.00025743338911056766,0.0011094153197383986,0.0017959043573665791,0.0012994256783676271,0.0006190660071468412,0.00012258732814788935,0.0008274644649982531,7.968176329612808e-05,0.00017775162581443955,0.0010910272205162152,0.00020226909144401744,0.0009868279915905094,0.0011032859533310043,0.0009316636939239591,0.0011094153197383986,0.0008213350985908586,0.0006129366407394468,0.0007906882665538863
