id,αὐτο,ὐτοῦ,ντες,τοὺς,σθαι,εἶνα,ἶναι,ὐτῶν,αὐτῶ,τοῖς,ησοῦ,ἰησο,περὶ,κατὰ,αὐτὸ,ἄνδρ,εται,μενο,νδρε,δρες,ησεν,ριστ,πάντ,τρατ,στρα,χρισ,ὐτὸν,ντων,πρὸς,ὐθύν,εὐθύ,ησαν,ὑμῖν,βασι,ασιλ,αὐτῷ,ἐστι,στιν,καστ,θεοῦ,τούτ,δικα,οῦτο,θύνο,μένω,ύνου,σεις,ένων,οὐδὲ,τερο,ὑμῶν,κύρι,ἀθην,ενος,πόλε,ύριο,αστα,οἷον,θηνα,ομέν,ουσι,εσθα,νικί,ἁβρα,λόγο,σπερ,δαυε,αῦτα,ἰσρα,βραὰ,ραὰμ,μένο,τοῦτ,ντος,οῦντ,προσ,ικασ,ὥσπε,ερον,πολλ,ντας,ἀδικ,σωπο,ἀλλὰ,ἐκεῖ,όμεν,σταί,ἔχει,ἐγέν,νους,"ρες,",ὐτῆς,αὐτῆ,ἡμέρ,κυρί,ἄλλο,οντα,ἴσωπ,αἴσω,σοῦς,οὐσί,ταῦτ,ίους,"τοῦ,",παντ,ὑμᾶς,ήσει,ἔστι,λθεν,νδρο,οὕτω,πολο,ιστο,ριος,άντα,ἀπολ,άτων,ὑπὲρ,ὐσία,"ταί,",αυεὶ,υεὶδ,σιλε,ἀνθρ,οντο,ἰουδ,ξάνθ,σαντ,ρίου,παρα,νται,νθρώ,υσιν,θρώπ,σαοὺ,αοὺλ,αῖοι,ατος,γυνα,ουδα,ενοι,λέγε,δελφ,ακεδ,αὐτό,μάτω,κεῖν,ύτων,δειν,σεως,ούτω,δημο,κατα,υρίο,λλον,κείν,ἀγαθ,τέρα,"εῖν,",ἡμῶν,"ται,",ὐτοῖ,στερ,πορε,μεῖς,άνθο,άντω,ύειν,τέον,κόσμ,μέρα,ολεμ,ἐκεί,ηναῖ,λέγω,στον,ναῖο,ματα,ὥστε,ωπος,ικία,βουλ,μαρτ,ούτο,ενον,πιστ,καθά,ἀδελ,ὐτόν,ἐπισ,νόμο,τηγο,ριθμ,οὔτε,άπερ,θάπε,αθάπ,ολογ,ότερ,χρόν
herodotus_histories,0.001843405042839183,0.0007121696223320891,0.00482046785183965,0.0034251967550257617,0.0036141397160526422,0.0012353962836372974,0.0012232845553663435,0.0009326030768634499,0.0009326030768634499,0.0,9.689382616763117e-06,0.0,0.0010052734464891734,0.0012257069010205342,0.0010464533226104166,0.0007509271527991415,0.001567257638261434,0.004980342665016242,0.0002882591328487027,0.00023012283714812402,0.0,0.0005208043156510175,0.0016520397361581114,0.0023084954084438124,0.0023520976302192466,0.0,0.0005159596243426359,0.0014194945533557966,0.0017125983775128808,0.0,0.0,0.000811485794153911,0.0002664580219609857,0.0018143368949888935,0.0017949581297553674,0.00031732728069899205,0.00024950160238165027,2.4223456541907792e-05,0.0003803082677079523,7.02480239715326e-05,0.0026670025652640477,0.0001744088871017361,0.00208321726260407,0.0,0.0007000578940611352,7.267036962572337e-05,7.509271527991415e-05,0.0007218590049488521,0.0007848399919578124,0.0014340286272809413,0.0,4.8446913083815585e-06,0.0011554588770490016,0.001983901090782248,0.00014534073925144675,0.0001501854305598283,7.751506093410494e-05,2.906814785028935e-05,0.0010997449270026137,0.002228558001855517,0.0019814787451280574,0.0018143368949888935,0.0,0.0,0.0007363930788739969,9.447148051344038e-05,0.0,0.002882591328487027,0.0,0.0,0.0,0.0023642093584902006,0.0018797402276520445,0.000855088015929345,0.00010173851747601272,0.001174837642282528,3.1490493504480125e-05,7.267036962572337e-05,0.0010876331987316598,0.0015914810948033419,0.0014316062816267505,0.00011385024574696662,3.3912839158670906e-05,0.0005304936982677807,0.00021074407191459777,0.0032410984853072622,3.1490493504480125e-05,0.00046751271125882035,0.0005668288830806423,0.0009616712247137392,3.875753046705247e-05,0.000208321726260407,0.000208321726260407,0.0005232266613052083,7.267036962572338e-06,0.0010634097421897521,0.0026452014543763306,2.4223456541907792e-06,2.4223456541907792e-06,0.0,7.267036962572338e-06,0.0023642093584902006,0.0010270745573768903,0.00010173851747601272,0.00035366246551185376,0.0,0.0003463954285492814,0.0003439730828950906,0.0,0.00031974962635318284,0.00111912369223614,3.633518481286169e-05,0.0005740959200432146,9.689382616763117e-05,0.0009180690029383053,0.0003318613546241367,0.0004311775264459587,0.0001283843196721113,0.0,7.267036962572338e-06,0.0,0.0,0.0005401830808845437,0.0005498724635013069,0.0022309803475097077,0.0,1.6956419579335453e-05,0.0015188107251776185,0.00021558876322297935,0.000988317026909838,0.001567257638261434,0.0005086925873800636,4.8446913083815585e-05,0.0005086925873800636,0.0,0.0,0.0005401830808845437,0.0004868914764923466,0.0006855238201359905,2.180111088771701e-05,0.0020541491147537806,0.0005329160439219715,0.0005086925873800636,0.0006661450549024642,0.0003439730828950906,0.00036092950247442607,0.00023496752845650557,0.0010052734464891734,0.00018652061537269,0.0,0.0010052734464891734,0.00010900555443858505,0.001501854305598283,9.204913485924961e-05,0.000603164067893504,0.00037546357639957074,0.00022285580018555168,0.00036577419378280764,0.00013322901098049286,0.0,0.0008163304854622925,0.0002809920958861304,0.00039968703294147856,0.0001744088871017361,0.00028341444154032113,1.6956419579335453e-05,0.0006758344375192274,0.00026403567630679494,0.00014534073925144675,6.540333266315104e-05,0.0001283843196721113,0.00016471950448497297,0.0003415507372408999,0.00042391048948338633,0.00023738987411069635,0.0003972646872872878,0.0004360222177543402,0.0007921070289203848,0.0003342837002783275,1.9378765233526234e-05,0.0,0.0008623550528919174,0.00010173851747601272,0.001414649862047415,0.0009083796203215421,0.0003851529590163339,2.4223456541907792e-06,0.00027130271326936725,9.447148051344038e-05,0.00032943900896994594,0.00022527814583974244,0.0001501854305598283,0.00014534073925144675,0.0008865785094338252,0.0,0.0,2.4223456541907792e-06,0.0001041608631302035,0.0008357092506958188,0.000646766289668938
thucydides_history,0.004508121969744404,0.0006914631523641778,0.006884686269011834,0.005044414257207959,0.0033103117845466154,0.001132475084187,0.001132475084187,0.0015027073232481345,0.0015027073232481345,0.004140612026558719,0.0,0.0,0.0013965377841056034,0.0016851011469032524,0.0010181386574181202,0.00047640177820366584,0.0006479064183569855,0.003860215551387418,0.0002014498947832644,0.0001578931607760721,0.0001442816813988245,0.0002994525462994471,0.0006887408564887283,0.002175114404484166,0.0022159488426159086,0.0,0.0003865660143138317,0.0017422693602876923,0.002175114404484166,2.7222958754495193e-06,4.900132575809135e-05,0.001652433596397858,0.00028039647517130045,0.0005444591750899038,0.00045734570707551924,0.0005226808080863077,0.00016878234427787018,0.00026406269991860335,0.0004274004524455745,2.7222958754495193e-05,0.0010154163615426707,0.00022322826178686057,0.0008575232007665986,0.0,0.0008030772832576081,0.00010344724326708173,0.000141559385523375,0.0008330225378875529,0.0007105192234923245,0.0018702172664338196,0.00024772892466590625,1.6333775252697116e-05,0.004072554629672481,0.0008112441708839566,0.001845716603554774,0.0001007249473916322,0.00011433642676887981,2.7222958754495193e-05,0.003977274274031747,0.0017204909932840961,0.0010671399831762114,0.001573487016009822,0.00023411744528865864,0.0,0.00046006800295096873,0.0005362922874635553,0.0,0.0008248556502612042,0.0,0.0,0.0,0.0020389996107116897,0.0006887408564887283,0.0008221333543857547,0.001499985027372685,0.002180558996235065,3.266755050539423e-05,0.00044917881944917063,0.0015244856902517307,0.001704157218031399,0.0018783841540601681,0.0003130640256766947,5.4445917508990385e-06,0.0006070719802252428,0.00036750994318568507,0.002463677767281815,5.4445917508990385e-05,0.00026134040404315385,0.0005798490214707476,0.001195087889322339,1.0889183501798077e-05,0.0001578931607760721,0.0001578931607760721,0.0004083443813174279,2.7222958754495193e-06,0.0012332000315786321,0.0021125015993488268,0.0,2.7222958754495193e-06,0.0,8.166887626348558e-06,0.0006206834596024903,0.0024990676136626587,8.166887626348558e-05,0.0005390145833390048,0.00029128565867309855,0.0004083443813174279,0.00020417219065871394,8.711346801438462e-05,0.00013883708964792548,0.00036478764731023557,6.261280513533894e-05,0.0005117916245845096,1.9056071128146635e-05,0.0004165112689437764,0.00024772892466590625,0.0003293978009293918,0.0001578931607760721,8.166887626348558e-06,1.3611479377247596e-05,0.0,0.0,0.0001960053030323654,0.0002558958122922548,0.0019954428767044977,0.0,0.0,0.0023112291982566417,0.00021506137416051201,0.001625210637643363,0.0013638702336002092,0.00022050596591141104,0.0005880159090970961,0.00022050596591141104,0.0,0.0,0.0016606004840242067,0.0004001774936910793,8.983576388983413e-05,0.0,0.0025562358270470984,0.00017422693602876923,0.0001007249473916322,0.0018865510416865166,0.0004219558606946755,0.00028039647517130045,0.00043284504419647353,0.0003021748421748966,0.0002422843329150072,0.00027767417929585095,0.00030489713805034616,0.0004056220854419783,0.0014074269676074014,0.0001007249473916322,0.0014074269676074014,0.0005308476957126562,0.00020417219065871394,0.0004709571864527668,0.0005199585122108582,0.00033756468855574036,0.0007976326915067091,0.0014237607428600986,0.0009691373316600288,0.000141559385523375,0.0003430092803066394,2.7222958754495193e-06,0.0004954578493318125,0.00028311877104675,3.811214225629327e-05,7.350198863713701e-05,0.0003157863215521442,0.0007649651410013148,0.0005063470328336106,0.0013883708964792546,9.80026515161827e-05,0.00044645652357372113,0.0014509837016145938,0.0005063470328336106,0.0005580706544671514,8.166887626348558e-06,0.00030761943392579566,0.0010671399831762114,0.00017422693602876923,0.0004410119318228221,0.0004655125947018678,0.0005226808080863077,3.266755050539423e-05,4.355673400719231e-05,0.00015244856902517308,0.00026678499579405285,0.00014700397727427403,0.00029128565867309855,3.811214225629327e-05,0.0005852936132216466,2.7222958754495193e-05,2.1778367003596154e-05,2.1778367003596154e-05,0.00014972627314972355,0.000854800904891149,0.0005063470328336106
lysias_orations,0.0018323408153916628,0.00022904260192395785,0.0025194686211635364,0.004580852038479157,0.004351809436555199,0.0022904260192395786,0.0022904260192395786,0.0006871278057718735,0.0006871278057718735,0.005038937242327073,0.0,0.0,0.003435639028859368,0.0011452130096197893,0.001603298213467705,0.004580852038479157,0.0006871278057718735,0.0025194686211635364,0.004580852038479157,0.004580852038479157,0.0004580852038479157,0.00022904260192395785,0.0018323408153916628,0.0004580852038479157,0.0004580852038479157,0.0,0.0009161704076958314,0.0011452130096197893,0.001374255611543747,0.0,0.0,0.0,0.0025194686211635364,0.0,0.0,0.0006871278057718735,0.00022904260192395785,0.0004580852038479157,0.0004580852038479157,0.0,0.002748511223087494,0.0009161704076958314,0.0011452130096197893,0.0,0.0009161704076958314,0.00022904260192395785,0.0,0.0009161704076958314,0.001603298213467705,0.002061383417315621,0.00022904260192395785,0.00022904260192395785,0.0004580852038479157,0.001374255611543747,0.001603298213467705,0.00022904260192395785,0.0,0.0,0.0004580852038479157,0.0018323408153916628,0.0018323408153916628,0.001374255611543747,0.0,0.0,0.00022904260192395785,0.0004580852038479157,0.0,0.0038937242327072834,0.0,0.0,0.0,0.003435639028859368,0.0009161704076958314,0.00022904260192395785,0.00022904260192395785,0.0018323408153916628,0.0004580852038479157,0.00022904260192395785,0.002061383417315621,0.0009161704076958314,0.001374255611543747,0.0018323408153916628,0.00022904260192395785,0.001374255611543747,0.0004580852038479157,0.0006871278057718735,0.0,0.0009161704076958314,0.00022904260192395785,0.0011452130096197893,0.004122766834631242,0.0,0.0,0.0011452130096197893,0.0,0.0006871278057718735,0.0018323408153916628,0.0,0.0,0.0,0.0,0.00320659642693541,0.0009161704076958314,0.0,0.001603298213467705,0.0011452130096197893,0.00022904260192395785,0.00022904260192395785,0.0,0.0,0.003435639028859368,0.0,0.0004580852038479157,0.0,0.0011452130096197893,0.0006871278057718735,0.0011452130096197893,0.0004580852038479157,0.0,0.0,0.0,0.0,0.0,0.0006871278057718735,0.00022904260192395785,0.0,0.0,0.0004580852038479157,0.0,0.002061383417315621,0.0006871278057718735,0.0006871278057718735,0.0004580852038479157,0.0006871278057718735,0.0,0.0,0.0004580852038479157,0.001603298213467705,0.003435639028859368,0.0,0.0006871278057718735,0.0004580852038479157,0.00022904260192395785,0.0,0.0004580852038479157,0.0011452130096197893,0.001603298213467705,0.001603298213467705,0.0004580852038479157,0.0,0.001603298213467705,0.00022904260192395785,0.0011452130096197893,0.0,0.0004580852038479157,0.00320659642693541,0.00022904260192395785,0.0004580852038479157,0.0009161704076958314,0.00022904260192395785,0.0006871278057718735,0.0009161704076958314,0.0006871278057718735,0.0,0.00022904260192395785,0.0,0.0004580852038479157,0.0,0.00022904260192395785,0.00022904260192395785,0.0009161704076958314,0.0,0.002977553825011452,0.0004580852038479157,0.0,0.0004580852038479157,0.0004580852038479157,0.0004580852038479157,0.001374255611543747,0.0004580852038479157,0.0,0.0004580852038479157,0.001374255611543747,0.0022904260192395786,0.0004580852038479157,0.0,0.0,0.00022904260192395785,0.0004580852038479157,0.0,0.002977553825011452,0.00022904260192395785,0.0,0.001603298213467705,0.0,0.0,0.0,0.0004580852038479157,0.0011452130096197893,0.0018323408153916628
xenophon_anabasis,0.0025712074689832496,0.000657363721843614,0.005932915616132871,0.004609867112675471,0.00414388776554582,0.00196377010576067,0.001955449045990497,0.0007072900804646479,0.0007072900804646479,0.0035198082827828953,0.0,0.0,0.0008737112758680945,0.0007488953793155096,0.0013646538023082619,0.0008653902160979223,0.0008737112758680945,0.0034532398046215164,0.00047430040689982274,0.0004077319287384441,0.00011649483678241261,0.0004576582873594781,0.0014229012206994683,0.003985787629912546,0.004027392928763408,0.0,0.0007655374988558542,0.0011483062482837813,0.0021967597793254947,0.0,1.6642119540344658e-05,0.001314727443687228,0.0006823269011541309,0.0016891751333449829,0.0015726802965625702,0.0012564800252960217,0.00035780557011741014,0.00046597934712965043,0.0003827687494279271,8.321059770172329e-06,0.0025212811103622157,0.00017474225517361892,0.0012564800252960217,0.0,0.0008237849172470606,1.6642119540344658e-05,9.985271724206795e-05,0.0007988217379365436,0.0009069955149487839,0.000757216439085682,0.00043269510804896114,8.321059770172329e-06,0.00016642119540344658,0.001189911547134643,0.0006490426620734417,0.00014977907586310194,0.00020802649425430823,9.153165747189563e-05,0.00016642119540344658,0.0012564800252960217,0.001289764264376711,0.0021551544804746334,8.321059770172329e-06,0.0,0.00014977907586310194,0.0005242267655208567,0.0,0.0018555963287484295,0.0,0.0,0.0,0.0020802649425430823,0.0011233430689732643,0.0005325478252910291,0.0014229012206994683,0.001314727443687228,8.321059770172329e-06,0.0004576582873594781,0.000557511004601546,0.0021301913011641162,0.001997054344841359,0.00020802649425430823,0.0,0.0010817377701224028,0.0003162002712665485,0.001922164806909808,4.1605298850861645e-05,0.00044933722758930576,0.0006656847816137863,0.0013812959218486066,0.00018306331494379125,3.3284239080689316e-05,3.3284239080689316e-05,0.0009735639931101626,0.0,0.0017141383126554998,0.0023631809747289415,0.0,0.0,0.0,0.0,0.0017307804321958446,0.00146450651955033,6.656847816137863e-05,0.00041605298850861647,0.0007655374988558542,0.00026627391264551453,0.0003078792114963762,6.656847816137863e-05,0.00023298967356482521,0.0007738585586260266,2.4963179310516987e-05,0.0006490426620734417,2.4963179310516987e-05,0.0005907952436822354,0.00034116345057706547,0.00026627391264551453,0.0002995581517262039,0.0,3.3284239080689316e-05,0.0,0.0,0.0006906479609243033,0.0003910898091980995,0.0026710601862253176,0.0,0.0,0.0012231957862153325,0.00020802649425430823,0.001589322416102915,0.0013812959218486066,0.0003827687494279271,0.0006157584229927524,0.0003827687494279271,0.0,0.0,0.00010817377701224028,0.0005991163034524077,0.0001997054344841359,8.321059770172329e-06,0.0016725330138046381,0.000632400542533097,0.00017474225517361892,0.00032452133103672085,0.0003661266298875825,0.0001997054344841359,0.0003078792114963762,0.0008404270367874053,0.00021634755402448057,9.985271724206795e-05,0.0008404270367874053,1.6642119540344658e-05,0.0017640646712765338,7.488953793155097e-05,0.0008653902160979223,0.0004077319287384441,0.0004992635862103397,0.00024963179310516986,0.00041605298850861647,0.0003078792114963762,0.0007156111402348203,0.000807142797706716,0.0005658320643717184,0.001747422551736189,0.0008487480965575776,0.0,0.0002995581517262039,0.0003078792114963762,0.00013313695632275727,2.4963179310516987e-05,0.0007156111402348203,0.0014229012206994683,0.0003994108689682718,0.00013313695632275727,0.00013313695632275727,0.00044933722758930576,0.00016642119540344658,0.0005991163034524077,0.000757216439085682,1.6642119540344658e-05,0.00011649483678241261,0.0010234903517311964,8.321059770172329e-05,0.0014312222804696406,0.0006656847816137863,0.0005075846459805121,8.321059770172329e-06,0.00013313695632275727,0.0001997054344841359,0.00026627391264551453,8.321059770172329e-05,0.0008321059770172329,6.656847816137863e-05,0.0008903533954084393,1.6642119540344658e-05,8.321059770172329e-06,8.321059770172329e-06,8.321059770172329e-05,0.00034948451034723783,0.00024963179310516986
xenophon_hellenica,0.003640738278405673,0.0007471428119162947,0.005932820464114984,0.0050653749960426755,0.0032418399974673126,0.0014626270301073226,0.0014626270301073226,0.001158704530344762,0.001158704530344762,0.003963655934403394,0.0,0.0,0.0014942856238325895,0.0012663437490106689,0.0011966948428150821,0.0006015132807800677,0.0004242251559185741,0.003969987653148447,0.0002849273435274005,0.00024693703105708043,0.0002722639060372938,0.0003799031247032007,0.001380314686421629,0.002444043435590591,0.0024883654668059643,0.0,0.0006584987494855478,0.0018172032798303098,0.002241428435748884,1.266343749010669e-05,3.1658593725266726e-05,0.0014816221863424826,0.0004115617184284674,0.0007281476556811347,0.0007218159369360813,0.000994079842973375,0.0001392978123911736,0.00018995156235160034,0.00024693703105708043,2.532687498021338e-05,0.00204514515465223,0.0001709564061164403,0.0007977965618767214,0.0,0.0009117674992876817,4.432203121537341e-05,6.96489061955868e-05,0.0008864406243074683,0.0007914648431316681,0.0008547820305822015,0.0002532687498021338,3.1658593725266726e-05,0.001671573748694083,0.0015955931237534428,0.0022477601544939373,9.497578117580017e-05,0.00022161015607686708,2.532687498021338e-05,0.0015955931237534428,0.001633583436223763,0.0010257384366986419,0.001361319530186469,6.331718745053345e-06,0.0,0.000183619843606547,0.0005381960933295343,0.0,0.0018108715610852565,0.0,0.0,0.0,0.002336404216924684,0.000696489061955868,0.0009370943742678951,0.0015765979675182828,0.0015765979675182828,3.7990312470320066e-05,0.0004938740621141609,0.000531864374584481,0.0017285592173995632,0.0017538860923797764,0.00025960046854718713,6.331718745053345e-06,0.0006395035932503879,0.0009244309367777883,0.0021781112482983506,6.331718745053345e-05,0.00024693703105708043,0.0006901573432108145,0.0011460410928546554,3.7990312470320066e-05,6.331718745053345e-05,6.331718745053345e-05,0.000607844999525121,3.1658593725266726e-05,0.0011333776553645487,0.002108462342102764,0.0,0.0,0.0,6.331718745053345e-06,0.0016652420299490297,0.0020894671858676037,8.231234368569348e-05,0.000569854687054801,0.0003988982809383607,0.00036090796846804067,0.00010130749992085352,0.00013296609364612025,0.0006395035932503879,0.0008864406243074683,9.497578117580017e-05,0.0005825181245449077,1.8995156235160033e-05,0.0006458353119954412,0.0003988982809383607,0.0003229176559977206,0.00018995156235160034,6.331718745053345e-06,3.1658593725266726e-05,0.0,0.0,0.00025960046854718713,0.00022161015607686708,0.002551682654256498,0.0,0.0,0.0014056415614018426,0.00017728812486149365,0.0010700604679140153,0.0006711621869756546,0.00021527843733181373,0.0005192009370943743,0.00021527843733181373,0.0,0.0,0.0012346851552854023,0.00037357140595814737,0.00013296609364612025,1.8995156235160033e-05,0.0019185107797511634,0.00029125906227245383,0.00020261499984170704,0.002773292810333365,0.00036090796846804067,0.0002975907810175072,0.0006584987494855478,0.0006205084370152278,0.00012030265615601354,5.6985468705480105e-05,0.0006205084370152278,0.0001582929686263336,0.0015386076550479627,8.231234368569348e-05,0.000734479374426188,0.0006268401557602811,0.0002975907810175072,0.0002659321872922405,0.00046221546838889416,0.000183619843606547,0.0003545762497229873,0.0011840314053249755,0.0005192009370943743,0.0005635229683097477,0.0005255326558394276,1.266343749010669e-05,0.000531864374584481,0.0003102542185076139,0.00012030265615601354,1.8995156235160033e-05,0.000386234843448254,0.001082723905404122,0.0005951815620350144,0.0007091524994459746,0.00012030265615601354,0.00025960046854718713,0.0007091524994459746,0.0008104599993668281,0.0006268401557602811,1.8995156235160033e-05,2.532687498021338e-05,0.0010320701554436952,0.0001266343749010669,0.0013486560926963625,0.00046221546838889416,0.00043055687466362746,3.1658593725266726e-05,0.0001392978123911736,0.00018995156235160034,0.0002659321872922405,0.0003419128122328806,0.0003229176559977206,3.7990312470320066e-05,0.00029125906227245383,4.432203121537341e-05,3.1658593725266726e-05,3.1658593725266726e-05,0.0001709564061164403,0.0004242251559185741,0.00037357140595814737
plato_republic,0.0020261180562391313,0.0006644354759326706,0.0026249302752895626,0.00280539423171572,0.005044787872822128,0.0030514814450241165,0.002944843652590478,0.0008777110607999475,0.0008777110607999475,0.0023378285264297667,0.0,0.0,0.002190176198444729,0.0008202907110279883,0.00212455294156249,0.00027889884174951604,0.0020671325917905304,0.0030760901663549564,0.0003281162844111953,3.281162844111953e-05,0.00012304360665419824,0.0003609279128523149,0.001673393050497096,0.0002706959346392361,0.00031171047019063554,0.0,0.0008284936181382682,0.001337073858975621,0.0025100895757456444,0.0,3.281162844111953e-05,8.202907110279883e-05,9.023197821307872e-05,0.00017226104931587755,0.00016405814220559766,0.0006808412901532303,0.0006152180332709913,0.0008941168750205073,0.000631623847491551,7.382616399251895e-05,0.0023952488762017258,0.0015667552580634577,0.0029366407454801983,0.0,0.0005577976834990321,8.202907110279883e-06,0.0006480296617121107,0.0005085802408373528,0.0012714506020933818,0.0017718279358204547,4.1014535551399415e-05,1.6405814220559766e-05,0.0,0.0008941168750205073,0.0014273058371886997,6.562325688223906e-05,0.0001476523279850379,0.00042655116973455394,0.0,0.0019112773566952127,0.001673393050497096,0.002329625619319487,3.281162844111953e-05,0.0,0.0011402040883289038,0.0012796535092036618,0.0,0.0017882337500410145,0.0,0.0,0.0,0.001747219214489615,0.002165567477113889,0.0010581750172261048,0.0012468418807625422,0.0014929290940709388,9.023197821307872e-05,0.0012468418807625422,0.0013862913016373002,0.001747219214489615,0.0014355087442989795,0.0010335662958952652,0.0,0.002305016897988647,0.0008038848968074286,0.002173770384224169,3.281162844111953e-05,0.0011566099025494636,7.382616399251895e-05,0.0009187255963513469,8.202907110279883e-06,0.0003035075630803557,0.0003035075630803557,4.92174426616793e-05,2.460872133083965e-05,0.0018456540998129738,0.002534698297076484,0.0,0.0,0.0,0.0002542901204186764,0.0012960593234242214,0.0005331889621681924,0.00018046395642615744,0.0010827837385569445,6.562325688223906e-05,0.001123798274108344,0.0006070151261607114,3.281162844111953e-05,1.6405814220559766e-05,0.0018210453784821342,6.562325688223906e-05,0.0006480296617121107,3.281162844111953e-05,0.0010581750172261048,0.0003445220986317551,0.0006398267546018309,0.00015585523509531777,0.0002542901204186764,2.460872133083965e-05,0.0,0.0,6.562325688223906e-05,0.0007054500114840699,0.0004511598910653936,0.0,0.0,0.00042655116973455394,0.00012304360665419824,0.0008695081536896676,0.001894871542474653,0.0006070151261607114,0.0009433343176821865,0.0006070151261607114,0.0,0.0,0.0,0.0007218558257046298,0.00046756570528595336,5.742034977195918e-05,0.0010581750172261048,0.0014601174656298191,0.00016405814220559766,0.0,0.0004019424484037143,0.000566000590609312,0.0010089575745644255,0.0012386389736522624,0.00036913081996259474,0.0005495947763887522,0.0012796535092036618,0.00033631919152147524,0.0008777110607999475,5.742034977195918e-05,0.0010991895527775043,0.0008531023394691079,0.0013288709518653411,0.0006234209403812711,0.0007300587328149096,0.0002460872133083965,0.0018210453784821342,0.0005906093119401516,0.00042655116973455394,0.0001886668635364373,0.0003937395412934344,0.0,0.00047576861239623323,0.000492174426616793,0.0012140302523214227,4.92174426616793e-05,4.92174426616793e-05,0.0003609279128523149,0.0008531023394691079,0.0,0.0005413918692784722,0.0009023197821307872,2.460872133083965e-05,0.0008613052465793877,0.0003609279128523149,4.1014535551399415e-05,0.000566000590609312,0.00036913081996259474,0.0002953046559700758,0.0014191029300784199,0.0010581750172261048,0.0008613052465793877,3.281162844111953e-05,0.00015585523509531777,0.00015585523509531777,0.000844899432358828,0.00020507267775699708,4.1014535551399415e-05,0.00018046395642615744,0.0010909866456672245,3.281162844111953e-05,3.281162844111953e-05,3.281162844111953e-05,0.0005742034977195918,0.0009761459461233061,0.0002542901204186764
plato_laws,0.0017335727020907751,0.0002899569999938307,0.00206671478719007,0.003047633148871327,0.004805883042450939,0.0020111911063401874,0.0019309902340014682,0.0009192253829591654,0.0009192253829591654,0.0038619804680029364,0.0,0.0,0.0028502156169606338,0.0021592542552732073,0.0011351508084864862,0.00030229559573824905,0.0008390245106204463,0.004003874319063747,0.00028378770212162156,4.935438297767331e-05,3.084648936104582e-05,0.0003948350638213865,0.0023134867020784366,0.0003516499787159223,0.00036398857446034066,0.0,0.0006786227659430081,0.002868723510577261,0.002449211255267038,7.403157446650996e-05,9.253946808313745e-05,6.169297872209164e-05,0.00023443331914394823,0.00016657104254964741,0.0001542324468052291,0.0003269727872270857,0.0005984218936042889,0.0008390245106204463,0.0011783358935919504,0.00011104736169976496,0.003016786659510281,0.0011968437872085778,0.0019741753191069326,2.4677191488836656e-05,0.0008883788935981197,3.084648936104582e-05,0.0005737447021154522,0.0010364420425311395,0.0006045911914764981,0.0014251078084803169,6.78622765943008e-05,8.020087233871913e-05,6.78622765943008e-05,0.0016472025318798468,0.0016842183191131017,6.169297872209164e-05,0.00029612629786603985,0.00033314208509929483,3.701578723325498e-05,0.001955667425490305,0.0010302727446589303,0.0026157822978166855,4.935438297767331e-05,0.0,0.0011906744893363686,0.00014189385106081078,0.0,0.0018878051488960042,0.0,0.0,0.0,0.0023196559999506456,0.001388092021247062,0.0009130560850869562,0.001091965723381022,0.0020482068935734426,0.0007588236382817271,0.00010487806382755578,0.001240028872314042,0.0013572455318860161,0.0018939744467682132,0.0005182210212655697,6.169297872209164e-06,0.0005428982127544064,0.0002220947233995299,0.0030723103403601636,0.0,0.0004750359361601056,4.935438297767331e-05,0.0013634148297582253,3.084648936104582e-05,0.00016040174467743827,0.00016040174467743827,0.0002714491063772032,0.00011721665957197412,0.0010364420425311395,0.0027576761488774964,0.0,0.0,0.0,0.00017890963829406576,0.0014436157020969443,0.0005058824255211514,5.552368084988248e-05,0.0010302727446589303,8.020087233871913e-05,0.0006971306595596355,0.0004318508510546415,0.0,2.4677191488836656e-05,0.0009192253829591654,1.850789361662749e-05,0.0005120517233933606,9.253946808313745e-05,0.0010364420425311395,0.0001542324468052291,0.0011043043191254402,0.00019124823403848408,0.0001727403404218566,0.0,0.0,0.0,8.63701702109283e-05,0.0009500718723202112,0.000376327170204759,0.0,0.0,0.0007403157446650996,9.870876595534662e-05,0.0011474894042309044,0.001091965723381022,0.0008822095957259105,0.0006169297872209164,0.0008822095957259105,0.0,0.0,1.2338595744418328e-05,0.0007279771489206813,0.0004750359361601056,0.00010487806382755578,0.0007341464467928905,0.0005367289148821972,0.0002899569999938307,5.552368084988248e-05,0.00032080348935487654,0.0010487806382755579,0.0004750359361601056,0.0020482068935734426,0.00016040174467743827,0.0007032999574318446,0.0020913919786789067,0.0001357245531886016,0.0009994262552978845,8.63701702109283e-05,0.0007773315318983546,0.000413342957438014,0.0006724534680707989,0.0005058824255211514,0.0006292683829653347,0.0002899569999938307,0.0010796271276366036,0.0007403157446650996,0.00033314208509929483,0.0001850789361662749,0.00030229559573824905,0.0,0.0012832139574195062,0.00046886663828789646,0.0006724534680707989,5.552368084988248e-05,0.0002406026170161574,0.00030229559573824905,0.000413342957438014,1.2338595744418328e-05,0.00028378770212162156,0.0006477762765819622,1.2338595744418328e-05,0.0012153516808252054,0.00025911051063278487,6.78622765943008e-05,0.0003084648936104582,0.0008081780212594005,0.00038249646807696815,0.0016595411276242652,0.001579340255285546,0.00026527980850499407,0.0006662841701985897,0.0002467719148883666,0.00011104736169976496,0.0002035868297829024,0.002146915659528789,0.00010487806382755578,0.00017890963829406576,0.0006292683829653347,0.0006292683829653347,0.0006292683829653347,0.0006292683829653347,0.00021592542552732074,0.0005922525957320797,0.0006786227659430081
isocrates_panegyricus,0.0015772870662460567,0.0007886435331230284,0.003548895899053628,0.003943217665615142,0.005520504731861199,0.0011829652996845426,0.0011829652996845426,0.0011829652996845426,0.0011829652996845426,0.001971608832807571,0.0,0.0,0.0031545741324921135,0.0,0.001971608832807571,0.0,0.0003943217665615142,0.0027602523659305996,0.0,0.0,0.0015772870662460567,0.0,0.003943217665615142,0.0,0.0,0.0,0.0011829652996845426,0.002365930599369085,0.001971608832807571,0.00749211356466877,0.00749211356466877,0.0007886435331230284,0.0007886435331230284,0.0,0.0,0.002365930599369085,0.0,0.0003943217665615142,0.0,0.0,0.003943217665615142,0.0007886435331230284,0.0007886435331230284,0.006703470031545741,0.0,0.006703470031545741,0.0,0.0,0.0027602523659305996,0.0027602523659305996,0.0,0.0,0.0,0.0011829652996845426,0.0003943217665615142,0.0007886435331230284,0.0,0.0,0.0,0.0007886435331230284,0.0027602523659305996,0.0027602523659305996,0.005914826498422713,0.0,0.0003943217665615142,0.0007886435331230284,0.0,0.002365930599369085,0.0,0.0,0.0,0.0011829652996845426,0.0011829652996845426,0.0,0.005126182965299685,0.0003943217665615142,0.0,0.0003943217665615142,0.0011829652996845426,0.0015772870662460567,0.0027602523659305996,0.005126182965299685,0.0,0.001971608832807571,0.0,0.0007886435331230284,0.0,0.0011829652996845426,0.0003943217665615142,0.00473186119873817,0.0,0.0,0.0,0.0,0.0,0.0015772870662460567,0.0031545741324921135,0.0,0.0,0.0,0.0,0.0007886435331230284,0.0011829652996845426,0.0,0.0003943217665615142,0.0007886435331230284,0.0007886435331230284,0.0007886435331230284,0.0003943217665615142,0.0003943217665615142,0.0011829652996845426,0.0011829652996845426,0.0011829652996845426,0.0,0.0015772870662460567,0.0015772870662460567,0.0007886435331230284,0.0011829652996845426,0.0,0.0,0.0,0.0,0.0,0.0,0.0003943217665615142,0.0,0.0,0.0003943217665615142,0.0003943217665615142,0.0011829652996845426,0.001971608832807571,0.0,0.001971608832807571,0.0,0.0,0.0,0.0,0.0011829652996845426,0.0,0.0,0.0011829652996845426,0.0015772870662460567,0.0,0.0,0.0,0.0003943217665615142,0.002365930599369085,0.001971608832807571,0.0007886435331230284,0.0003943217665615142,0.001971608832807571,0.0003943217665615142,0.0015772870662460567,0.0003943217665615142,0.001971608832807571,0.0003943217665615142,0.0,0.0,0.003943217665615142,0.0,0.0007886435331230284,0.0003943217665615142,0.003943217665615142,0.0,0.0,0.0,0.0007886435331230284,0.0003943217665615142,0.0,0.0,0.0,0.0,0.0003943217665615142,0.0,0.0007886435331230284,0.0003943217665615142,0.0,0.003548895899053628,0.0031545741324921135,0.0,0.003943217665615142,0.0011829652996845426,0.001971608832807571,0.0015772870662460567,0.0003943217665615142,0.0003943217665615142,0.0,0.0,0.0,0.0,0.0003943217665615142,0.0,0.0003943217665615142,0.0011829652996845426,0.0,0.0,0.0,0.0015772870662460567,0.0011829652996845426,0.001971608832807571
demosthenes_philippics,0.0024342745861733205,0.00024342745861733204,0.0024342745861733205,0.0046251217137293086,0.004868549172346641,0.0024342745861733205,0.0024342745861733205,0.00024342745861733204,0.00024342745861733204,0.0038948393378773127,0.0,0.0,0.0021908471275559884,0.0007302823758519961,0.0019474196689386564,0.0036514118792599806,0.0024342745861733205,0.0019474196689386564,0.0036514118792599806,0.0036514118792599806,0.00024342745861733204,0.0004868549172346641,0.0014605647517039922,0.0034079844206426485,0.0034079844206426485,0.0,0.0019474196689386564,0.002677702044790652,0.0021908471275559884,0.0,0.0,0.00024342745861733204,0.0024342745861733205,0.0004868549172346641,0.0004868549172346641,0.0012171372930866603,0.0012171372930866603,0.0014605647517039922,0.0007302823758519961,0.0,0.0021908471275559884,0.00024342745861733204,0.0024342745861733205,0.0,0.0014605647517039922,0.0,0.0,0.0017039922103213243,0.0017039922103213243,0.0014605647517039922,0.0014605647517039922,0.00024342745861733204,0.0036514118792599806,0.00024342745861733204,0.002677702044790652,0.00024342745861733204,0.00024342745861733204,0.0,0.0036514118792599806,0.0012171372930866603,0.0004868549172346641,0.0012171372930866603,0.0,0.0,0.0004868549172346641,0.0004868549172346641,0.0,0.002677702044790652,0.0,0.0,0.0,0.0029211295034079843,0.0014605647517039922,0.0007302823758519961,0.0012171372930866603,0.0021908471275559884,0.0,0.0004868549172346641,0.0014605647517039922,0.0034079844206426485,0.0036514118792599806,0.0,0.0,0.0012171372930866603,0.0031645569620253164,0.0004868549172346641,0.0,0.0014605647517039922,0.0,0.0014605647517039922,0.0,0.0,0.0,0.00024342745861733204,0.0,0.0004868549172346641,0.0021908471275559884,0.0,0.0,0.0,0.0,0.002677702044790652,0.0007302823758519961,0.0,0.0024342745861733205,0.0021908471275559884,0.0012171372930866603,0.0019474196689386564,0.0,0.0,0.0014605647517039922,0.0,0.0009737098344693282,0.0,0.0004868549172346641,0.00024342745861733204,0.0038948393378773127,0.0014605647517039922,0.0,0.0,0.0,0.0,0.00024342745861733204,0.0007302823758519961,0.0004868549172346641,0.0,0.0,0.0007302823758519961,0.0,0.0017039922103213243,0.0009737098344693282,0.0007302823758519961,0.0,0.0007302823758519961,0.0,0.0,0.0036514118792599806,0.00024342745861733204,0.0,0.0,0.0017039922103213243,0.00024342745861733204,0.0,0.00024342745861733204,0.0009737098344693282,0.0036514118792599806,0.0019474196689386564,0.0014605647517039922,0.00024342745861733204,0.0004868549172346641,0.0014605647517039922,0.0,0.0017039922103213243,0.0,0.0004868549172346641,0.0014605647517039922,0.00024342745861733204,0.0007302823758519961,0.0009737098344693282,0.0004868549172346641,0.0014605647517039922,0.0007302823758519961,0.0007302823758519961,0.0,0.0021908471275559884,0.0,0.0012171372930866603,0.0007302823758519961,0.0004868549172346641,0.0,0.00024342745861733204,0.0019474196689386564,0.0014605647517039922,0.0036514118792599806,0.0004868549172346641,0.0012171372930866603,0.0036514118792599806,0.0004868549172346641,0.0,0.0004868549172346641,0.0,0.0009737098344693282,0.0,0.0004868549172346641,0.0,0.0009737098344693282,0.0,0.0,0.0004868549172346641,0.0,0.00024342745861733204,0.0,0.0,0.00024342745861733204,0.0,0.0,0.0,0.0,0.0007302823758519961,0.0004868549172346641
aeschines_orations,0.002570143499678732,0.0008567144998929107,0.00278432212465196,0.003105590062111801,0.0054615549368173056,0.0008567144998929107,0.0007496251874062968,0.00010708931248661383,0.00010708931248661383,0.0029985007496251873,0.0,0.0,0.001285071749839366,0.0009638038123795245,0.001285071749839366,0.00010708931248661383,0.0007496251874062968,0.002570143499678732,0.00021417862497322766,0.00010708931248661383,0.0,0.00021417862497322766,0.0007496251874062968,0.0003212679374598415,0.0003212679374598415,0.0,0.000642535874919683,0.0016063396872992076,0.0026772328121653457,0.0,0.0,0.0,0.001285071749839366,0.0003212679374598415,0.0003212679374598415,0.00042835724994645533,0.0010708931248661383,0.0010708931248661383,0.0003212679374598415,0.0,0.0010708931248661383,0.0003212679374598415,0.0016063396872992076,0.0,0.001285071749839366,0.0,0.00010708931248661383,0.00139216106232598,0.0026772328121653457,0.001927607624759049,0.000642535874919683,0.0,0.0008567144998929107,0.0018205183122724353,0.001927607624759049,0.0003212679374598415,0.00010708931248661383,0.00021417862497322766,0.0009638038123795245,0.0021417862497322766,0.0007496251874062968,0.0028914114371385736,0.00010708931248661383,0.0,0.00021417862497322766,0.001285071749839366,0.0,0.0011779824373527523,0.0,0.0,0.0,0.0022488755622188904,0.0014992503748125937,0.0014992503748125937,0.001285071749839366,0.001927607624759049,0.00010708931248661383,0.001285071749839366,0.001285071749839366,0.00139216106232598,0.0007496251874062968,0.00010708931248661383,0.0,0.0021417862497322766,0.000642535874919683,0.0016063396872992076,0.00010708931248661383,0.0007496251874062968,0.00042835724994645533,0.001927607624759049,0.0,0.0003212679374598415,0.0003212679374598415,0.0008567144998929107,0.0,0.0009638038123795245,0.001927607624759049,0.0,0.0,0.0,0.0,0.0010708931248661383,0.00010708931248661383,0.00010708931248661383,0.0008567144998929107,0.00139216106232598,0.00021417862497322766,0.00042835724994645533,0.0,0.0005354465624330692,0.0003212679374598415,0.00010708931248661383,0.000642535874919683,0.0,0.00042835724994645533,0.0003212679374598415,0.0008567144998929107,0.0010708931248661383,0.0,0.0,0.0,0.0,0.00021417862497322766,0.000642535874919683,0.0011779824373527523,0.0,0.0,0.0011779824373527523,0.00021417862497322766,0.0011779824373527523,0.0009638038123795245,0.0007496251874062968,0.00042835724994645533,0.0007496251874062968,0.0,0.0,0.0003212679374598415,0.00010708931248661383,0.0003212679374598415,0.0,0.000642535874919683,0.0011779824373527523,0.00010708931248661383,0.00042835724994645533,0.000642535874919683,0.000642535874919683,0.0009638038123795245,0.0003212679374598415,0.00010708931248661383,0.0003212679374598415,0.0003212679374598415,0.0011779824373527523,0.0008567144998929107,0.00010708931248661383,0.0011779824373527523,0.0007496251874062968,0.0003212679374598415,0.000642535874919683,0.0009638038123795245,0.000642535874919683,0.00042835724994645533,0.0009638038123795245,0.0010708931248661383,0.00010708931248661383,0.0005354465624330692,0.0,0.000642535874919683,0.0005354465624330692,0.0003212679374598415,0.0,0.0009638038123795245,0.0007496251874062968,0.0007496251874062968,0.00021417862497322766,0.00021417862497322766,0.0,0.00021417862497322766,0.000642535874919683,0.00021417862497322766,0.00010708931248661383,0.00010708931248661383,0.00139216106232598,0.00021417862497322766,0.0007496251874062968,0.00010708931248661383,0.001285071749839366,0.0,0.00010708931248661383,0.00010708931248661383,0.001285071749839366,0.000642535874919683,0.0003212679374598415,0.00010708931248661383,0.0005354465624330692,0.0,0.0,0.0,0.0005354465624330692,0.0011779824373527523,0.00010708931248661383
andocides_orations,0.0024328326634228898,0.0004231013327691982,0.004548339327268881,0.0033848106621535857,0.0048656653268457795,0.0024328326634228898,0.0023270573302305903,0.000951977998730696,0.000951977998730696,0.0040194626613073835,0.0,0.0,0.0033848106621535857,0.0012693039983075946,0.0015866299978844933,0.0042310133276919825,0.0007404273323460969,0.0031732599957689867,0.004125237994499683,0.004125237994499683,0.00031732599957689866,0.00010577533319229955,0.0020097313306536918,0.0006346519991537973,0.0007404273323460969,0.0,0.0008462026655383964,0.0013750793314998941,0.0005288766659614978,0.00010577533319229955,0.00010577533319229955,0.0004231013327691982,0.0031732599957689867,0.0002115506663845991,0.0002115506663845991,0.0006346519991537973,0.0008462026655383964,0.0014808546646921938,0.0006346519991537973,0.0,0.001903955997461392,0.0010577533319229956,0.0015866299978844933,0.0,0.001903955997461392,0.00031732599957689866,0.00031732599957689866,0.0016924053310767928,0.0010577533319229956,0.0020097313306536918,0.0014808546646921938,0.0002115506663845991,0.0006346519991537973,0.0010577533319229956,0.0013750793314998941,0.0004231013327691982,0.00010577533319229955,0.00031732599957689866,0.0006346519991537973,0.0010577533319229956,0.0008462026655383964,0.0013750793314998941,0.00010577533319229955,0.0,0.0005288766659614978,0.0004231013327691982,0.0,0.0024328326634228898,0.0,0.0,0.0,0.0014808546646921938,0.0012693039983075946,0.0006346519991537973,0.00010577533319229955,0.0008462026655383964,0.0006346519991537973,0.0004231013327691982,0.0014808546646921938,0.0023270573302305903,0.0015866299978844933,0.00010577533319229955,0.0,0.001903955997461392,0.0005288766659614978,0.0023270573302305903,0.00010577533319229955,0.000951977998730696,0.0014808546646921938,0.0011635286651152951,0.003279035328961286,0.0002115506663845991,0.0002115506663845991,0.0,0.0002115506663845991,0.0013750793314998941,0.0016924053310767928,0.0,0.0,0.0,0.0002115506663845991,0.0023270573302305903,0.0005288766659614978,0.0002115506663845991,0.0007404273323460969,0.0017981806642690923,0.0002115506663845991,0.0008462026655383964,0.0,0.00010577533319229955,0.0010577533319229956,0.0008462026655383964,0.0004231013327691982,0.00031732599957689866,0.0011635286651152951,0.001903955997461392,0.0002115506663845991,0.00010577533319229955,0.0002115506663845991,0.0002115506663845991,0.0,0.0,0.00010577533319229955,0.000951977998730696,0.000951977998730696,0.0,0.0,0.0024328326634228898,0.00031732599957689866,0.0016924053310767928,0.0005288766659614978,0.0007404273323460969,0.0004231013327691982,0.0007404273323460969,0.0,0.0,0.0002115506663845991,0.00031732599957689866,0.0005288766659614978,0.0,0.0013750793314998941,0.0007404273323460969,0.00031732599957689866,0.0,0.0002115506663845991,0.0002115506663845991,0.0007404273323460969,0.0010577533319229956,0.0005288766659614978,0.00010577533319229955,0.0010577533319229956,0.0008462026655383964,0.0012693039983075946,0.0002115506663845991,0.0008462026655383964,0.000951977998730696,0.000951977998730696,0.0016924053310767928,0.0004231013327691982,0.0,0.000951977998730696,0.000951977998730696,0.0006346519991537973,0.0,0.0014808546646921938,0.0,0.0008462026655383964,0.00031732599957689866,0.00010577533319229955,0.0,0.0,0.00010577533319229955,0.000951977998730696,0.0002115506663845991,0.00031732599957689866,0.00031732599957689866,0.0002115506663845991,0.0013750793314998941,0.00010577533319229955,0.00010577533319229955,0.0,0.0015866299978844933,0.0008462026655383964,0.0013750793314998941,0.0007404273323460969,0.0004231013327691982,0.0,0.00031732599957689866,0.00010577533319229955,0.00010577533319229955,0.0013750793314998941,0.0008462026655383964,0.00010577533319229955,0.0007404273323460969,0.0,0.0,0.0,0.0014808546646921938,0.0011635286651152951,0.0004231013327691982
aristotle_nicomachean,0.0010022178710294076,0.0002041554922467312,0.0022735498000204155,0.0019116377910375739,0.0036655190653390375,0.004593498575551452,0.00445430164901959,0.0007423836081699316,0.0007423836081699316,0.004018151279219755,0.0,0.0,0.004639897551062072,0.00217147205389705,0.0011042956171527733,8.351815591911731e-05,0.0043615036979983484,0.0024591457020628985,0.0008073421738848006,1.855959020424829e-05,2.7839385306372436e-05,0.0006217462718423177,0.0013084511093995044,0.00014847672163398632,0.00016703631183823461,0.0,0.00044543016490195897,0.0009094199200081662,0.003118011154313713,0.0,1.855959020424829e-05,9.279795102124145e-06,0.0,0.00017631610694035876,0.00016703631183823461,0.0005289483208210763,0.0021343528734885536,0.0021157932832843052,0.001085736026948525,2.7839385306372436e-05,0.002319948775531036,0.001085736026948525,0.003053052588598844,0.0,0.000835181559191173,4.6398975510620726e-05,0.00034335241877859335,0.0007609431983741799,0.0024034669314501535,0.002542663857982016,0.0,0.00013919692653186218,9.279795102124145e-06,0.0009743784857230353,0.00021343528734885534,0.00014847672163398632,0.0004547099600040831,0.0016425237330759737,9.279795102124145e-06,0.0011228552073570216,0.0026633011943096294,0.001716762093892967,0.0,0.0,0.0013919692653186217,0.0015868449624632287,0.0,0.002004435742058815,0.0,0.0,0.0,0.001345570289808001,0.0018930782008333255,0.0007609431983741799,0.0012156531583782631,0.0008815805347017938,8.351815591911731e-05,0.0015682853722589806,0.002004435742058815,0.00141052885552287,0.0008537411493954214,0.0010393370514379043,0.0,0.0020786741028758085,0.00014847672163398632,0.0019023579959354497,4.6398975510620726e-05,0.001726041888995091,9.279795102124145e-06,0.0003897513942892141,0.0,0.0002041554922467312,0.0002041554922467312,1.855959020424829e-05,0.00013919692653186218,0.0009372593053145387,0.0032943272612540714,0.0,0.0,0.0,0.0001020777461233656,0.0013084511093995044,0.0002876736481658485,7.423836081699316e-05,0.0006031866816380695,0.0,0.0006774250424550626,0.0020229953322630635,0.0,9.279795102124145e-06,0.001540445986952608,1.855959020424829e-05,0.0007331038130678074,0.00015775651673611047,0.0007423836081699316,0.0001020777461233656,0.0005567877061274487,0.00012991713142973803,0.0001020777461233656,6.495856571486902e-05,0.0,0.0,0.00014847672163398632,0.0008630209444975455,0.0003526322138807175,0.0,0.0,0.00024127467265522778,0.00023199487755310363,0.00048254934531045555,0.0030437727934967194,0.0006774250424550626,0.0015218863967483597,0.0006774250424550626,0.0,0.0,1.855959020424829e-05,0.0003526322138807175,0.00013919692653186218,0.000640305862046566,0.0007980623787826764,0.0007887825836805524,9.279795102124145e-05,3.711918040849658e-05,0.00024127467265522778,0.0004175907795955865,0.0005011089355147038,0.0015868449624632287,0.0002041554922467312,0.0006588654522508143,0.0015868449624632287,5.567877061274487e-05,0.0003526322138807175,2.7839385306372436e-05,0.0021343528734885536,0.0005011089355147038,0.003015933408190347,0.0005011089355147038,0.0005196685257189521,6.495856571486902e-05,0.002041554922467312,0.0004175907795955865,0.00033407262367646923,7.423836081699316e-05,5.567877061274487e-05,0.0,0.00025983426285947607,0.0003711918040849658,0.001336290494705877,5.567877061274487e-05,1.855959020424829e-05,0.00012991713142973803,0.0004547099600040831,0.0,0.00024127467265522778,0.0009279795102124145,0.0,0.000575347296331697,0.0005939068865359453,0.0001855959020424829,0.00038047159918708993,0.0010114976661315318,0.0003526322138807175,0.0012527723387867596,0.0006681452473529385,0.000835181559191173,0.0007423836081699316,9.279795102124145e-05,0.00011135754122548974,0.000825901764089049,0.00029695344326797265,3.711918040849658e-05,0.00011135754122548974,0.0008166219689869248,0.0007423836081699316,0.0007423836081699316,0.0007423836081699316,0.00021343528734885534,0.0011321350024591458,0.00048254934531045555
aristotle_politics,0.0012273941955130198,0.0006447703685289913,0.0011807842893542975,0.0008467466285501212,0.002757752781057734,0.008677210863215462,0.008156733577776397,0.0011497110185818159,0.0011497110185818159,0.00308402212416879,0.0,0.0,0.0032393884780311977,0.0030917904418619104,0.002571313156422845,1.5536635386240755e-05,0.005787396681374682,0.0022062022248461872,0.0,0.0,6.214654154496302e-05,0.0010642595239574917,0.0025946181095022063,7.768317693120377e-06,3.107327077248151e-05,0.0,0.0004971723323597041,0.0022683487663911505,0.0017323348455658442,0.0,3.8841588465601886e-05,0.00015536635386240755,0.0,2.3304953079361132e-05,1.5536635386240755e-05,0.0006758436393014728,0.003099558759555031,0.003604499409607855,0.001421602137841029,0.0,0.0036744142688459385,3.8841588465601886e-05,0.003534584550369772,0.0,0.0012040892424336586,0.0,0.0008001367223913989,0.0011108694301162141,0.0018799328817351315,0.0038142439873221057,0.0,3.8841588465601886e-05,0.0,0.00026412280156609284,1.5536635386240755e-05,2.3304953079361132e-05,0.0002718911192592132,0.0035889627742216146,0.0,0.0012429308308992604,0.0018255546578832887,0.0013516872786029457,0.0,0.0,0.002384873531787956,0.0017323348455658442,0.0,0.0022683487663911505,0.0,0.0,0.0,0.001724566527872724,0.00307625380647567,0.001522590267851594,0.0007690634516189175,0.0005593188739046672,0.0,0.0017012615747933628,0.0035268162326766517,0.0015458952209309552,0.00036511093157665775,7.768317693120377e-06,7.768317693120377e-06,0.002648996333354049,0.0006680753216083525,0.0014682120439997513,7.768317693120377e-06,0.0018877011994282518,0.00013206140078304642,0.0002718911192592132,7.768317693120377e-06,0.00028742775464545397,0.00028742775464545397,6.214654154496302e-05,5.437822385184265e-05,0.0018177863401901684,0.0018799328817351315,0.0,0.0,0.0,0.004070598471195078,0.0019032378348144926,0.0002718911192592132,6.214654154496302e-05,0.0006292337331427506,0.0,0.0009011248524019638,0.003915232117332671,1.5536635386240755e-05,0.0,0.0020275309179044188,7.768317693120377e-06,0.0003728792492697781,7.768317693120377e-06,0.0013594555962960662,5.437822385184265e-05,0.0006913802746877137,1.5536635386240755e-05,0.0038297806227083463,5.437822385184265e-05,0.0,0.0,1.5536635386240755e-05,0.0007146852277670748,0.00036511093157665775,0.0,0.0,0.00018643962463488905,3.8841588465601886e-05,0.00026412280156609284,0.001522590267851594,0.0006836119569945933,0.0009943446647194083,0.0006836119569945933,0.0,0.0,1.5536635386240755e-05,0.0004194891554285004,0.0,1.5536635386240755e-05,0.0002175128954073706,0.003161705301099994,0.0,0.0,0.0006680753216083525,0.0004971723323597041,0.0007224535454601951,0.0024780933441054006,0.0,0.0011652476539680567,0.0024780933441054006,7.768317693120377e-06,0.0001786713069417687,0.0,0.001561431856317196,0.0007146852277670748,0.0007146852277670748,0.0010720278416506122,0.00033403766080417627,3.107327077248151e-05,0.0018643962463488907,0.00030296439003169473,0.0009632713939469269,8.545149462432416e-05,0.00010098813001056491,0.0,0.0009321981231744453,0.0001786713069417687,0.0007846000870051582,3.107327077248151e-05,6.214654154496302e-05,0.0,0.000637002050835871,0.0,0.0007146852277670748,0.0013905288670685476,0.0,0.000512708967745945,0.0014293704555341496,0.0010953327947299733,3.107327077248151e-05,9.321981231744453e-05,7.768317693120377e-05,0.0013672239139891865,0.001709029892486483,0.001724566527872724,0.00030296439003169473,0.0,0.00015536635386240755,0.0018022497048039276,9.321981231744453e-05,0.0005437822385184264,0.0029908023118513454,0.00164688335094152,0.00030296439003169473,0.00030296439003169473,0.00030296439003169473,0.00030296439003169473,0.0022761170840842706,0.0003961842023491393
aeneas_tacticus,0.0022525027808676305,0.00030589543937708564,0.0043381535038932145,0.005005561735261402,0.00628476084538376,0.0011679644048943271,0.0011401557285873193,0.0010845383759733036,0.0010845383759733036,0.005116796440489433,0.0,0.0,0.0014738598442714127,0.001557285873192436,0.0010289210233592882,0.00030589543937708564,0.0010289210233592882,0.0029199110122358177,0.0,0.0,8.342602892102336e-05,0.0005005561735261402,0.0006395995550611791,0.0017519466073414906,0.0018631813125695217,0.0,0.0003615127919911012,0.0027530589543937707,0.0025583982202447165,0.0,5.5617352614015575e-05,0.0004449388209121246,0.0,0.0001668520578420467,8.342602892102336e-05,0.0003615127919911012,0.0002502780867630701,0.000389321468298109,0.0005283648498331479,0.0,0.001974416017797553,0.0,0.0006952169076751947,0.0,0.0017241379310344827,5.5617352614015575e-05,0.0003615127919911012,0.001946607341490545,0.0004171301446051168,0.0008620689655172414,8.342602892102336e-05,0.0,0.0001668520578420467,0.0007508342602892102,0.0025305895439377084,8.342602892102336e-05,8.342602892102336e-05,0.0003337041156840934,8.342602892102336e-05,0.0030311457174638486,0.0012791991101223582,0.0031701890989988876,0.0,0.0,0.0001946607341490545,0.0001946607341490545,0.0,0.0010567296996662958,0.0,0.0,0.0,0.0029199110122358177,0.0005283648498331479,0.000778642936596218,0.0012235817575083426,0.0032258064516129032,0.0,0.00013904338153503893,0.0006952169076751947,0.0011957730812013347,0.0022525027808676305,0.00011123470522803115,5.5617352614015575e-05,0.0006395995550611791,0.0,0.0020022246941045607,0.0,0.00027808676307007786,0.0001946607341490545,0.0015850945494994438,0.0,0.00013904338153503893,0.00013904338153503893,0.0005283648498331479,0.0,0.0017241379310344827,0.0029199110122358177,0.0,0.0,0.0,0.0,0.0007230255839822024,0.0010011123470522803,0.00011123470522803115,0.0001668520578420467,2.7808676307007788e-05,0.0002502780867630701,0.0001946607341490545,8.342602892102336e-05,0.0,0.0012513904338153504,2.7808676307007788e-05,0.0012513904338153504,5.5617352614015575e-05,0.0003615127919911012,0.0002224694104560623,0.0008064516129032258,0.00011123470522803115,0.0,0.0,0.0,0.0,0.0,0.0004449388209121246,0.0008620689655172414,0.0,0.0,0.0015850945494994438,0.0001946607341490545,0.002224694104560623,0.0015294771968854283,0.0004449388209121246,0.0008342602892102336,0.0004449388209121246,0.0,0.0,5.5617352614015575e-05,0.0005561735261401557,0.0002224694104560623,2.7808676307007788e-05,0.0008064516129032258,0.0001946607341490545,0.00013904338153503893,5.5617352614015575e-05,8.342602892102336e-05,0.0006117908787541713,5.5617352614015575e-05,0.0008342602892102336,8.342602892102336e-05,0.0001946607341490545,0.0008898776418242492,0.0002224694104560623,0.0020578420467185763,8.342602892102336e-05,0.0010567296996662958,0.00013904338153503893,0.0001668520578420467,0.00013904338153503893,0.0006117908787541713,0.0,0.0010011123470522803,0.0009454949944382648,0.0003337041156840934,0.0008342602892102336,0.0,0.0,0.0001946607341490545,0.0006674082313681868,0.0004727474972191324,0.0,0.0005005561735261402,0.0020578420467185763,0.00013904338153503893,2.7808676307007788e-05,0.00011123470522803115,0.0007508342602892102,2.7808676307007788e-05,0.0015850945494994438,0.0005561735261401557,2.7808676307007788e-05,2.7808676307007788e-05,0.0010011123470522803,0.00011123470522803115,0.0012513904338153504,0.0012235817575083426,0.0010289210233592882,0.00011123470522803115,0.00013904338153503893,2.7808676307007788e-05,0.0010567296996662958,2.7808676307007788e-05,0.0001946607341490545,5.5617352614015575e-05,0.0001668520578420467,0.00011123470522803115,0.00011123470522803115,0.00011123470522803115,8.342602892102336e-05,0.000389321468298109,0.0004171301446051168
hyperides_orations,0.003360215053763441,0.0020161290322580645,0.0,0.006720430107526882,0.0013440860215053765,0.0,0.0,0.0006720430107526882,0.0006720430107526882,0.003360215053763441,0.0,0.0,0.004704301075268817,0.0006720430107526882,0.0006720430107526882,0.004032258064516129,0.0013440860215053765,0.0013440860215053765,0.004032258064516129,0.003360215053763441,0.0013440860215053765,0.0,0.0013440860215053765,0.0006720430107526882,0.0006720430107526882,0.0,0.0,0.004704301075268817,0.005376344086021506,0.0,0.0,0.0,0.0013440860215053765,0.0,0.0,0.0,0.0020161290322580645,0.0020161290322580645,0.006720430107526882,0.0,0.0020161290322580645,0.006048387096774193,0.0013440860215053765,0.0,0.0013440860215053765,0.0,0.0,0.0013440860215053765,0.0006720430107526882,0.0020161290322580645,0.0020161290322580645,0.0,0.0,0.0006720430107526882,0.0006720430107526882,0.0013440860215053765,0.006048387096774193,0.0,0.0,0.002688172043010753,0.002688172043010753,0.0006720430107526882,0.0,0.0,0.0020161290322580645,0.0006720430107526882,0.0,0.0013440860215053765,0.0,0.0,0.0,0.004032258064516129,0.0020161290322580645,0.0,0.0013440860215053765,0.0013440860215053765,0.005376344086021506,0.0006720430107526882,0.0020161290322580645,0.0020161290322580645,0.0013440860215053765,0.0006720430107526882,0.0,0.0013440860215053765,0.0013440860215053765,0.0013440860215053765,0.005376344086021506,0.0006720430107526882,0.0,0.0,0.0,0.0,0.0,0.0,0.0,0.0,0.002688172043010753,0.0,0.0,0.0,0.0006720430107526882,0.0006720430107526882,0.0006720430107526882,0.0,0.0013440860215053765,0.0006720430107526882,0.0,0.0,0.0,0.0,0.0,0.004704301075268817,0.0013440860215053765,0.0,0.0,0.004032258064516129,0.0006720430107526882,0.003360215053763441,0.0006720430107526882,0.004704301075268817,0.0,0.0,0.0,0.0006720430107526882,0.0,0.0,0.0,0.0006720430107526882,0.0006720430107526882,0.0020161290322580645,0.0013440860215053765,0.0006720430107526882,0.0013440860215053765,0.0006720430107526882,0.0,0.0,0.0,0.002688172043010753,0.0020161290322580645,0.0,0.0,0.0020161290322580645,0.0,0.0,0.0,0.0006720430107526882,0.0013440860215053765,0.0013440860215053765,0.0,0.0,0.0006720430107526882,0.0006720430107526882,0.0013440860215053765,0.0,0.0013440860215053765,0.0,0.0,0.0,0.0006720430107526882,0.0,0.0,0.0,0.0,0.0,0.0006720430107526882,0.0,0.0020161290322580645,0.004032258064516129,0.0,0.0,0.0,0.0,0.0,0.0,0.0006720430107526882,0.0006720430107526882,0.0,0.0,0.0013440860215053765,0.0,0.0,0.0,0.0006720430107526882,0.0006720430107526882,0.0006720430107526882,0.0006720430107526882,0.0,0.0,0.0,0.0006720430107526882,0.0013440860215053765,0.003360215053763441,0.0,0.0020161290322580645,0.0,0.0,0.0,0.003360215053763441,0.0013440860215053765,0.0020161290322580645
lxx_genesis,0.014051706091689344,0.011435001046682018,0.0015176889261042496,0.0035063847603098177,0.0006541762612518317,0.0001570023027004396,0.00013083525225036634,0.0031662131044588654,0.0032708813062591584,0.0026428720954574,0.0,0.0,0.00044483985765124553,0.0012821854720535901,0.003323215407159305,0.0005495080594515386,0.0008373456144023446,0.0006018421603516852,0.0003401716558509525,0.0003401716558509525,0.006489428511618171,0.0003140046054008792,0.0030092108017584257,2.616705045007327e-05,0.00010466820180029308,0.0,0.0025905379945572534,0.0012560184216035169,0.0034017165585095246,0.0,0.0,0.0015438559765543229,0.0004710069081013188,0.0011513502198032238,0.0011513502198032238,0.002355034540506594,0.0010990161189030772,0.0013868536738538832,0.0003401716558509525,0.0006280092108017584,0.0005495080594515386,0.00018316935315051288,0.0008635126648524178,2.616705045007327e-05,0.00010466820180029308,2.616705045007327e-05,0.000680343311701905,0.00013083525225036634,7.85011513502198e-05,0.0009420138162026376,0.0013868536738538832,0.0015700230270043961,0.0,0.0003401716558509525,0.0008373456144023446,0.0019625287837554952,0.00010466820180029308,0.0,0.0,0.00020933640360058616,0.0002616705045007327,0.0002616705045007327,0.0,2.616705045007327e-05,5.233410090014654e-05,0.00010466820180029308,0.0,0.0006280092108017584,0.0005495080594515386,0.001648524178354616,0.0016223571279045427,0.00028783755495080595,0.0008111785639522713,0.0002355034540506594,0.00036633870630102576,0.001465354825204103,0.0,5.233410090014654e-05,0.0007065103621519783,0.00020933640360058616,0.0005756751099016119,0.0001570023027004396,0.0004186728072011723,0.00013083525225036634,0.002014862884655642,0.0004971739585513921,0.0,2.616705045007327e-05,0.00408205987021143,0.00028783755495080595,0.00013083525225036634,0.001465354825204103,0.001465354825204103,0.002276533389156374,0.0012560184216035169,0.0,0.002381201590956667,0.0,0.0,2.616705045007327e-05,0.0,0.0006280092108017584,0.0003401716558509525,0.0023288674900565206,0.00013083525225036634,0.00010466820180029308,0.000680343311701905,0.0002616705045007327,0.0016746912288046892,5.233410090014654e-05,0.0003401716558509525,0.0,0.0,0.0012821854720535901,0.0019101946828553485,0.0,0.0005495080594515386,2.616705045007327e-05,0.0,0.0,0.0,0.0,0.0007588444630521248,0.0005495080594515386,0.0012821854720535901,5.233410090014654e-05,0.0,0.0002355034540506594,0.001072849068453004,0.00039250575675109904,0.0006541762612518317,0.0005495080594515386,0.0002616705045007327,0.0005495080594515386,2.616705045007327e-05,2.616705045007327e-05,7.85011513502198e-05,0.0008896797153024911,0.001857860581955202,0.0,0.00013083525225036634,0.0,0.0032447142558090854,0.0,0.0011251831693531505,0.00018316935315051288,0.00028783755495080595,0.00013083525225036634,7.85011513502198e-05,0.00036633870630102576,0.00013083525225036634,0.0,0.0015176889261042496,0.0010205149675528574,0.00010466820180029308,0.0007065103621519783,0.00010466820180029308,0.002145698136906008,0.00013083525225036634,0.0014391877747540298,7.85011513502198e-05,0.0009681808666527109,0.00039250575675109904,0.0013868536738538832,0.0003140046054008792,0.0,0.0008373456144023446,0.0,0.0,2.616705045007327e-05,0.001857860581955202,0.0,0.0007065103621519783,0.00010466820180029308,0.0009943479171027841,5.233410090014654e-05,0.00010466820180029308,0.0016223571279045427,0.00013083525225036634,0.0004710069081013188,0.00013083525225036634,0.00010466820180029308,0.0002355034540506594,0.00028783755495080595,0.00013083525225036634,7.85011513502198e-05,5.233410090014654e-05,0.0032708813062591584,0.0008373456144023446,0.0002355034540506594,0.0,7.85011513502198e-05,7.85011513502198e-05,0.0,2.616705045007327e-05,2.616705045007327e-05,2.616705045007327e-05,0.0,0.0002616705045007327,0.00010466820180029308
lxx_exodus,0.009271050888900208,0.005679792165452601,0.0015791350415159697,0.005297743365085834,0.0003311089603178646,0.00015281952014670674,0.00015281952014670674,0.004126127043961082,0.004151596963985533,0.00476287504457236,7.640976007335337e-05,0.0001018796800978045,0.00025469920024451123,0.0013244358412714584,0.0018083643217360298,0.00028016912026896236,0.002063063521980541,0.0004329886404156691,0.00015281952014670674,0.00015281952014670674,0.0023941724822984056,0.000203759360195609,0.0025469920024451123,0.00012734960012225562,0.0002292292802200601,7.640976007335337e-05,0.0007386276807090826,0.0006367480006112781,0.003387499363251999,0.0,0.0,0.0018847740818093831,0.0007386276807090826,0.00028016912026896236,0.00028016912026896236,0.0017064846416382253,0.0006876878406601803,0.0009423870409046916,0.00038204880036676685,0.0007131577606846315,0.0004329886404156691,0.00017828944017115786,0.0008659772808313382,0.0,0.00012734960012225562,2.5469920024451123e-05,0.006265600326014976,0.00012734960012225562,0.0004329886404156691,0.0005348683205134736,0.0013499057612959095,0.004100657123936631,0.0,0.00025469920024451123,5.093984004890225e-05,0.00430441648413224,0.00017828944017115786,0.0,0.0,0.00028016912026896236,0.0007386276807090826,0.00012734960012225562,0.0,0.0,0.00015281952014670674,0.00012734960012225562,0.0,0.0004329886404156691,0.0032092099230808416,0.0001018796800978045,0.0001018796800978045,0.0013499057612959095,0.0009423870409046916,0.000203759360195609,0.00028016912026896236,0.0017319545616626764,0.0,7.640976007335337e-05,0.0004584585604401202,0.000203759360195609,0.00035657888034231573,5.093984004890225e-05,0.000203759360195609,5.093984004890225e-05,0.00048392848046457135,0.00038204880036676685,0.0,2.5469920024451123e-05,0.0005858081605623758,0.0007386276807090826,0.0001018796800978045,0.0014008456013448118,0.0014008456013448118,0.002241352962151699,0.0020121236819316385,2.5469920024451123e-05,0.0022668228821761498,0.0,0.0,0.00048392848046457135,0.0,0.00048392848046457135,0.0010697366410269472,0.0014008456013448118,0.0005093984004890225,0.0006367480006112781,0.0043298864041566906,0.0002292292802200601,0.0005603382405379247,0.0,0.0006876878406601803,0.0,7.640976007335337e-05,0.0036931384035454127,0.0018083643217360298,0.00012734960012225562,0.00048392848046457135,0.0,0.0,0.0,0.0,0.0,0.00017828944017115786,0.00038204880036676685,0.0004329886404156691,0.0,0.0,7.640976007335337e-05,0.0028271611227140745,0.00035657888034231573,0.001426315521369263,0.00038204880036676685,0.0007640976007335337,0.00038204880036676685,2.5469920024451123e-05,2.5469920024451123e-05,2.5469920024451123e-05,0.0012734960012225562,0.0004329886404156691,0.0,7.640976007335337e-05,0.0,0.00035657888034231573,0.0,0.0009423870409046916,0.00038204880036676685,2.5469920024451123e-05,5.093984004890225e-05,0.0,0.0005858081605623758,7.640976007335337e-05,0.0,0.0019102440018338343,0.0023432326422495034,2.5469920024451123e-05,0.00048392848046457135,5.093984004890225e-05,0.0009169171208802404,0.00012734960012225562,0.0002292292802200601,0.0003056390402934135,0.0015281952014670674,0.00012734960012225562,0.001222556161173654,0.00028016912026896236,0.0,0.000203759360195609,0.00017828944017115786,0.0,7.640976007335337e-05,0.001426315521369263,7.640976007335337e-05,0.00048392848046457135,0.0,0.0011206764810758494,0.0,5.093984004890225e-05,0.001426315521369263,0.00048392848046457135,0.00015281952014670674,2.5469920024451123e-05,7.640976007335337e-05,0.0013753756813203607,0.0003056390402934135,0.00012734960012225562,0.00017828944017115786,0.0003311089603178646,0.00035657888034231573,0.000407518720391218,0.00025469920024451123,0.00012734960012225562,0.0,7.640976007335337e-05,0.00015281952014670674,0.0003311089603178646,0.0003311089603178646,0.0003311089603178646,0.0001018796800978045,0.0001018796800978045,7.640976007335337e-05
theophrastus_characters,0.0008272418253466896,0.00048130433474716483,0.0010152513311073009,0.0017296874529976235,0.0026170923201877085,0.0021809102668230904,0.0020455434226754506,0.0004662635742863159,0.00047378395451674036,0.004482146617332972,0.0,0.0,0.002444123574887946,0.001834972776223566,0.0005640285172818337,3.0081520921697802e-05,0.004249014830189814,0.0014965556658544656,5.264266161297115e-05,7.5203802304244504e-06,3.0081520921697802e-05,0.00032337634990825136,0.0016920855518455012,2.2561140691273352e-05,0.0002256114069127335,0.0,0.00017296874529976235,0.0011130162741028187,0.0029479890503263844,7.5203802304244504e-06,6.0163041843395603e-05,6.768342207382005e-05,0.0,1.5040760460848901e-05,1.5040760460848901e-05,0.00018800950576061126,0.0013085461600938542,0.000752038023042445,0.0004888247149775893,0.0,0.002158349126131817,2.2561140691273352e-05,0.002038023042445026,0.0,0.0006617934602773516,7.5203802304244504e-06,0.0005489877568209849,0.0006768342207382006,0.0010979755136419698,0.0033992118641518517,0.0,7.5203802304244504e-06,0.0,0.0004888247149775893,2.2561140691273352e-05,3.760190115212225e-05,0.00014288722437806457,0.0014288722437806455,0.0,0.001120536654333243,0.002639653460878982,0.0017597689739193214,0.0,0.0,0.00021809102668230907,0.0036323436512950094,0.0,0.002075624943597148,0.0,0.0,0.0,0.0010603736124898476,0.001955298859910357,0.0003459374905995247,0.00042866167313419367,0.0008122010648858406,0.0,0.0031359985560869955,0.003090876274704449,0.001669524411154228,0.00018800950576061126,0.0,0.0,0.0014815149053936166,0.00023313178714315795,0.0012634238787113076,7.5203802304244504e-06,0.003542099088529916,3.0081520921697802e-05,0.0004061005324429203,0.0,0.00028577444875612913,0.00028577444875612913,0.000533946996360136,2.2561140691273352e-05,0.0011130162741028187,0.0018575339169148392,0.0,0.0,0.0,5.264266161297115e-05,0.0016544836506933792,0.0006467526998165027,5.264266161297115e-05,0.000616671178894805,0.0,0.0003308967301386758,0.000752038023042445,0.0,0.0008949252474205096,0.0006317119393556538,7.5203802304244504e-06,0.0004061005324429203,8.272418253466896e-05,0.0008272418253466896,9.024456276509341e-05,0.0005038654754384381,0.00020305026622146016,5.264266161297115e-05,1.5040760460848901e-05,0.0,0.0,7.5203802304244504e-06,8.272418253466896e-05,0.0001353668441476401,0.0,0.0,0.00024817254760400685,0.00014288722437806457,0.0014288722437806455,0.0016093613693108323,3.760190115212225e-05,0.001285985019402581,3.760190115212225e-05,0.0,0.0,2.2561140691273352e-05,0.0006392323195860783,0.0001052853232259423,5.264266161297115e-05,0.0001955298859910357,0.0003308967301386758,7.5203802304244504e-06,0.0001353668441476401,0.000150407604608489,0.0004136209126733448,0.0003158559696778269,0.00136870920193725,9.776494299551785e-05,0.0004061005324429203,0.0013611888217068256,7.5203802304244504e-06,0.0009099660078813584,3.760190115212225e-05,0.0029329482898655355,0.0001654483650693379,0.00018800950576061126,0.0010754143729506964,0.00027825406852570466,1.5040760460848901e-05,0.0011656589357157898,0.00018800950576061126,0.001067893992720272,6.768342207382005e-05,1.5040760460848901e-05,2.2561140691273352e-05,0.0007821195439641428,0.0002632133080648558,0.000684354600968625,7.5203802304244504e-06,0.00018048912553018682,7.5203802304244504e-06,0.00015792798483891344,7.5203802304244504e-06,0.0001654483650693379,0.000834762205577114,7.5203802304244504e-06,0.0007369972625815961,0.0008723641067292363,4.5122281382546704e-05,4.5122281382546704e-05,3.0081520921697802e-05,3.0081520921697802e-05,0.0008422825858075384,0.000902445627650934,2.2561140691273352e-05,0.002368919772583702,0.0,3.0081520921697802e-05,7.52038023042445e-05,4.5122281382546704e-05,0.0,6.0163041843395603e-05,0.0003083355894474025,0.0023463586318924284,0.002338838251662004,0.002323797491201155,9.776494299551785e-05,0.0021959510272839397,0.0005565081370514093
theophrastus_historia_plantarum,0.0016005690912324383,0.00017784101013693757,0.001244887070958563,0.001244887070958563,0.0030232971723279387,0.002489774141917126,0.0023119331317801887,0.0010670460608216254,0.0010670460608216254,0.008714209496709941,0.0,0.0,0.002489774141917126,0.0030232971723279387,0.0014227280810955006,0.0,0.0017784101013693758,0.0016005690912324383,0.0,0.0,0.0,0.0016005690912324383,0.0017784101013693758,0.0,0.0,0.0,0.00035568202027387515,0.002134092121643251,0.002489774141917126,0.0,0.0,0.0,0.0,0.00035568202027387515,0.0,0.0005335230304108127,0.0,0.00035568202027387515,0.0019562511115063133,0.0,0.002134092121643251,0.0,0.001244887070958563,0.0,0.0007113640405477503,0.0,0.0016005690912324383,0.0007113640405477503,0.0016005690912324383,0.0032011381824648766,0.0,0.00017784101013693757,0.0,0.00017784101013693757,0.0,0.0,0.00035568202027387515,0.0035568202027387516,0.0,0.0005335230304108127,0.0017784101013693758,0.0010670460608216254,0.0,0.0,0.0023119331317801887,0.002134092121643251,0.0,0.0016005690912324383,0.0,0.0,0.0,0.0014227280810955006,0.0016005690912324383,0.0010670460608216254,0.0017784101013693758,0.0005335230304108127,0.0,0.002134092121643251,0.0032011381824648766,0.0010670460608216254,0.00035568202027387515,0.0,0.0,0.0016005690912324383,0.0007113640405477503,0.0014227280810955006,0.0,0.002134092121643251,0.0,0.0,0.0,0.00035568202027387515,0.00035568202027387515,0.00017784101013693757,0.0,0.0010670460608216254,0.001244887070958563,0.0,0.0,0.0,0.002489774141917126,0.0016005690912324383,0.0005335230304108127,0.0,0.002134092121643251,0.0,0.0023119331317801887,0.0010670460608216254,0.0,0.0,0.0014227280810955006,0.0,0.0017784101013693758,0.0,0.0005335230304108127,0.0,0.0008892050506846879,0.0005335230304108127,0.002134092121643251,0.0,0.0,0.0,0.0,0.0,0.0,0.0,0.0,0.00017784101013693757,0.0,0.0008892050506846879,0.001244887070958563,0.0,0.0010670460608216254,0.0,0.0,0.0,0.0,0.0,0.0,0.0,0.00035568202027387515,0.0008892050506846879,0.0,0.0,0.0,0.00035568202027387515,0.001244887070958563,0.001244887070958563,0.0,0.002489774141917126,0.001244887070958563,0.0,0.00035568202027387515,0.0,0.0010670460608216254,0.00017784101013693757,0.00035568202027387515,0.0026676151520540637,0.0,0.00017784101013693757,0.00017784101013693757,0.0007113640405477503,0.0007113640405477503,0.00017784101013693757,0.0,0.0,0.0008892050506846879,0.0,0.002489774141917126,0.0005335230304108127,0.0,0.0,0.00017784101013693757,0.0,0.00035568202027387515,0.0035568202027387516,0.0,0.0007113640405477503,0.0005335230304108127,0.0,0.0,0.0,0.0,0.0007113640405477503,0.0010670460608216254,0.0010670460608216254,0.002845456162191001,0.0,0.0,0.0007113640405477503,0.0,0.0,0.0017784101013693758,0.00035568202027387515,0.002845456162191001,0.002845456162191001,0.002845456162191001,0.00035568202027387515,0.002134092121643251,0.00017784101013693757
lxx_1kingdoms,0.013376980278047203,0.010952150016165535,0.0017377950210151955,0.0033947623666343357,0.0007274490785645005,0.00024248302618816683,0.00024248302618816683,0.0022631749110895573,0.0024248302618816685,0.0031522793404461687,0.0,0.0,0.00036372453928225026,0.0008891044293566117,0.0025864856126737797,0.0022631749110895573,0.0021015195602974456,0.0007678629162625283,0.0012932428063368898,0.0012932428063368898,0.001859036534109279,0.00044455221467830586,0.0019398642095053346,0.00012124151309408342,0.00020206918849013903,0.00028289686388619466,0.00165696734561914,0.0006466214031684449,0.003475590042030391,8.082767539605561e-05,4.041383769802781e-05,0.0020206918849013903,0.00032331070158422246,0.002222761073391529,0.0021419333979954738,0.0018994503718073067,0.00024248302618816683,0.0007678629162625283,0.00048496605237633366,0.0011315874555447786,0.0007274490785645005,0.00032331070158422246,0.0006466214031684449,0.0,0.00012124151309408342,0.0,0.0008082767539605561,0.00012124151309408342,0.00012124151309408342,0.00032331070158422246,0.001454898157129001,0.004122211445198836,0.0,0.0005657937277723893,0.0014953119948270287,0.0038393145813126416,0.0,0.0,0.0,0.00032331070158422246,0.0023844164241836403,0.00028289686388619466,0.0,0.0,0.00036372453928225026,0.0,0.0057791787908179765,0.0005657937277723893,0.003758486905916586,0.0,0.0,0.00048496605237633366,0.0007274490785645005,0.00040413837698027806,0.00040413837698027806,0.0026268994503718074,8.082767539605561e-05,0.0,0.0006870352408664727,0.00012124151309408342,0.0005253798900743614,0.00016165535079211123,0.0005253798900743614,0.00012124151309408342,0.0014144843194309731,0.0006062075654704171,4.041383769802781e-05,0.0,0.0005657937277723893,0.00012124151309408342,4.041383769802781e-05,0.0013336566440349175,0.0013336566440349175,0.002465244099579696,0.004566763659877142,4.041383769802781e-05,0.0017377950210151955,0.0,0.0,8.082767539605561e-05,0.0,0.0005657937277723893,0.00016165535079211123,0.002222761073391529,0.00032331070158422246,0.00048496605237633366,0.0008891044293566117,0.0005253798900743614,0.0019398642095053346,0.0,0.00040413837698027806,0.0,0.00016165535079211123,0.0029502101519560298,0.0011720012932428063,0.0,0.00028289686388619466,0.0005253798900743614,0.0,4.041383769802781e-05,0.004688005172971225,0.004688005172971225,0.0011315874555447786,0.00016165535079211123,0.0007274490785645005,8.082767539605561e-05,0.0,0.00012124151309408342,0.0034351762043323634,0.0008486905916585839,0.001252828968638862,0.00016165535079211123,0.0023844164241836403,0.00016165535079211123,0.004485935984481086,0.004485935984481086,0.00028289686388619466,0.00032331070158422246,0.0009699321047526673,8.082767539605561e-05,0.00016165535079211123,0.00012124151309408342,8.082767539605561e-05,0.0,0.001252828968638862,0.00024248302618816683,0.00024248302618816683,4.041383769802781e-05,0.0,0.00020206918849013903,8.082767539605561e-05,0.0,0.0008891044293566117,0.003354348528936308,4.041383769802781e-05,0.0011720012932428063,0.0008891044293566117,0.00036372453928225026,0.0,0.001252828968638862,0.00024248302618816683,0.0007274490785645005,0.00012124151309408342,0.0025864856126737797,0.00036372453928225026,0.0,0.00020206918849013903,0.00012124151309408342,0.0,0.0,0.00165696734561914,0.00044455221467830586,0.0011720012932428063,0.0,0.0010103459424506951,8.082767539605561e-05,8.082767539605561e-05,0.0006466214031684449,8.082767539605561e-05,0.00048496605237633366,0.00016165535079211123,0.00016165535079211123,0.00044455221467830586,0.00040413837698027806,4.041383769802781e-05,0.00020206918849013903,4.041383769802781e-05,8.082767539605561e-05,0.0011315874555447786,0.00024248302618816683,0.0,4.041383769802781e-05,0.00012124151309408342,0.0,0.0,0.0,0.0,0.0,0.00040413837698027806,0.0
apollodorus_library,0.0020160977652331695,0.001225167103487849,0.0020936399869729066,0.0027605030939346475,0.0017214373226221678,0.000372202664350739,0.0003566942200027915,0.0004342364417425288,0.0004342364417425288,0.0013337262139234813,0.0,0.0,0.001085591104356322,0.001116607993052217,0.0018144879887098525,0.00012406755478357965,0.001488810657402956,0.00524185418960624,9.305066608768475e-05,4.6525333043842375e-05,0.0007909306617453203,0.0004807617747863712,0.00031016888695894915,0.0009460151052247949,0.0011786417704440068,3.101688869589491e-05,0.001488810657402956,0.0011010995487042694,0.0016438951008824305,0.0,0.0,0.0006358462182658457,0.0,0.001488810657402956,0.0014733022130550084,0.00176796265566601,9.305066608768475e-05,0.0001085591104356322,0.0001861013321753695,0.00012406755478357965,0.0015508444347947458,9.305066608768475e-05,0.0015508444347947458,0.0,0.00046525333043842375,1.5508444347947456e-05,6.203377739178982e-05,0.000511778663482266,9.305066608768475e-05,0.0009615235495727424,0.0,0.0,0.0008684728834850576,0.003706518199159442,0.0004807617747863712,3.101688869589491e-05,0.0,0.0,0.00012406755478357965,0.0017524542113180627,0.001085591104356322,0.000744405328701478,3.101688869589491e-05,0.0,4.6525333043842375e-05,9.305066608768475e-05,0.0,0.0002636435539151068,0.0,0.0,0.0,0.001287200880879639,0.001426776880011166,0.0030861804252415442,0.0008529644391371101,0.0013027093252275864,3.101688869589491e-05,0.0,0.0008684728834850576,0.0006513546626137932,0.000883981327833005,6.203377739178982e-05,7.754222173973729e-05,0.00020160977652331695,0.0003566942200027915,0.002962112870457964,1.5508444347947456e-05,0.00012406755478357965,0.0013337262139234813,0.0004342364417425288,0.0,0.0004962702191343186,0.0004962702191343186,0.00027915199826305425,1.5508444347947456e-05,0.00013957599913152712,0.0012561839921837441,0.0,1.5508444347947456e-05,0.0,0.0,0.0001861013321753695,0.00034118577565484405,4.6525333043842375e-05,0.00012406755478357965,0.0,0.00027915199826305425,1.5508444347947456e-05,0.0003256773313068966,0.00031016888695894915,0.0001861013321753695,7.754222173973729e-05,0.0002636435539151068,0.00012406755478357965,0.0002171182208712644,0.00038771110869868645,0.0002636435539151068,0.0001861013321753695,0.0,1.5508444347947456e-05,0.0,0.0,0.0011476248817481119,0.0002171182208712644,0.00176796265566601,0.0,1.5508444347947456e-05,0.0011786417704440068,0.00015508444347947457,0.0015818613234906407,0.00041872799739458135,0.00020160977652331695,0.0007288968843535305,0.00020160977652331695,0.0,0.0,0.00012406755478357965,0.0003566942200027915,0.0006668631069617406,0.0,0.0006978799956576355,0.0002636435539151068,0.0007599137730494254,0.0001861013321753695,0.0004807617747863712,0.0001861013321753695,0.0002636435539151068,0.0004807617747863712,4.6525333043842375e-05,0.00013957599913152712,0.0004807617747863712,6.203377739178982e-05,0.0015663528791426931,4.6525333043842375e-05,0.0003566942200027915,0.0006203377739178983,0.0,0.001628386656534483,0.0002946604426110017,0.0,0.000713388440005583,0.0002171182208712644,0.0007909306617453203,0.00017059288782742202,0.0,1.5508444347947456e-05,0.00031016888695894915,0.0002946604426110017,0.0,1.5508444347947456e-05,0.0002481351095671593,0.0002171182208712644,0.0005893208852220034,4.6525333043842375e-05,0.00013957599913152712,0.0002481351095671593,6.203377739178982e-05,0.00017059288782742202,4.6525333043842375e-05,1.5508444347947456e-05,9.305066608768475e-05,0.000511778663482266,7.754222173973729e-05,0.0009925404382686372,0.000744405328701478,0.00020160977652331695,0.0001085591104356322,0.0005583039965261085,0.0003256773313068966,0.00012406755478357965,3.101688869589491e-05,3.101688869589491e-05,3.101688869589491e-05,3.101688869589491e-05,7.754222173973729e-05,7.754222173973729e-05,7.754222173973729e-05,1.5508444347947456e-05,0.0001861013321753695,0.00017059288782742202
lxx_judith,0.01024701411509229,0.005700325732899023,0.0035966340933767642,0.006175352877307275,0.00033930510314875135,0.0,0.0,0.009432681867535288,0.009296959826275788,0.0035966340933767642,0.0,0.0,0.00020358306188925082,0.0016965255157437569,0.0019001085776330076,0.0006786102062975027,0.0012214983713355048,0.00033930510314875135,0.00033930510314875135,0.00033930510314875135,0.00251085776330076,0.00013572204125950055,0.004478827361563518,0.000746471226927253,0.0008143322475570033,0.0,0.0016286644951140066,0.0006786102062975027,0.0023072747014115094,0.0,0.0,0.004478827361563518,6.786102062975027e-05,0.0013572204125950054,0.001289359391965255,0.0012214983713355048,0.0006107491856677524,0.001492942453854506,0.00020358306188925082,0.0004750271444082519,0.00020358306188925082,0.0,6.786102062975027e-05,0.0,0.0005428881650380022,0.0,0.0004750271444082519,0.0005428881650380022,0.00033930510314875135,0.00020358306188925082,6.786102062975027e-05,0.001492942453854506,0.0,0.00020358306188925082,0.002171552660152009,0.0014250814332247557,0.0,0.0,0.0,0.0002714440825190011,0.0004750271444082519,6.786102062975027e-05,0.0,0.0,0.0008143322475570033,0.0,0.0,0.000746471226927253,0.002985884907709012,0.0,0.0,0.0008143322475570033,0.00020358306188925082,6.786102062975027e-05,0.0019001085776330076,0.0028501628664495114,0.0,0.0,0.0004750271444082519,0.0004750271444082519,0.002985884907709012,0.0002714440825190011,0.0016286644951140066,0.0006107491856677524,0.0006107491856677524,0.00020358306188925082,0.0,6.786102062975027e-05,0.0008143322475570033,0.0009500542888165038,0.0,0.004953854505971769,0.004953854505971769,0.002985884907709012,0.0011536373507057547,6.786102062975027e-05,0.001967969598262758,0.0,0.0,0.0,0.0,0.000746471226927253,0.00033930510314875135,0.002171552660152009,0.0008821932681867535,0.0,0.000746471226927253,0.0008821932681867535,0.0012214983713355048,6.786102062975027e-05,6.786102062975027e-05,0.0,6.786102062975027e-05,0.000746471226927253,0.003189467969598263,6.786102062975027e-05,0.000746471226927253,0.0,0.0,0.0,0.0,0.0,0.0006107491856677524,0.00013572204125950055,0.0006107491856677524,0.0016286644951140066,0.0,0.0012214983713355048,0.0009500542888165038,0.0010857763300760044,0.0008821932681867535,0.00013572204125950055,0.00040716612377850165,0.00013572204125950055,0.0,0.0,0.0,0.00040716612377850165,0.0006107491856677524,0.00040716612377850165,6.786102062975027e-05,6.786102062975027e-05,0.00033930510314875135,0.0,0.00020358306188925082,0.00020358306188925082,6.786102062975027e-05,0.0,6.786102062975027e-05,0.0006107491856677524,0.0,0.0,0.0011536373507057547,0.0008821932681867535,0.00013572204125950055,0.000746471226927253,0.0004750271444082519,6.786102062975027e-05,0.0,0.002985884907709012,0.00013572204125950055,0.0015608034744842563,6.786102062975027e-05,0.0005428881650380022,0.00020358306188925082,0.0,0.00020358306188925082,0.00020358306188925082,0.0,0.00020358306188925082,0.002239413680781759,0.00040716612377850165,0.000746471226927253,0.0,0.0,6.786102062975027e-05,6.786102062975027e-05,0.0014250814332247557,0.0,0.00013572204125950055,0.0004750271444082519,0.0004750271444082519,0.00040716612377850165,0.00013572204125950055,6.786102062975027e-05,0.00033930510314875135,6.786102062975027e-05,0.00033930510314875135,0.00020358306188925082,0.0006786102062975027,6.786102062975027e-05,0.0002714440825190011,0.00020358306188925082,0.0002714440825190011,6.786102062975027e-05,6.786102062975027e-05,6.786102062975027e-05,0.0,0.00020358306188925082,0.0
lxx_2maccabees,0.0029679595278246204,0.001045531197301855,0.0034738617200674535,0.005261382799325464,0.0028330522765598653,0.0007419898819561551,0.0007082630691399663,0.0006070826306913997,0.0006070826306913997,0.005193929173693086,3.372681281618887e-05,3.372681281618887e-05,0.0027318718381112985,0.0014502529510961213,0.001585160202360877,0.0003372681281618887,0.0002360876897133221,0.00418212478920742,0.00016863406408094435,6.745362563237774e-05,0.0010792580101180438,0.00040472175379426646,0.0014502529510961213,0.0009106239460370995,0.0009106239460370995,3.372681281618887e-05,0.0011804384485666105,0.0019224283305227655,0.0030016863406408093,0.0,0.0,0.0009780775716694773,0.00040472175379426646,0.002563237774030354,0.0024957841483979762,0.0009780775716694773,0.00013490725126475548,0.00040472175379426646,0.00020236087689713323,0.0008431703204047217,0.0011129848229342327,0.0002360876897133221,0.0008094435075885329,0.0,0.0011467116357504216,0.0,0.00016863406408094435,0.0010792580101180438,0.00013490725126475548,0.000775716694772344,0.00020236087689713323,0.0007419898819561551,6.745362563237774e-05,0.002630691399662732,0.000775716694772344,0.0008094435075885329,0.00020236087689713323,0.0,6.745362563237774e-05,0.001854974704890388,0.00013490725126475548,0.001011804384485666,0.0,0.0,0.00037099494097807755,0.0,3.372681281618887e-05,0.0004384485666104553,0.00013490725126475548,3.372681281618887e-05,3.372681281618887e-05,0.002866779089376054,0.0005733558178752108,0.001551433389544688,0.0010792580101180438,0.003338954468802698,3.372681281618887e-05,0.0,0.0005733558178752108,0.0012141652613827994,0.0019561551433389546,3.372681281618887e-05,3.372681281618887e-05,0.00030354131534569986,0.0004384485666104553,0.00239460370994941,0.0,0.00016863406408094435,0.00020236087689713323,0.0011804384485666105,3.372681281618887e-05,0.0,0.0,0.000775716694772344,0.0005396290050590219,0.00013490725126475548,0.0017875210792580101,0.0,0.0,0.0,0.0,0.0003372681281618887,0.002023608768971332,6.745362563237774e-05,0.0009106239460370995,0.00013490725126475548,0.00037099494097807755,0.00016863406408094435,0.0004384485666104553,0.00016863406408094435,0.0005733558178752108,0.0,0.0006070826306913997,0.0002360876897133221,0.000775716694772344,0.000505902192242833,0.0011129848229342327,0.00020236087689713323,0.0,0.0,0.0,0.0,0.0012478920741989881,0.0002360876897133221,0.0005733558178752108,0.0022934232715008432,0.0,0.0019898819561551435,0.0009780775716694773,0.0024620573355817873,0.00013490725126475548,0.00030354131534569986,0.00016863406408094435,0.00030354131534569986,0.0,0.0,0.00020236087689713323,0.0006408094435075885,0.0002360876897133221,0.0022596964586846543,0.0009106239460370995,6.745362563237774e-05,0.0008094435075885329,0.00010118043844856661,0.00020236087689713323,0.0010792580101180438,0.00016863406408094435,0.000505902192242833,0.0,0.00040472175379426646,0.000505902192242833,6.745362563237774e-05,0.0021922428330522765,0.0006745362563237774,0.00037099494097807755,0.00013490725126475548,0.00026981450252951095,0.00030354131534569986,0.0002360876897133221,0.0006070826306913997,0.00010118043844856661,0.0006408094435075885,0.00013490725126475548,0.00013490725126475548,0.00020236087689713323,0.0,0.0007082630691399663,0.00016863406408094435,0.00013490725126475548,0.0003372681281618887,0.0007082630691399663,0.0008094435075885329,0.00010118043844856661,3.372681281618887e-05,0.00010118043844856661,0.0003372681281618887,0.00010118043844856661,0.0007082630691399663,0.0003372681281618887,0.0,0.0003372681281618887,0.000505902192242833,0.00037099494097807755,0.0006745362563237774,0.0006408094435075885,0.000505902192242833,0.00020236087689713323,0.000775716694772344,0.00013490725126475548,0.0005396290050590219,0.0005396290050590219,0.00010118043844856661,6.745362563237774e-05,0.00020236087689713323,0.00020236087689713323,0.00020236087689713323,0.00020236087689713323,0.00026981450252951095,0.00030354131534569986,0.00040472175379426646
lxx_1maccabees,0.012463941653513307,0.007157241604528384,0.0026397431012899365,0.005388341588200076,0.001251836934632341,0.00040820769607576333,0.00040820769607576333,0.005007347738529364,0.005034561584934415,0.00489849235290916,2.721384640505089e-05,2.721384640505089e-05,0.0008436292385565776,0.0015511892450879006,0.00244924617645458,0.0013606923202525445,0.00029935231045555977,0.0011429815490121373,0.00038099384967071247,0.00038099384967071247,0.00274859848691014,8.164153921515267e-05,0.0022859630980242747,0.00021771077124040712,0.000244924617645458,0.0,0.002013824633973766,0.0006259184673161705,0.0029390954117454963,0.0,0.0,0.0045991400424536,0.00040820769607576333,0.005225058509769771,0.005225058509769771,0.0026125292548848855,0.000244924617645458,0.0005987046209111195,0.00019049692483535623,0.0,0.0010885538562020356,0.00013606923202525445,0.00035378000326566155,0.0,0.00013606923202525445,0.0,0.00021771077124040712,0.00013606923202525445,0.00021771077124040712,0.0006531323137212214,0.0004626353888858651,2.721384640505089e-05,5.442769281010178e-05,0.000517063081695967,0.0028574538725303434,0.00038099384967071247,8.164153921515267e-05,0.0,0.0,0.00035378000326566155,0.0006259184673161705,0.00021771077124040712,0.0,0.0,0.0011429815490121373,0.0,0.00010885538562020356,0.0005442769281010178,0.0013062646274424427,2.721384640505089e-05,2.721384640505089e-05,0.0008708430849616285,0.00029935231045555977,0.00010885538562020356,0.000517063081695967,0.0015239753986828499,0.0,0.0,0.0007347738529363741,0.001986610787568715,0.0008164153921515267,2.721384640505089e-05,0.00040820769607576333,0.00010885538562020356,0.0010613400097969846,0.000517063081695967,0.0,0.00016328307843030534,0.0006803461601262722,0.0006531323137212214,5.442769281010178e-05,0.001034126163391934,0.001034126163391934,0.0016056169378980026,0.00013606923202525445,2.721384640505089e-05,0.0009252707777717302,0.0,0.0,2.721384640505089e-05,0.0,0.000517063081695967,0.0007892015457464758,0.0023131769444293257,0.000489849235290916,0.0002721384640505089,0.0002721384640505089,0.000244924617645458,0.0018233277091384097,0.0005987046209111195,0.00016328307843030534,0.0,0.00040820769607576333,0.0005714907745060687,0.0013606923202525445,0.00029935231045555977,0.00043542154248081425,8.164153921515267e-05,0.0,0.0,8.164153921515267e-05,8.164153921515267e-05,0.003238447722201056,8.164153921515267e-05,0.0008708430849616285,0.0015239753986828499,0.0,0.00038099384967071247,0.0006259184673161705,0.0006259184673161705,0.0004626353888858651,5.442769281010178e-05,0.0005442769281010178,5.442769281010178e-05,0.0,0.0,0.00019049692483535623,0.0002721384640505089,0.00029935231045555977,0.0015239753986828499,0.00029935231045555977,0.0,0.0016328307843030533,5.442769281010178e-05,0.0007075600065313231,0.00029935231045555977,0.0,0.00043542154248081425,0.0,0.0003265661568606107,0.00043542154248081425,0.0,0.0011701953954171883,0.00016328307843030534,0.00021771077124040712,0.0007075600065313231,0.00019049692483535623,0.00029935231045555977,0.00016328307843030534,0.0017689000163283077,0.00016328307843030534,0.002204321558809122,0.00010885538562020356,0.0016600446307081043,0.0002721384640505089,0.0,0.0002721384640505089,0.00035378000326566155,0.0,8.164153921515267e-05,0.00122462308822729,0.0016600446307081043,0.0007075600065313231,0.0,0.00040820769607576333,5.442769281010178e-05,0.0,0.001251836934632341,0.00016328307843030534,2.721384640505089e-05,5.442769281010178e-05,0.0007892015457464758,0.00016328307843030534,0.0006259184673161705,0.0003265661568606107,0.0008436292385565776,5.442769281010178e-05,0.0016328307843030533,0.0005714907745060687,0.001006912316986883,0.0005442769281010178,5.442769281010178e-05,8.164153921515267e-05,2.721384640505089e-05,0.0,0.0,0.0,5.442769281010178e-05,0.000489849235290916,5.442769281010178e-05
diodorus_siculus,0.0016835934197051833,0.00041526132338710436,0.004825298997547891,0.0058211745694717165,0.00223790152105901,0.00034010090286455154,0.0003382218923514877,0.0005317599751970613,0.0005317599751970613,0.0041714033390016815,0.0,0.0,0.002074427606422458,0.002594913518541136,0.00096393239320174,0.00025178740875055197,0.00016723193566268004,0.00402296150846964,0.00022736027208072228,5.261229436578698e-05,0.0004735106492920828,0.00023299730361991375,0.0008568287939571022,0.00293125640037956,0.002987626715771475,1.8790105130638206e-06,0.0005411550277623804,0.0024690198141658604,0.003057150104754836,1.8790105130638206e-06,5.637031539191461e-06,0.002104491774631479,7.516042052255282e-06,0.0015990379466173114,0.0015576997153299074,0.00043968846005693405,9.019250462706338e-05,7.140239949642518e-05,0.00010710359924463778,2.4427136669829667e-05,0.001852704365880927,0.00010334557821851013,0.000670806753163784,1.8790105130638206e-06,0.001726810661505651,9.395052565319103e-05,0.0002555454297766796,0.001687351440731311,0.00018978006181944587,0.0007591202472777835,9.395052565319103e-06,5.6370315391914615e-05,0.0015746108099474816,0.002065032553857139,0.0022040793318238616,0.0002461503772113605,3.945922077434023e-05,3.758021026127641e-06,0.0015370305996862052,0.0023243360046599462,0.0003438589238906792,0.0009131991093490168,4.8854273339659335e-05,0.0,0.00036452803953438117,5.6370315391914615e-05,0.0,0.0007703943103561664,0.0,0.0,0.0,0.00236567423594735,0.0004941797649357848,0.0013660406429973975,0.0012833641804225894,0.0019936301543607136,4.3217241800467876e-05,4.697526282659551e-05,0.000586251280075912,0.0019335018179426713,0.0017362057140709703,6.200734693110608e-05,1.6911094617574387e-05,0.00036264902902131735,0.00015971589361042475,0.0018470673343417357,3.194317872208495e-05,0.00020669115643702027,0.00022172324054153082,0.001268332096318079,2.2548126156765845e-05,0.00010334557821851013,0.00010334557821851013,0.0003776811131258279,9.395052565319103e-05,0.00034010090286455154,0.0016384971673916516,0.0,0.0,5.637031539191461e-06,5.824932590497844e-05,0.0007252980580426347,0.002690743054707391,2.630614718289349e-05,0.0007384511316340815,1.1274063078382923e-05,0.00029876267157714746,2.4427136669829667e-05,0.0001183776623230207,0.000659532690085401,0.00012401469386221216,7.703943103561664e-05,0.0004077452813348491,0.00015219985155816946,0.00037204408158663646,0.00035889100799518976,0.000712144984451188,0.0003363428818384239,5.824932590497844e-05,1.8790105130638206e-06,0.0,0.0,0.0008793769201138681,0.00011086162027076541,0.001371677674536589,0.0,1.1274063078382923e-05,0.0017005045143227576,0.000293125640037956,0.0018827685340899482,0.00019353808284557352,0.00015971589361042475,0.00021420719848927556,0.00015971589361042475,0.0,0.0,0.0009413842670449741,0.0004509625231353169,0.00022736027208072228,1.8790105130638206e-06,0.001467507210702844,7.891844154868046e-05,0.00023487631413297757,0.0016835934197051833,9.019250462706338e-05,0.0005749772169975291,0.00022360225105459464,0.0008944090042183786,0.0001916590723325097,0.0004171403339001682,0.0008774979096008043,0.00022548126156765846,0.0025573333082798597,0.0002630614718289349,0.00032506881876004097,0.00021608620900233938,0.00011086162027076541,0.00024990839823748815,0.00019353808284557352,2.8185157695957308e-05,0.00012025667283608452,0.0005148488805794869,0.00029876267157714746,0.00020293313541089263,7.703943103561664e-05,1.8790105130638206e-06,0.0007891844154868046,0.00021984423002846702,2.0669115643702027e-05,5.44913048788508e-05,0.0003269478292731048,0.0011687445391256963,0.00020293313541089263,0.0006031623746934864,2.2548126156765845e-05,0.00023299730361991375,0.0006369845639286352,0.0004002292392825938,0.000272456524394254,5.637031539191461e-06,0.00019729610387170116,0.0006313475323894437,7.516042052255282e-05,0.000984601508845442,0.0005110908595533592,0.00030627871362940275,4.8854273339659335e-05,0.0001559578725842971,6.576536795723372e-05,0.00023487631413297757,0.00014844183053204182,0.00038707616569114703,0.00010522458873157396,0.00012965172540140363,4.3217241800467876e-05,4.3217241800467876e-05,4.509625231353169e-05,0.0002611824613158711,0.00027621454542038165,0.0006877178477813584
dionysius_roman_antiquities,0.0029099701322713696,0.0005930877542312616,0.005302232968283317,0.004592518845114493,0.0030166405916654815,0.0008078509458114067,0.0007623382164699189,0.0014336509742568625,0.0014336509742568625,0.004814393400654245,0.0,0.0,0.0017294837149765326,0.0016541032570046934,0.0010837718674441758,0.00052481866021903,0.0009913241359692788,0.004619542028161001,0.00012942682406485564,0.00010240364101834732,0.00023609728345896743,0.0003100554686388849,0.0011150618688664485,0.001577300526240933,0.0015972123453278338,0.0,0.0006016213909827905,0.002104963732043806,0.0018717109941686816,5.689091167685962e-06,8.533636751528943e-06,0.0007651827620537619,0.0004053477456976248,0.0008434077656094439,0.0008362964016498365,0.0006371782107808278,0.00032001137818233537,0.00030863319584696343,0.00030863319584696343,4.266818375764472e-05,0.0012544446024747547,0.00044943820224719103,0.0010923055041957047,7.111363959607453e-06,0.0012971127862323993,6.258000284454559e-05,0.0004906841132129142,0.0013625373346607878,0.0008960318589105391,0.0015417437064428957,0.00033850092447731473,0.00018347319015787227,5.120182050917366e-05,0.0018133978096999005,0.002238657374484426,0.0002801877400085336,8.106954913952496e-05,3.9823638173801735e-05,3.271227421419428e-05,0.0025558242070829185,0.0011548855070402503,0.001105105959322998,9.955909543450434e-06,0.0,0.000739581851799175,0.0004352154743279761,0.0,0.0010069691366804154,0.0,0.0,0.0,0.0023638173801735175,0.0008818091309913241,0.0010823495946522543,0.0010965723225714692,0.0012103541459251885,0.00010240364101834732,0.00039681410894609585,0.0010766605034845684,0.0025501351159152325,0.0017949082634049211,0.00017920637178210782,9.955909543450434e-06,0.000834874128857915,0.00035841274356421563,0.00249039965865453,2.417863746266534e-05,0.0003299672877257858,0.0003626795619399801,0.0014165837007538045,3.1290001422272795e-05,0.00027449864884084767,0.00027449864884084767,0.0004451713838714265,7.822500355568198e-05,0.0006599345754515716,0.0017949082634049211,0.0,0.0,2.844545583842981e-06,8.533636751528944e-05,0.0009202104963732043,0.001119328687242213,2.844545583842981e-05,0.0009372777698762623,0.00026596501208931876,0.000536196842554402,0.00010667045939411179,8.106954913952496e-05,4.55127293414877e-05,0.00020196273645285167,0.00013938273360830606,0.0005177072962594225,0.0003299672877257858,0.0004224150192006827,0.00047930593087754233,0.0011634191437917792,0.0007054473047930593,8.391409472336794e-05,9.955909543450434e-06,0.0,0.0,0.0004921063860048357,0.0004906841132129142,0.0010965723225714692,0.0,2.844545583842981e-06,0.001501920068269094,0.0004010809273218603,0.0016967714407623382,0.0009500782250035556,0.000446593656663348,0.0006457118475323567,0.000446593656663348,0.0,0.0,0.0003612572891480586,0.0007182477599203528,0.0003456122884369222,2.417863746266534e-05,0.0019798037263547147,0.0004195704736168397,0.0001664059166548144,5.120182050917366e-05,0.0001948513724932442,0.0006770018489546295,0.0004835727492533068,0.0005930877542312616,0.0003299672877257858,0.0005134404778836581,0.0005930877542312616,0.0006158441189020054,0.0022457687384440338,7.253591238799602e-05,0.000530507751386716,0.0006158441189020054,0.00043237092874413315,0.000669890484995022,0.0006812686673303939,0.0002560091025458683,0.00043237092874413315,0.0011435073247048784,0.00032001137818233537,8.960318589105391e-05,0.0002403641018347319,1.4222727919214905e-06,0.0008163845825629356,0.00026027592092163276,3.5556819798037265e-05,0.0001777840989901863,0.0003456122884369222,0.0009230550419570473,0.0005760204807282037,4.55127293414877e-05,0.00012373773289716967,0.0005063291139240507,9.529227705873986e-05,0.0008434077656094439,0.00020480728203669464,1.1378182335371924e-05,0.0002545868297539468,0.0018532214478737023,0.0002104963732043806,0.00068695775849808,0.0007410041245910965,0.0003911250177784099,4.55127293414877e-05,0.00015787227990328545,6.542454842838856e-05,0.0002730763760489262,0.0005603754800170672,0.00021476319158014506,8.818091309913241e-05,0.0010012800455127294,3.9823638173801735e-05,3.9823638173801735e-05,3.9823638173801735e-05,0.0003612572891480586,0.000678424121746551,0.0009884795903854359
dionysius_thucydides,0.002312381753205802,0.0016817321841496743,0.0018919487071683834,0.002522598276224511,0.0012612991381122556,0.0008408660920748371,0.0008408660920748371,0.00021021652301870928,0.00021021652301870928,0.003153247845280639,0.0,0.0,0.004624763506411604,0.0,0.002522598276224511,0.005045196552449022,0.0008408660920748371,0.00294303132226193,0.004624763506411604,0.004624763506411604,0.0,0.0012612991381122556,0.0010510826150935463,0.0008408660920748371,0.0008408660920748371,0.0,0.001471515661130965,0.0008408660920748371,0.004624763506411604,0.0,0.00021021652301870928,0.00042043304603741857,0.0,0.0008408660920748371,0.0008408660920748371,0.0008408660920748371,0.0021021652301870925,0.001471515661130965,0.0018919487071683834,0.0,0.0033634643682993485,0.002312381753205802,0.001471515661130965,0.0,0.0010510826150935463,0.0,0.0,0.0010510826150935463,0.0006306495690561278,0.0016817321841496743,0.0006306495690561278,0.0,0.001471515661130965,0.0012612991381122556,0.00021021652301870928,0.0,0.0008408660920748371,0.0,0.0012612991381122556,0.0008408660920748371,0.00021021652301870928,0.00021021652301870928,0.00021021652301870928,0.0,0.004204330460374185,0.0012612991381122556,0.0,0.0012612991381122556,0.0,0.0,0.0,0.001471515661130965,0.001471515661130965,0.00294303132226193,0.0,0.0006306495690561278,0.0018919487071683834,0.0012612991381122556,0.001471515661130965,0.002312381753205802,0.0012612991381122556,0.00021021652301870928,0.0,0.0008408660920748371,0.00021021652301870928,0.0016817321841496743,0.00042043304603741857,0.0,0.00042043304603741857,0.0016817321841496743,0.0010510826150935463,0.00042043304603741857,0.00042043304603741857,0.00021021652301870928,0.00042043304603741857,0.0008408660920748371,0.00021021652301870928,0.0,0.0,0.0,0.0,0.0008408660920748371,0.0012612991381122556,0.00021021652301870928,0.00042043304603741857,0.00042043304603741857,0.00021021652301870928,0.0006306495690561278,0.0,0.0006306495690561278,0.00021021652301870928,0.00021021652301870928,0.0018919487071683834,0.0006306495690561278,0.0006306495690561278,0.0010510826150935463,0.0008408660920748371,0.0018919487071683834,0.0,0.00021021652301870928,0.0,0.0,0.00042043304603741857,0.0,0.0018919487071683834,0.0,0.0,0.0008408660920748371,0.0006306495690561278,0.0012612991381122556,0.0,0.0,0.00021021652301870928,0.0,0.0,0.0,0.0006306495690561278,0.0016817321841496743,0.0,0.0,0.0012612991381122556,0.0008408660920748371,0.0,0.0,0.00042043304603741857,0.0008408660920748371,0.0,0.0012612991381122556,0.004204330460374185,0.0008408660920748371,0.0012612991381122556,0.003994113937355476,0.0018919487071683834,0.00021021652301870928,0.0006306495690561278,0.0012612991381122556,0.00042043304603741857,0.0,0.00042043304603741857,0.00021021652301870928,0.0006306495690561278,0.00021021652301870928,0.00042043304603741857,0.0,0.00042043304603741857,0.0,0.00042043304603741857,0.0,0.0,0.0,0.00021021652301870928,0.0,0.0010510826150935463,0.0006306495690561278,0.00042043304603741857,0.0012612991381122556,0.0006306495690561278,0.0006306495690561278,0.0,0.0,0.0006306495690561278,0.0010510826150935463,0.00042043304603741857,0.002312381753205802,0.00042043304603741857,0.00021021652301870928,0.0,0.0,0.00042043304603741857,0.0,0.00021021652301870928,0.00021021652301870928,0.0,0.0006306495690561278,0.0,0.0,0.0,0.00042043304603741857,0.0006306495690561278,0.0018919487071683834
strabo_geography,0.0012417630692634354,0.00044223165910089324,0.0022258017279250257,0.003092692927222141,0.00221701566847269,0.0009752525992092546,0.0009166788695270171,0.0005095914482354664,0.0005095914482354664,0.0034704934836725728,0.0,0.0,0.0023985942304876264,0.0,0.0005915946697905989,0.00019622199443549568,0.001391126079953141,0.0020852247766876557,0.00031044076731585884,9.371796749158003e-05,0.00012886220530092254,0.0003865866159027676,0.0005066627617513545,0.0005915946697905989,0.0006413823400205008,2.928686484111876e-06,0.0002782252159906282,0.0012710499341045541,0.0031717674622931615,1.4643432420559379e-05,3.807292429345439e-05,0.00046273246448967636,0.0,0.0008639625128130033,0.0007761019182896471,0.00031922682676819447,0.0013852687069849173,0.0007175281886074096,0.00020207936740371943,4.100161077756626e-05,0.0016547078635232098,9.371796749158003e-05,0.0012388343827793235,0.0,0.0009254649289793527,6.735978913457315e-05,0.0003133694537999707,0.0009166788695270171,0.0005125201347195783,0.0017162102796895592,0.0,4.393029726167814e-05,0.00021086542685605505,0.000732171621027969,0.0012564065016839948,0.00022258017279250256,0.00022258017279250256,7.028847561868502e-05,0.0001200761458485869,0.0014233416312783716,0.0018655732903792648,0.0008991067506223458,2.3429491872895006e-05,0.0,0.0002460096646653976,0.0003631571240298726,0.0,0.0008815346317176746,0.0,0.0,0.0,0.0014907014204129448,0.0009518231073363596,0.0009137501830429052,0.0010250402694391566,0.0014438424366671548,1.7572118904671256e-05,0.00020207936740371943,0.001511202225801728,0.0013881973934690291,0.0010455410748279397,1.7572118904671256e-05,8.786059452335628e-06,0.0005476643725289208,0.0005564504319812564,0.000992824718113926,2.9286864841118757e-05,0.0006530970859569483,6.735978913457315e-05,0.0009752525992092546,1.4643432420559379e-05,0.00045101771855322886,0.00045101771855322886,0.00016693512959437692,2.3429491872895006e-05,0.0008200322155513252,0.002240445160345585,0.0,0.0,8.786059452335628e-06,1.4643432420559379e-05,0.0007233855615756333,0.002193586176599795,5.2716356714013764e-05,0.0004920193293307952,0.0,0.00015229169717381755,0.0009313223019475765,2.9286864841118757e-05,0.00045394640503734074,0.0005623078049494802,2.928686484111876e-06,0.00043930297261678136,0.0001581490701420413,0.0002694391565382926,0.000401230048323327,0.0005828086103382633,0.000401230048323327,1.1714745936447503e-05,2.050080538878313e-05,0.0,0.0,0.0004129447942597745,0.0002577244106018451,0.0004685898374579001,5.564504319812564e-05,1.7572118904671256e-05,0.0008053887831307658,0.000354371064577537,0.0015727046419680773,0.0014438424366671548,0.00023136623224483818,0.0008991067506223458,0.0002284375457607263,0.0,0.0,0.00036901449699809635,0.0005681651779177039,0.0001698638160784888,8.49319080392444e-05,0.0006589544589251721,0.0005681651779177039,0.00023136623224483818,0.0003280128862205301,0.00022550885927661443,0.0003895153023868795,0.000424659540196222,0.0007995314101625421,1.7572118904671256e-05,0.00022258017279250256,0.000802460096646654,0.0001230048323326988,0.0013530531556596866,0.00013179089178503442,0.0005945233562747108,0.0005798799238541514,9.66466539756919e-05,0.00043051691316444573,0.00016400644311026505,7.028847561868502e-05,0.0006208815346317177,0.000377800556450432,0.0006999560697027383,5.8573729682237514e-05,8.200322155513252e-05,2.3429491872895006e-05,0.0004598037780055645,0.00015522038365792942,0.00019036462146727193,8.786059452335627e-05,0.00014936301068970567,0.0002665104700541807,0.0005564504319812564,6.15024161663494e-05,0.00019036462146727193,0.000377800556450432,9.957534045980378e-05,0.0005769512373700396,0.0006238102211158296,1.4643432420559379e-05,0.00041880216722799823,0.0001464343242055938,6.735978913457315e-05,0.0009342509884316884,0.0007116708156391858,0.0003016547078635232,0.0005535217454971446,0.00013179089178503442,6.735978913457315e-05,0.00022258017279250256,6.443110265046127e-05,7.614584858690877e-05,6.443110265046127e-05,0.00026358178357006884,0.0005330209401083614,0.0005300922536242496,0.0005300922536242496,0.00022550885927661443,0.0008346756479718846,0.0002782252159906282
philo_de_opificio,0.0010184163625562251,0.0004243401510650938,0.0018670966646864126,0.0007638122719171688,0.0017822286344733938,0.0015276245438343376,0.0013578884834083002,8.486803021301876e-05,8.486803021301876e-05,0.002461172876177544,0.0,0.0,0.0005940762114911313,0.0,0.0012730204531952814,0.00016973606042603752,0.002461172876177544,0.0025460409063905627,0.00016973606042603752,8.486803021301876e-05,0.00033947212085207504,0.0005092081812781126,0.0018670966646864126,0.0,0.0,0.0,0.0006789442417041501,0.0015276245438343376,0.0033947212085207504,0.0,8.486803021301876e-05,8.486803021301876e-05,0.0,0.0002546040906390563,0.0002546040906390563,0.0002546040906390563,0.0008486803021301876,0.0009335483323432063,0.0002546040906390563,0.0002546040906390563,0.00033947212085207504,0.00016973606042603752,0.0005940762114911313,0.0,0.0015276245438343376,0.0,0.0011881524229822625,0.0015276245438343376,0.0007638122719171688,0.0016124925740473564,0.0,0.0,8.486803021301876e-05,0.0014427565136213188,0.0002546040906390563,0.0,0.0002546040906390563,0.0,8.486803021301876e-05,0.0016124925740473564,0.0011032843927692437,0.0005940762114911313,0.0,0.0,0.0011881524229822625,0.0005940762114911313,0.0,0.0006789442417041501,0.0,0.0,0.0,0.0010184163625562251,0.0005092081812781126,0.0016973606042603752,0.0002546040906390563,0.002121700755325469,0.0,0.0004243401510650938,0.0013578884834083002,0.0006789442417041501,0.0005940762114911313,0.00016973606042603752,0.0,0.0010184163625562251,0.0002546040906390563,0.0015276245438343376,0.0,0.0010184163625562251,0.00016973606042603752,0.00016973606042603752,8.486803021301876e-05,0.00033947212085207504,0.00033947212085207504,0.0012730204531952814,0.0002546040906390563,0.0005092081812781126,0.0018670966646864126,0.0,0.0,0.0,0.0010184163625562251,0.0006789442417041501,0.00016973606042603752,0.0,0.0015276245438343376,0.0,0.0008486803021301876,0.00033947212085207504,8.486803021301876e-05,0.0,0.0002546040906390563,0.0,0.0005092081812781126,0.0,0.0010184163625562251,8.486803021301876e-05,0.0016973606042603752,8.486803021301876e-05,0.0009335483323432063,0.0,0.0,0.0,0.0002546040906390563,0.0011881524229822625,0.0005092081812781126,0.0,0.0,0.00033947212085207504,0.0,0.0011032843927692437,0.0009335483323432063,0.0011032843927692437,0.0008486803021301876,0.0011032843927692437,0.0,0.0,8.486803021301876e-05,0.0016973606042603752,0.0004243401510650938,0.00016973606042603752,0.0006789442417041501,0.0002546040906390563,0.0,0.0,8.486803021301876e-05,0.0016973606042603752,0.00033947212085207504,0.00033947212085207504,8.486803021301876e-05,0.0009335483323432063,0.0002546040906390563,0.00016973606042603752,0.0009335483323432063,0.0,0.0005940762114911313,8.486803021301876e-05,0.0008486803021301876,0.0018670966646864126,0.00016973606042603752,0.0,0.0008486803021301876,0.00033947212085207504,0.0007638122719171688,0.0,0.0,0.0,0.0005940762114911313,0.00016973606042603752,0.0005940762114911313,0.0007638122719171688,0.0011881524229822625,0.0,8.486803021301876e-05,0.0,0.0002546040906390563,0.0005092081812781126,0.0,0.0006789442417041501,0.0,0.0002546040906390563,0.0002546040906390563,0.00016973606042603752,0.00016973606042603752,0.00016973606042603752,0.0005092081812781126,0.0005092081812781126,0.0010184163625562251,0.0,0.0,0.0004243401510650938,0.00033947212085207504,0.0,0.0017822286344733938,0.0006789442417041501,0.0009335483323432063,0.0009335483323432063,0.0009335483323432063,0.0,0.0005092081812781126,0.0006789442417041501
philo_de_vita_mosis,0.0015267175572519084,0.0008838891120932102,0.0019284853354760948,0.0012053033346725592,0.003374849337083166,0.0012856568903173965,0.0012856568903173965,0.0003214142225793491,0.0003214142225793491,0.002571313780634793,0.0,0.0,0.0010445962233828847,0.0,0.001366010445962234,8.035355564483728e-05,0.003937324226597027,0.004258738449176376,8.035355564483728e-05,8.035355564483728e-05,0.00016070711128967456,0.0006428284451586982,0.001366010445962234,0.0,0.0,0.0,0.0008035355564483728,0.0012053033346725592,0.003937324226597027,0.0,0.0,0.0004017677782241864,0.0,0.0009642426677380474,0.0008035355564483728,0.0007231820008035356,0.0019284853354760948,0.0012856568903173965,0.0004017677782241864,0.001124949779027722,0.0009642426677380474,0.0003214142225793491,0.0012856568903173965,0.0,0.0012856568903173965,0.0,0.0007231820008035356,0.0012856568903173965,0.0004017677782241864,0.0018481317798312575,0.0,8.035355564483728e-05,0.0,0.0024106066693451184,0.00024106066693451185,0.0,0.00024106066693451185,0.0,0.0,0.001124949779027722,0.0008035355564483728,0.001366010445962234,0.0,0.0,0.002008838891120932,0.0008035355564483728,0.0,0.0007231820008035356,0.0003214142225793491,8.035355564483728e-05,8.035355564483728e-05,0.0021695460024106065,0.0009642426677380474,0.0014463640016070711,0.0008035355564483728,0.0017677782241864203,8.035355564483728e-05,0.0008035355564483728,0.0012053033346725592,0.001124949779027722,0.0007231820008035356,8.035355564483728e-05,0.0,0.0014463640016070711,0.00024106066693451185,0.002008838891120932,0.00016070711128967456,0.00024106066693451185,8.035355564483728e-05,0.0003214142225793491,0.0,0.0003214142225793491,0.0003214142225793491,0.00016070711128967456,0.00016070711128967456,0.0,0.0020891924467657695,0.0,0.0,0.0,0.0,0.000562474889513861,8.035355564483728e-05,8.035355564483728e-05,0.0012856568903173965,0.0,0.001124949779027722,0.0006428284451586982,0.0,8.035355564483728e-05,0.0006428284451586982,0.0,0.0004017677782241864,0.00016070711128967456,0.0007231820008035356,0.0004821213338690237,0.0015267175572519084,8.035355564483728e-05,0.0,8.035355564483728e-05,0.0,0.0,0.0007231820008035356,0.0004017677782241864,0.0004017677782241864,0.0,0.0,0.000562474889513861,8.035355564483728e-05,0.0014463640016070711,0.0009642426677380474,0.0003214142225793491,0.0003214142225793491,0.0003214142225793491,8.035355564483728e-05,8.035355564483728e-05,0.0,0.0012856568903173965,0.0,0.00016070711128967456,0.00024106066693451185,0.00024106066693451185,0.00024106066693451185,0.0,8.035355564483728e-05,0.0014463640016070711,0.0008838891120932102,0.0004821213338690237,0.0,0.0016070711128967456,0.0004821213338690237,0.0,0.0010445962233828847,0.00024106066693451185,0.0010445962233828847,0.0004821213338690237,0.0010445962233828847,0.0010445962233828847,0.0003214142225793491,0.0,0.0019284853354760948,0.00016070711128967456,8.035355564483728e-05,0.00016070711128967456,8.035355564483728e-05,0.0,0.0003214142225793491,0.0007231820008035356,0.0004017677782241864,0.0006428284451586982,0.00016070711128967456,0.00016070711128967456,0.0004821213338690237,0.0,0.00024106066693451185,0.0006428284451586982,0.0,0.0006428284451586982,8.035355564483728e-05,0.0,0.00024106066693451185,0.0004821213338690237,8.035355564483728e-05,0.0004017677782241864,0.0016070711128967456,0.001124949779027722,0.00024106066693451185,0.00024106066693451185,8.035355564483728e-05,0.0008035355564483728,0.00016070711128967456,8.035355564483728e-05,0.0007231820008035356,0.00016070711128967456,0.00024106066693451185,0.00024106066693451185,0.00024106066693451185,0.0,0.0008035355564483728,0.00024106066693451185
josephus_jewish_war,0.0027883535900815153,0.0007840337775174501,0.004081856787230927,0.0045669204861619565,0.0022575291648362374,0.0005125201347195783,0.0005064187045443452,0.0010921560013667203,0.0010921560013667203,0.004469297603358227,5.491287157709767e-05,5.1862156489481135e-05,0.001430785376092156,0.0021080441255430273,0.0013819739346902914,0.00018609362034460877,0.0010769024259286377,0.0037798359935568896,0.00024405720700932298,3.660858105139845e-05,0.00047896226875579636,0.00043930297261678136,0.0011531703031190511,0.0016595890076633963,0.0017480597452042758,3.050715087616537e-06,0.0007474251964660517,0.0018700883487089374,0.0035296773563723337,0.0,3.050715087616537e-06,0.0007047151852394201,0.00010067359789134573,0.0014887489627568701,0.001470444672231171,0.0009579245375115927,0.00012202860350466149,0.0003020207936740372,0.00038133938595206714,0.0001799921901693757,0.001220286035046615,0.0001555864694684434,0.000936569531898277,3.050715087616537e-06,0.0013728217894274418,5.796358666471421e-05,0.0002715136427978718,0.0013545174989017426,0.0006864108947137209,0.0012843510518865623,9.762288280372919e-05,2.1355005613315762e-05,1.5253575438082687e-05,0.0016412847171376971,0.0013270610631131937,0.00021965148630839068,0.00020744862595792454,2.4405720700932297e-05,6.101430175233074e-06,0.0017358568848538098,0.0008725045150583297,0.0010494459901400888,6.101430175233074e-06,3.050715087616537e-06,0.00019219505051984185,0.0003599843803387514,0.0,0.0006070923024356909,0.0,0.0,0.0,0.002327695611851418,0.0006192951627861571,0.0009975838336506078,0.001147068872943818,0.0023307463269390343,6.406501683994729e-05,0.0003538829501635183,0.0009518231073363596,0.0016839947283643286,0.0016321325718748475,7.626787719041344e-05,3.0507150876165373e-05,0.0006375994533118563,0.00027761507297310487,0.0017785668960804413,2.4405720700932297e-05,0.00012813003367989457,9.152145262849612e-05,0.0012385903255723143,2.7456435788548835e-05,0.00023185434665885685,0.00023185434665885685,0.0006742080343632548,1.5253575438082687e-05,0.00032947722946258603,0.0016321325718748475,0.0,0.0,4.576072631424806e-05,3.660858105139845e-05,0.0004637086933177137,0.0018456826280080052,5.491287157709767e-05,0.000567433006296676,9.457216771611266e-05,0.0004728608385805633,0.00016778932981890954,7.016644701518036e-05,0.0003508322350759018,0.0004545565480548641,9.457216771611266e-05,0.0005460780006833601,6.711573192756382e-05,0.0006253965929613901,0.00034778151998828526,0.0011836774539952164,0.00048811441401864597,3.660858105139845e-05,1.8304290525699224e-05,0.0,0.0,0.0008053887831307658,0.00018609362034460877,0.0011226631522428857,0.001662639722751013,0.0,0.0011226631522428857,0.0003264265143749695,0.0017419583150290428,0.000567433006296676,0.00017694147508175916,0.0006559037438375556,0.00017694147508175916,3.050715087616537e-06,3.050715087616537e-06,0.0006559037438375556,0.0007992873529555327,0.00042099868209108214,0.0016656904378386293,0.001397227510128374,0.00014338360911797724,0.0004850636989310294,3.9659296139014984e-05,0.0002288036315712403,0.001028090984526773,0.0004850636989310294,0.0004545565480548641,0.00024100649192170646,0.0005948894420852248,0.0004515058329672475,9.457216771611266e-05,0.0022575291648362374,0.00015253575438082688,0.0005369258554205105,0.0005918387269976082,0.00015253575438082688,0.0006894616098013374,0.00030507150876165376,0.00010067359789134573,0.00043015082735393175,0.0008908088055840289,0.0002867672182359545,5.796358666471421e-05,0.00010372431297896227,0.0,0.0005003172743691121,0.0003935422463025333,2.7456435788548835e-05,9.762288280372919e-05,0.0006437008834870893,0.0010250402694391566,0.000533875140332894,1.2202860350466149e-05,9.152145262849612e-05,0.0003752379557768341,5.491287157709767e-05,0.0006894616098013374,0.00021049934104554107,1.8304290525699224e-05,0.0001311807487675111,0.0007291209059403525,0.00015863718455605993,0.0007565773417289013,0.0006772587494508713,0.0005491287157709767,0.00019219505051984185,0.0004637086933177137,0.00012202860350466149,0.0004637086933177137,0.00018609362034460877,0.0001708400449065261,9.152145262849612e-05,0.000698613755064187,0.0001555864694684434,0.0001555864694684434,0.0001799921901693757,0.00016778932981890954,0.0004759115536681798,0.0001708400449065261
josephus_antiquities,0.0047140738322465165,0.0019700607060134695,0.0026173663665607525,0.004117426875568151,0.0031267677776870926,0.000934371649137817,0.0009259285318263307,0.0014550305500128054,0.0014550305500128054,0.0046493432661917885,0.00012101801479797028,0.00012101801479797028,0.001758982773226312,3.658684168310729e-05,0.00272149814673575,0.00022233542253580584,0.0012889825762202416,0.004106169385819503,0.00017449109110405017,4.784433143175569e-05,0.0006529344054216071,0.000481257686754719,0.0011173058575533535,0.0016379647584283418,0.0016858090898600976,8.443117311486299e-06,0.0019756894508877938,0.0018040127322209057,0.0032900013790424943,0.0,2.814372437162099e-06,0.0004981439213776916,0.00012946113210945658,0.0032590432822337113,0.00323089955786209,0.0022824560465384627,0.00019137732572702275,0.00030113785077634465,0.00014353299429526706,0.0005685032323067441,0.0017139528142317186,0.00025892226421891316,0.0015450904680019927,0.0,0.0012355094999141616,3.3772469245945196e-05,0.00019700607060134696,0.001215808892854027,0.0006867068746675523,0.001131377719739164,8.724554555202509e-05,2.5329351934458895e-05,1.4071862185810496e-05,0.002383773454276298,0.0007936530272797121,0.00014071862185810496,6.754493849189039e-05,3.940121412026939e-05,1.1257489748648397e-05,0.0021726955214891406,0.0008077248894655225,0.0013508987698378078,5.628744874324198e-06,0.0,0.0003827546514540455,0.00011257489748648397,0.0,0.0010356890568756526,0.00025329351934458896,0.0,0.0,0.0028706598859053415,0.0012889825762202416,0.002009461920133739,0.0009540722561979517,0.002096707465685764,2.8143724371620993e-05,0.00010131740773783558,0.000962515373509438,0.0012889825762202416,0.0015028748814445612,0.00012383238723513238,1.6886234622972598e-05,0.0006613775227330933,0.0005262876457493126,0.002096707465685764,5.628744874324198e-06,0.00034898218220810035,0.00019982044303850906,0.0011426352094878124,1.6886234622972598e-05,0.0004080840033885044,0.0004080840033885044,0.0005713176047439062,3.658684168310729e-05,0.00042215586557431493,0.0016520366206141523,0.0,0.0,6.473056605472829e-05,3.0958096808783094e-05,0.0009512578837607897,0.0011707789338594333,0.00010131740773783558,0.0006473056605472828,8.724554555202509e-05,0.0006022757015526893,9.850303530067348e-05,0.00011538926992364607,0.0002870659885905341,0.0005825750944925546,7.317368336621458e-05,0.0004756289418803948,0.00015760485648107757,0.0006529344054216071,0.0005178445284378263,0.0008246111240884952,0.0004418564726344496,3.0958096808783094e-05,8.443117311486299e-06,0.0,0.0,0.0018912582777729308,0.00035461092708242455,0.0007626949304709289,0.0011989226582310543,0.0,0.001359341887149294,0.00037994027901688343,0.0021952105009864376,0.0004981439213776916,0.0003292815751479656,0.0005037726662520158,0.0003292815751479656,0.0,0.0,0.00021670667766148167,0.0004981439213776916,0.0006670062676074176,0.0012495813620999722,0.0007823955375310637,0.00019700607060134696,0.0008133536343398468,7.317368336621458e-05,0.00043341335532296333,0.0006895212471047143,0.0005853894669297166,0.0007373655785364701,0.0002983234783391825,0.0004137127482628286,0.0007401799509736322,8.443117311486299e-05,0.002040420016942522,0.00017449109110405017,0.0004362277277601254,0.0009118566696405202,0.0003349103200222898,0.000706407481727687,0.0003827546514540455,9.850303530067348e-05,0.00025610789178175103,0.0014859886468215884,0.0002983234783391825,8.161680067770088e-05,3.940121412026939e-05,0.0,0.0006163475637384997,0.00039119776876553184,8.443117311486299e-06,0.00012664675967229448,0.0005262876457493126,0.0008808985728317371,0.0008555692208972783,5.628744874324198e-06,0.00015197611160675336,0.00025610789178175103,8.161680067770088e-05,0.0005910182118040409,0.00024766477447026475,1.9700607060134696e-05,0.00015197611160675336,0.0007289224612249838,0.0002814372437162099,0.0010131740773783558,0.0009146710420776823,0.0005853894669297166,5.910182118040409e-05,0.0008049105170283604,0.00025610789178175103,0.0004446708450716117,0.00025047914690742683,0.00018293420841553645,0.00017449109110405017,0.00020544918791283326,3.3772469245945196e-05,3.3772469245945196e-05,3.940121412026939e-05,0.00021670667766148167,0.0004953295489405295,0.0004700001970060706
vita_aesopi,0.003017865765330758,0.001508932882665379,0.0031385803959439883,0.0013882182520521488,0.0024746499275712214,0.0006639304683727668,0.0006639304683727668,0.0006639304683727668,0.0006639304683727668,0.0031989377112506038,0.0,0.0,0.00036214389183969096,0.0010864316755190729,0.0028367938194109126,0.0004828585224529213,0.0012071463061323032,0.005251086431675519,0.00012071463061323032,0.00012071463061323032,0.00036214389183969096,0.0004225012071463061,0.0016296475132786094,0.00018107194591984548,0.00036214389183969096,0.0,0.00187107677450507,0.0020521487204249156,0.0039835828102366,0.0,0.00018107194591984548,0.0006639304683727668,0.00018107194591984548,0.0022935779816513763,0.002233220666344761,0.0016296475132786094,0.0004828585224529213,0.0003017865765330758,0.00012071463061323032,6.035731530661516e-05,0.001931434089811685,0.0,0.003017865765330758,0.0,0.0008450024142926122,0.00012071463061323032,0.0003017865765330758,0.0007846450989859971,0.0008450024142926122,0.0010260743602124578,0.0005432158377595364,0.0,0.0,0.00386286817962337,0.0008450024142926122,6.035731530661516e-05,6.035731530661516e-05,6.035731530661516e-05,0.0,0.001508932882665379,0.00036214389183969096,0.0010260743602124578,0.0,0.0,0.0006035731530661516,0.0,0.0,0.0018107194591984548,0.0,0.0,0.0,0.002716079188797682,0.0028971511347175277,0.0035007242877836795,0.0006639304683727668,0.0015692901979719941,0.0,0.0,0.0011467889908256881,0.0012071463061323032,0.0010260743602124578,0.00012071463061323032,0.004949299855142443,0.0011467889908256881,0.0009657170449058426,0.0022935779816513763,0.0,0.0004225012071463061,0.0,0.0004828585224529213,0.0,0.0005432158377595364,0.0005432158377595364,0.0007242877836793819,0.00018107194591984548,0.0008450024142926122,0.0008450024142926122,0.0051303718010622884,0.0051303718010622884,0.0,0.0,0.0015692901979719941,0.0005432158377595364,0.0,0.0006035731530661516,0.00012071463061323032,0.0004225012071463061,6.035731530661516e-05,0.0003017865765330758,0.00018107194591984548,0.0013278609367455335,0.00012071463061323032,0.00036214389183969096,0.0,0.0007242877836793819,0.0003017865765330758,0.0004225012071463061,6.035731530661516e-05,0.0,0.0,0.0,0.0,0.0016900048285852245,0.00036214389183969096,0.0006035731530661516,0.0,0.0045871559633027525,0.0024746499275712214,0.00012071463061323032,0.0012071463061323032,0.0004828585224529213,0.00036214389183969096,0.00024142926122646064,0.00036214389183969096,0.0,0.0,0.0,0.0012071463061323032,0.0011467889908256881,0.0,0.0006639304683727668,0.0003017865765330758,0.0005432158377595364,0.0,0.0004225012071463061,0.0004225012071463061,0.0010864316755190729,0.0006035731530661516,0.00036214389183969096,0.0004225012071463061,0.0005432158377595364,6.035731530661516e-05,0.0013278609367455335,6.035731530661516e-05,0.0006639304683727668,0.0009657170449058426,0.0005432158377595364,0.0006639304683727668,0.0009053597295992274,0.00012071463061323032,0.0006639304683727668,0.0007846450989859971,0.0004225012071463061,0.00024142926122646064,0.00018107194591984548,0.004104297440849831,0.0009657170449058426,6.035731530661516e-05,0.0,6.035731530661516e-05,0.0004828585224529213,0.0,0.0008450024142926122,0.0,0.0003017865765330758,0.00024142926122646064,0.00012071463061323032,0.0006639304683727668,0.0,0.00374215354901014,6.035731530661516e-05,0.0006035731530661516,0.00018107194591984548,0.0013278609367455335,0.0006035731530661516,0.00036214389183969096,0.00018107194591984548,0.0,0.0004225012071463061,0.0005432158377595364,6.035731530661516e-05,0.00018107194591984548,0.0,0.00024142926122646064,0.0,0.0,0.0,0.00036214389183969096,0.0006035731530661516,0.00036214389183969096
john_gospel,0.009426645188234592,0.006085555754429927,0.0024461547640355586,0.0024461547640355586,0.0005966231131794046,5.9662311317940454e-05,5.9662311317940454e-05,0.0013722331603126304,0.0013722331603126304,0.0033410894338046656,0.006025893443111986,0.006025893443111986,0.002386492452717618,5.9662311317940454e-05,0.004534335660163475,0.00011932462263588091,0.0024461547640355586,0.001431895471630571,5.9662311317940454e-05,5.9662311317940454e-05,0.0016705447169023328,0.0008949346697691068,0.001849531650856154,0.00035797386790764276,0.00035797386790764276,0.000775610047133226,0.0035797386790764273,0.000656285424497345,0.0036394009903943677,0.0,0.0,0.001849531650856154,0.004474673348845534,0.0007159477358152855,0.0007159477358152855,0.003699063301712308,0.002505817075353499,0.00393771254698407,0.00017898693395382138,0.001193246226358809,0.0013722331603126304,0.00023864924527176182,0.0016705447169023328,0.0,0.00023864924527176182,0.0,0.00011932462263588091,0.00017898693395382138,0.0007159477358152855,0.00035797386790764276,0.0019091939621740945,0.0008949346697691068,0.0,0.0008352723584511664,0.00017898693395382138,0.0004176361792255832,0.0,0.0,0.0,0.000656285424497345,0.001431895471630571,0.0002983115565897023,0.0,0.0,0.0014915577829485115,0.00011932462263588091,0.0,0.0016705447169023328,0.00017898693395382138,0.00011932462263588091,0.00011932462263588091,0.0013722331603126304,0.0017302070282202732,0.00047729849054352363,0.00035797386790764276,0.000775610047133226,0.0,0.00011932462263588091,0.0002983115565897023,0.0011335839150408687,0.00017898693395382138,5.9662311317940454e-05,0.0,0.0022671678300817373,0.00262514169798938,0.0011335839150408687,5.9662311317940454e-05,0.0013722331603126304,0.0005966231131794046,5.9662311317940454e-05,0.0,0.00035797386790764276,0.00035797386790764276,0.0010739216037229282,0.00011932462263588091,0.00131257084899469,0.0005966231131794046,0.0,0.0,0.004593997971481415,0.0,0.0016108824055843924,0.0004176361792255832,0.0008949346697691068,0.0,0.0016705447169023328,0.0010142592924049878,0.001431895471630571,0.0022671678300817373,0.0,0.0005966231131794046,0.0,5.9662311317940454e-05,0.00011932462263588091,0.0009545969810870473,0.0004176361792255832,0.0005966231131794046,0.0004176361792255832,0.0,0.0,0.0,0.0,0.00047729849054352363,0.0008949346697691068,0.0005369608018614641,0.0029234532545790825,0.0,0.0005966231131794046,0.00017898693395382138,0.000775610047133226,0.0005369608018614641,0.0008352723584511664,0.001431895471630571,0.0008352723584511664,0.0,0.0,0.0017898693395382137,0.0005369608018614641,0.00017898693395382138,0.002983115565897023,0.00011932462263588091,0.0010142592924049878,0.000775610047133226,0.0,0.002386492452717618,0.00017898693395382138,0.0017898693395382137,0.0002983115565897023,5.9662311317940454e-05,0.00017898693395382138,0.0002983115565897023,0.00011932462263588091,0.0004176361792255832,0.00011932462263588091,0.00017898693395382138,0.000656285424497345,0.00011932462263588091,0.0017302070282202732,0.0002983115565897023,0.00035797386790764276,0.00047729849054352363,0.0020285185848099756,0.00011932462263588091,0.000775610047133226,0.0032217648111687847,0.0,0.0002983115565897023,0.00011932462263588091,0.0,0.003699063301712308,0.0005369608018614641,0.0,0.000656285424497345,0.0,0.0019091939621740945,0.0,0.0,0.0007159477358152855,5.9662311317940454e-05,0.00047729849054352363,0.00017898693395382138,0.00017898693395382138,0.0023268301413996778,0.0008352723584511664,0.00047729849054352363,0.0025654793866714395,0.0,0.000775610047133226,0.0021478432074458565,0.00011932462263588091,0.0002983115565897023,0.00023864924527176182,5.9662311317940454e-05,0.00023864924527176182,0.0,0.0,0.0,5.9662311317940454e-05,0.00011932462263588091,0.0
chariton_callirhoe,0.0018510977009366554,0.0011106586205619933,0.0011847025285994595,0.0012217244826181926,0.002702602643367517,0.0029987782755173816,0.0029617563214986487,0.0006293732183184628,0.0006663951723371959,0.0022583391951427195,0.0,0.0,0.0029987782755173816,0.0035541075857983785,0.0015549220687867905,3.702195401873311e-05,0.002369405057198919,0.0029247343674799154,0.00014808781607493244,0.0,0.00011106586205619933,0.0007404390803746622,0.0014068342527118582,0.00018510977009366555,0.00025915367813113174,0.0,0.0006293732183184628,0.0017400318388804562,0.003406019769723446,0.0,0.00014808781607493244,7.404390803746622e-05,0.0,0.00014808781607493244,0.00014808781607493244,0.0011106586205619933,0.002295361149161453,0.0014438562067305913,0.0004812854022435304,0.00022213172411239866,0.002702602643367517,0.00018510977009366555,0.002702602643367517,0.0,0.0014438562067305913,0.0,0.0007404390803746622,0.0010736366665432602,0.0013327903446743918,0.0012587464366369257,0.0,3.702195401873311e-05,0.0,0.0008144829884121283,0.00022213172411239866,3.702195401873311e-05,0.00022213172411239866,0.0011847025285994595,0.0,0.0018881196549553885,0.0008885268964495946,0.0011106586205619933,0.0,0.0,0.001703009884861723,0.0007404390803746622,0.0,0.0011106586205619933,0.0,0.0,0.0,0.0015919440228055236,0.002110251379067787,0.0012587464366369257,0.0004812854022435304,0.0014068342527118582,0.0,0.0007034171263559291,0.0010736366665432602,0.0007034171263559291,0.0009995927585057939,0.0005183073562622635,7.404390803746622e-05,0.0009255488504683277,0.00011106586205619933,0.002073229425049054,3.702195401873311e-05,0.0014438562067305913,0.00022213172411239866,0.0004812854022435304,0.0,0.0006293732183184628,0.0006293732183184628,7.404390803746622e-05,7.404390803746622e-05,0.0008515049424308615,0.00166598793084299,0.0,0.0,0.0,0.0004442634482247973,0.0008885268964495946,0.00018510977009366555,0.00033319758616859796,0.0008885268964495946,0.0,0.0007404390803746622,0.0009255488504683277,0.0,0.0,0.0014438562067305913,3.702195401873311e-05,0.0004812854022435304,0.0,0.0008885268964495946,0.00022213172411239866,0.0015919440228055236,3.702195401873311e-05,0.0004442634482247973,0.00011106586205619933,0.0,0.0,0.00014808781607493244,0.0010736366665432602,0.0003702195401873311,0.0,0.0,0.00033319758616859796,3.702195401873311e-05,0.0008515049424308615,0.0005923512642997297,0.0008885268964495946,0.0004442634482247973,0.0008885268964495946,0.0,0.0,0.0,0.002443448965236385,7.404390803746622e-05,0.00011106586205619933,0.0004442634482247973,0.0002961756321498649,3.702195401873311e-05,0.0,0.00018510977009366555,0.0008515049424308615,0.00022213172411239866,0.0012957683906556587,7.404390803746622e-05,0.0017400318388804562,0.0012957683906556587,3.702195401873311e-05,0.0007034171263559291,0.0,0.0004442634482247973,0.00033319758616859796,0.001703009884861723,0.0007034171263559291,0.00022213172411239866,0.00014808781607493244,0.0018140757469179223,0.00025915367813113174,0.00033319758616859796,0.0,3.702195401873311e-05,0.0,0.0005183073562622635,0.00014808781607493244,0.0006663951723371959,0.0011476805745807264,7.404390803746622e-05,0.00018510977009366555,0.00033319758616859796,0.0,0.0002961756321498649,0.0007404390803746622,0.0,0.0012957683906556587,0.0009625708044870608,7.404390803746622e-05,0.00022213172411239866,0.00022213172411239866,0.00018510977009366555,0.0012957683906556587,0.0016289659768242567,0.0011476805745807264,0.00011106586205619933,3.702195401873311e-05,0.00011106586205619933,0.0012957683906556587,0.00033319758616859796,0.00033319758616859796,0.0002961756321498649,0.0018510977009366554,3.702195401873311e-05,3.702195401873311e-05,7.404390803746622e-05,0.0004072414942060642,0.0005923512642997297,0.00033319758616859796
ignatius_letters,0.003851851851851852,0.0027407407407407406,0.0034074074074074076,0.002,0.002148148148148148,0.0012592592592592592,0.0012592592592592592,0.0008148148148148148,0.0008148148148148148,0.002074074074074074,0.007407407407407408,0.007333333333333333,0.0012592592592592592,0.0033333333333333335,0.0022962962962962963,0.0002962962962962963,0.0013333333333333333,0.0017037037037037038,0.0,0.0,0.00014814814814814815,0.008444444444444444,0.003259259259259259,0.00014814814814814815,0.00037037037037037035,0.007925925925925927,0.0011851851851851852,0.00044444444444444447,0.0006666666666666666,0.0,0.0,0.00037037037037037035,0.0028888888888888888,0.00037037037037037035,0.00037037037037037035,0.0002962962962962963,0.002148148148148148,0.003259259259259259,7.407407407407407e-05,0.006592592592592593,0.001037037037037037,0.00014814814814814815,0.0008888888888888889,0.0,0.0005185185185185185,0.0,0.0002962962962962963,0.0005925925925925926,0.0014074074074074073,0.0005925925925925926,0.0045925925925925926,0.000962962962962963,0.0,0.000962962962962963,7.407407407407407e-05,0.000962962962962963,0.0,0.0,0.0,0.0006666666666666666,0.0005185185185185185,0.001037037037037037,0.0,0.0,0.00014814814814814815,0.0008888888888888889,7.407407407407407e-05,0.0007407407407407407,0.0,7.407407407407407e-05,7.407407407407407e-05,0.003037037037037037,0.0006666666666666666,0.0006666666666666666,0.0007407407407407407,0.002148148148148148,0.0,0.0008888888888888889,0.00022222222222222223,0.00044444444444444447,0.0012592592592592592,7.407407407407407e-05,0.0,0.0014814814814814814,0.0005185185185185185,0.0011851851851851852,0.0,0.0005925925925925926,7.407407407407407e-05,0.0007407407407407407,0.0,0.00014814814814814815,0.00014814814814814815,0.0,0.001037037037037037,0.00014814814814814815,0.0011851851851851852,0.0,0.0,0.0013333333333333333,0.0,0.0007407407407407407,7.407407407407407e-05,0.002,0.0006666666666666666,0.0034814814814814817,0.0005185185185185185,0.0006666666666666666,7.407407407407407e-05,0.0,0.0005925925925925926,0.0,0.004222222222222222,0.00044444444444444447,0.0024444444444444444,0.00014814814814814815,0.00044444444444444447,0.0008888888888888889,0.0,0.0,0.0,0.0,0.00037037037037037035,0.0005925925925925926,0.00044444444444444447,0.0002962962962962963,0.0,0.0008148148148148148,0.0013333333333333333,0.000962962962962963,0.000962962962962963,0.0002962962962962963,0.0005185185185185185,0.0002962962962962963,0.0,0.0,0.0,0.001037037037037037,7.407407407407407e-05,0.00037037037037037035,0.00044444444444444447,0.00022222222222222223,0.0008148148148148148,0.0,0.00014814814814814815,0.00022222222222222223,0.0005925925925925926,0.00014814814814814815,0.0,0.00014814814814814815,0.00014814814814814815,0.0,0.0011111111111111111,0.0008888888888888889,0.0008888888888888889,0.00022222222222222223,0.0,7.407407407407407e-05,0.00037037037037037035,0.0017777777777777779,0.0007407407407407407,0.0005925925925925926,7.407407407407407e-05,7.407407407407407e-05,0.0011111111111111111,0.0,7.407407407407407e-05,0.00037037037037037035,0.0,0.0006666666666666666,0.0,7.407407407407407e-05,0.00022222222222222223,0.0,0.00037037037037037035,0.00022222222222222223,0.0,0.0002962962962962963,7.407407407407407e-05,7.407407407407407e-05,7.407407407407407e-05,0.0,0.00044444444444444447,0.000962962962962963,0.0002962962962962963,0.0017037037037037038,0.0,0.0007407407407407407,0.00014814814814814815,0.0024444444444444444,0.00014814814814814815,0.0,7.407407407407407e-05,0.00044444444444444447,0.0,0.0,0.0,0.00022222222222222223,0.00022222222222222223,7.407407407407407e-05
testament_abraham,0.01035173642030276,0.008904719501335707,0.0017809439002671415,0.002894033837934105,0.0005565449688334817,0.00011130899376669635,0.00011130899376669635,0.0012243989314336598,0.0012243989314336598,0.001001780943900267,0.0,0.0,0.001001780943900267,0.00033392698130008905,0.0026714158504007124,0.00033392698130008905,0.0013357079252003562,0.003450578806767587,0.0,0.0,0.0013357079252003562,0.0006678539626001781,0.0026714158504007124,0.0004452359750667854,0.001001780943900267,0.0,0.0021148708815672307,0.0017809439002671415,0.002003561887800534,0.0,0.0,0.0007791629563668745,0.0,0.001001780943900267,0.001001780943900267,0.0011130899376669634,0.0006678539626001781,0.0007791629563668745,0.00011130899376669635,0.0014470169189670526,0.001001780943900267,0.0023374888691006235,0.0013357079252003562,0.0,0.0002226179875333927,0.0,0.0004452359750667854,0.0002226179875333927,0.0,0.0006678539626001781,0.0,0.0012243989314336598,0.0,0.0024487978628673196,0.0,0.0002226179875333927,0.0,0.0,0.0,0.0017809439002671415,0.0002226179875333927,0.0004452359750667854,0.0,0.005899376669634906,0.0002226179875333927,0.0002226179875333927,0.0,0.0008904719501335708,0.00011130899376669635,0.005565449688334817,0.005565449688334817,0.001558325912733749,0.0013357079252003562,0.0008904719501335708,0.0007791629563668745,0.001892252894033838,0.0,0.0,0.0007791629563668745,0.002560106856634016,0.002226179875333927,0.0,0.001892252894033838,0.0004452359750667854,0.001001780943900267,0.002560106856634016,0.0,0.00011130899376669635,0.0004452359750667854,0.0011130899376669634,0.0,0.0004452359750667854,0.0004452359750667854,0.0004452359750667854,0.0004452359750667854,0.00011130899376669635,0.002894033837934105,0.0,0.0,0.0,0.0,0.0008904719501335708,0.00033392698130008905,0.0017809439002671415,0.0006678539626001781,0.0,0.0002226179875333927,0.00011130899376669635,0.0027827248441674086,0.0002226179875333927,0.0005565449688334817,0.0,0.0,0.0,0.0013357079252003562,0.00033392698130008905,0.00033392698130008905,0.0002226179875333927,0.0,0.0,0.0,0.0,0.0004452359750667854,0.001558325912733749,0.0007791629563668745,0.0,0.0,0.0004452359750667854,0.0004452359750667854,0.001001780943900267,0.0013357079252003562,0.001558325912733749,0.0004452359750667854,0.001558325912733749,0.0,0.0,0.0,0.0024487978628673196,0.0,0.0,0.0008904719501335708,0.00033392698130008905,0.00033392698130008905,0.0,0.0004452359750667854,0.0002226179875333927,0.0004452359750667854,0.0,0.0,0.0004452359750667854,0.0,0.00011130899376669635,0.00033392698130008905,0.00033392698130008905,0.00011130899376669635,0.0007791629563668745,0.0006678539626001781,0.0008904719501335708,0.00011130899376669635,0.0005565449688334817,0.0006678539626001781,0.00011130899376669635,0.0004452359750667854,0.0,0.0004452359750667854,0.0,0.0006678539626001781,0.0,0.0,0.0008904719501335708,0.00033392698130008905,0.0,0.0007791629563668745,0.0,0.0012243989314336598,0.0,0.0,0.0002226179875333927,0.0,0.0004452359750667854,0.00011130899376669635,0.00011130899376669635,0.001892252894033838,0.0006678539626001781,0.00033392698130008905,0.0002226179875333927,0.0,0.00033392698130008905,0.0002226179875333927,0.00011130899376669635,0.0,0.001892252894033838,0.00011130899376669635,0.0004452359750667854,0.0,0.0,0.0,0.00011130899376669635,0.00033392698130008905,0.0
plutarch_lives,0.0016784781797836627,0.0005594927265945542,0.0033569563595673255,0.0026109660574412533,0.0026109660574412533,0.0005594927265945542,0.0005594927265945542,0.0,0.0,0.005408429690414025,0.0,0.0,0.0014919806042521448,0.0,0.0001864975755315181,0.0,0.0026109660574412533,0.0029839612085042896,0.0001864975755315181,0.0,0.0003729951510630362,0.0009324878776575904,0.0003729951510630362,0.0001864975755315181,0.0001864975755315181,0.0,0.0,0.005594927265945543,0.0016784781797836627,0.0,0.0,0.0007459903021260724,0.0,0.0001864975755315181,0.0001864975755315181,0.0,0.0003729951510630362,0.0001864975755315181,0.0003729951510630362,0.0001864975755315181,0.0007459903021260724,0.0009324878776575904,0.0005594927265945542,0.0,0.006154419992540097,0.0,0.0005594927265945542,0.006154419992540097,0.0007459903021260724,0.0016784781797836627,0.0,0.0,0.0007459903021260724,0.0011189854531891085,0.0003729951510630362,0.0001864975755315181,0.0,0.0001864975755315181,0.0005594927265945542,0.004102946661693398,0.0009324878776575904,0.0014919806042521448,0.0,0.0,0.0,0.0,0.0,0.0001864975755315181,0.0,0.0,0.0,0.0026109660574412533,0.0005594927265945542,0.0011189854531891085,0.0013054830287206266,0.0,0.0003729951510630362,0.0,0.0009324878776575904,0.0005594927265945542,0.0003729951510630362,0.0,0.0,0.0,0.0001864975755315181,0.0009324878776575904,0.0,0.0001864975755315181,0.0009324878776575904,0.0009324878776575904,0.0001864975755315181,0.0001864975755315181,0.0001864975755315181,0.0,0.0,0.0003729951510630362,0.0009324878776575904,0.0,0.0,0.0,0.0001864975755315181,0.0001864975755315181,0.0001864975755315181,0.0,0.0005594927265945542,0.0,0.0007459903021260724,0.0001864975755315181,0.0001864975755315181,0.0001864975755315181,0.0001864975755315181,0.0,0.0003729951510630362,0.0,0.0001864975755315181,0.0003729951510630362,0.0003729951510630362,0.0003729951510630362,0.0001864975755315181,0.0,0.0,0.0,0.0,0.0001864975755315181,0.0001864975755315181,0.0,0.0,0.0011189854531891085,0.0,0.0013054830287206266,0.0007459903021260724,0.0,0.0001864975755315181,0.0,0.0,0.0,0.0003729951510630362,0.0007459903021260724,0.0003729951510630362,0.0,0.0009324878776575904,0.0016784781797836627,0.0,0.0007459903021260724,0.0005594927265945542,0.0001864975755315181,0.0001864975755315181,0.0001864975755315181,0.0,0.0,0.0001864975755315181,0.0001864975755315181,0.0013054830287206266,0.0,0.0005594927265945542,0.0,0.0,0.0,0.0001864975755315181,0.0,0.0005594927265945542,0.0007459903021260724,0.0005594927265945542,0.0,0.0,0.0,0.0003729951510630362,0.0001864975755315181,0.0,0.0,0.0,0.0003729951510630362,0.0,0.0005594927265945542,0.0,0.0003729951510630362,0.0005594927265945542,0.0007459903021260724,0.0,0.0,0.0,0.0003729951510630362,0.0,0.0001864975755315181,0.0009324878776575904,0.0,0.0,0.0,0.0003729951510630362,0.0001864975755315181,0.0001864975755315181,0.0,0.0,0.0,0.0,0.0,0.0,0.0,0.0005594927265945542,0.0
plutarch_moralia,0.0009002419400213807,0.00039385584875935406,0.002250604850053452,0.002419400213807461,0.004191751533224554,0.0012097001069037304,0.0012097001069037304,0.0004782535306363585,0.0004782535306363585,0.002475665335058797,0.0,0.0,0.0023068699713047884,0.0,0.0012378326675293984,0.0001687953637540089,0.0018286164406684296,0.003854160805716536,0.00011253024250267259,5.6265121251336294e-05,0.00011253024250267259,0.0004782535306363585,0.00075957913689304,0.0002813256062566815,0.0003375907275080178,0.0,0.0005063860912620266,0.0017723513194170934,0.0029820514263208236,2.8132560625668147e-05,5.6265121251336294e-05,2.8132560625668147e-05,0.0,0.0002531930456310133,0.0002531930456310133,0.0002813256062566815,0.0017723513194170934,0.0010690373037753897,0.0002531930456310133,5.6265121251336294e-05,0.0011534349856523942,0.00019692792437967703,0.0012659652281550666,0.0,0.0014628931525347438,0.00011253024250267259,0.000956507061272717,0.0014066280312834073,0.0011815675462780622,0.0016316885162887527,2.8132560625668147e-05,5.6265121251336294e-05,0.00014066280312834074,0.0013784954706577393,8.439768187700444e-05,5.6265121251336294e-05,0.00011253024250267259,0.0003094581668823496,8.439768187700444e-05,0.0026163281381871377,0.002672593259438474,0.0018286164406684296,8.439768187700444e-05,0.0,0.0013222303494064029,0.0015754233950374162,0.0,0.0010409047431497215,0.0,0.0,0.0,0.0025319304563101333,0.001125302425026726,0.0021662071681764474,0.0013222303494064029,0.0019411466831711023,2.8132560625668147e-05,0.0014628931525347438,0.0014347605919090756,0.0018567490012940978,0.0016316885162887527,5.6265121251336294e-05,8.439768187700444e-05,0.0016035559556630845,0.0005345186518876949,0.0027851235019411467,0.0,0.000562651212513363,5.6265121251336294e-05,0.0012097001069037304,0.0,0.0003094581668823496,0.0003094581668823496,0.0002531930456310133,2.8132560625668147e-05,0.0005345186518876949,0.002250604850053452,0.0,0.0,2.8132560625668147e-05,8.439768187700444e-05,0.00075957913689304,0.0003375907275080178,8.439768187700444e-05,0.0008721093793957126,5.6265121251336294e-05,0.00042198840938502223,0.0006189163337646992,0.0,0.00022506048500534517,0.0010690373037753897,0.0,0.0005345186518876949,2.8132560625668147e-05,0.00039385584875935406,0.0005063860912620266,0.0017723513194170934,5.6265121251336294e-05,8.439768187700444e-05,0.0,0.0,0.0,0.00011253024250267259,0.0001687953637540089,0.0012378326675293984,0.0,0.0,0.0005063860912620266,0.00011253024250267259,0.0012659652281550666,0.0013784954706577393,0.0003375907275080178,0.0014066280312834073,0.0003375907275080178,0.0,0.0,2.8132560625668147e-05,0.0012940977887807349,0.0003375907275080178,8.439768187700444e-05,0.0008158442581443763,0.0003375907275080178,0.00014066280312834074,0.00011253024250267259,0.0001687953637540089,0.0011815675462780622,0.0006189163337646992,0.0006751814550160356,0.0002813256062566815,0.0007877116975187081,0.0006470488943903674,0.00011253024250267259,0.0014066280312834073,5.6265121251336294e-05,0.0012940977887807349,0.0004782535306363585,0.00019692792437967703,0.0004782535306363585,0.00022506048500534517,0.00039385584875935406,0.0007314465762673719,0.00022506048500534517,0.0004782535306363585,5.6265121251336294e-05,0.00019692792437967703,0.0,0.00036572328813368595,0.000562651212513363,0.00011253024250267259,8.439768187700444e-05,0.0002531930456310133,2.8132560625668147e-05,0.0004782535306363585,0.0,0.0002531930456310133,0.000562651212513363,5.6265121251336294e-05,0.0010971698644010577,0.0005345186518876949,2.8132560625668147e-05,0.00014066280312834074,0.00014066280312834074,0.0002813256062566815,0.0005345186518876949,0.0017160861981657572,0.00019692792437967703,0.0006470488943903674,5.6265121251336294e-05,0.0,0.0001687953637540089,5.6265121251336294e-05,0.0,2.8132560625668147e-05,0.0006189163337646992,0.0005345186518876949,0.0005345186518876949,0.000562651212513363,0.00022506048500534517,0.0009283745006470489,0.0001687953637540089
dio_chrysostom_orations,0.0020659284898787624,0.00046082114185265634,0.003044526195610808,0.004287189948921342,0.004437345152446365,0.0014653076757786712,0.0013902300740161598,0.0007352427207087326,0.0007352427207087326,0.0039118019401087846,0.0,0.0,0.0019442509973671062,0.0007248871894311448,0.0015326186290829918,0.0004556433762138624,0.0012064193938389766,0.0034483919154367315,0.0003520880634379846,0.0001475663207056259,0.0002666549303978854,0.00032619923524401513,0.0018769400440627857,0.00046082114185265634,0.0005591986889897403,7.766648458190837e-06,0.0007585426660833051,0.002003795302213236,0.002187605982390419,2.329994537457251e-05,3.8833242290954185e-05,0.00026406604757848843,0.0008853979242337554,0.0008905756898725493,0.0008853979242337554,0.0005954430484612974,0.001284085878420885,0.0011727639171868164,0.0004142212511035113,0.000142388555066832,0.0016206406449424879,0.00046082114185265634,0.002700204780631014,1.5533296916381674e-05,0.0011287529092570683,2.5888828193969456e-05,0.00019934397709356482,0.0011649972687286256,0.003057470609707793,0.002283394646708106,0.000380565774451351,6.21331876655267e-05,0.0002899548757724579,0.0015067298008890223,0.0011701750343674194,0.00017863291453838924,8.025536740130531e-05,0.00024076610220391594,0.00022005503964874038,0.0018148068563972589,0.0019571954114640908,0.0019830842396580603,3.8833242290954185e-05,0.0,0.0007844314942772745,0.0013125635894342515,0.0,0.0015377963947217858,0.0,0.0,0.0,0.00222902810750077,0.002094406200892129,0.0012607859330463125,0.0013047969409760605,0.0016542961215946482,8.543313304009921e-05,0.001291852526879076,0.0018381068017718314,0.0023740055453869992,0.002192783748029213,0.000238177219384519,3.106659383276335e-05,0.002016739716310221,0.000856920213220389,0.0022109059277649916,1.5533296916381674e-05,0.0006549873533074273,0.00013462190660864118,0.0016102851136649001,5.69554220267328e-05,0.0002045217427323587,0.00020711062555175565,0.0002951326414112518,2.5888828193969456e-05,0.001141697323354053,0.0025604051083835794,1.2944414096984728e-05,1.2944414096984728e-05,7.766648458190837e-06,7.248871894311447e-05,0.0012245415735747552,0.0008103203224712439,8.802201585949615e-05,0.0012996191753372667,0.0005669653374479311,0.0004504656105750685,0.0006265096422940608,4.4011007929748074e-05,0.00021746615682934344,0.0013022080581566637,6.472207048492364e-05,0.0005177765638793891,8.025536740130531e-05,0.0008853979242337554,0.00034949918061858765,0.000903520103969534,0.0005773208687255189,7.248871894311447e-05,1.2944414096984728e-05,0.0,0.0,0.0004711766731302441,0.0014601299101398774,0.0007300649550699387,0.0,1.0355531277587783e-05,0.0006989983612371753,0.00017086626608019842,0.0010303753621199844,0.0012659636986851065,0.0014109411365713354,0.001053675307494557,0.0014109411365713354,0.0,0.0,0.00010096642995648088,0.0009345866978022973,0.0004375211964780838,7.766648458190837e-05,0.0008206758537488318,0.0006265096422940608,0.00018898844581597703,0.0002096995083711526,0.0004582322590332594,0.0007714870801802898,0.0011002751982437018,0.0008957534555113432,0.0004245767823810991,0.0004634100246720533,0.0008957534555113432,0.00019934397709356482,0.0013099747066148545,8.802201585949615e-05,0.0012038305110195797,0.0011986527453807859,0.0006705206502238089,0.000714531658153557,0.000763720431722099,0.0001190886096922595,0.0005384876264345647,0.000714531658153557,0.0006239207594746639,5.69554220267328e-05,0.00046082114185265634,1.0355531277587783e-05,0.0008983423383307402,0.0006394540563910456,0.00011649972687286256,0.00012167749251165644,0.00025371051630090067,0.00029254375859185484,0.0011235751436182743,7.766648458190837e-05,0.0003520880634379846,0.00061874299383587,0.0001190886096922595,0.0009216422837053127,0.0008025536740130532,0.00010355531277587782,0.00010873307841467172,0.0009242311665247096,0.0002718326960366793,0.001095097432604908,0.0011106307295212898,0.0006161541110164731,0.0003676213603543663,0.00015533296916381674,0.0002718326960366793,0.0003753880088125571,0.0002821882273142671,9.06108986788931e-05,5.177765638793891e-05,0.00105108642467516,0.0003520880634379846,0.00034949918061858765,0.0003598547118961754,0.00021228839119054956,0.0012659636986851065,0.0005151876810599922
epictetus_discourses,0.0017713354652459925,0.0008856677326229963,0.0013454036549005821,0.002143180696499922,0.00397536356322383,0.0016293581951308557,0.0016023149055851154,0.0006625605938706384,0.0006625605938706384,0.002346005368092975,0.0,0.0,0.002048529183089831,0.0008315811535315156,0.002204028097977838,0.00011493398056939647,0.002258114677069319,0.0029206752709399573,7.436904625078595e-05,4.0564934318610516e-05,0.0002974761850031438,0.0003312802969353192,0.0014400551683106733,0.00030423700738957887,0.00044621427750471567,0.0,0.0008924285550094313,0.0010208841803516979,0.0031099782977601397,0.0,6.760822386435086e-06,6.760822386435087e-05,0.0001893030268201824,0.0001960638492066175,0.0001960638492066175,0.0008789069102365612,0.0032587163902617114,0.0028125021127569957,0.0004259318103454104,0.00022310713875235783,0.002373048657638715,0.00017578138204731223,0.003231673100715971,0.0,0.0005814307252334173,2.0282467159305258e-05,0.0009127110221687367,0.0005070616789826315,0.0019741601368390453,0.001338642832514147,0.00016902055966087716,0.00021634631636592276,0.00010817315818296138,0.0012845562534226664,0.0001960638492066175,0.0001960638492066175,9.46515134100912e-05,0.0003312802969353192,8.112986863722103e-05,0.0008991893773958664,0.001102014048988919,0.0016969664189952066,0.0,0.0,0.000709886350575684,0.00022986796113879293,0.0,0.0021567023412727925,0.0,0.0,0.0,0.0016631623070630312,0.002927436093326392,0.0010006017131923928,0.0012575129638769259,0.001811900399564603,6.760822386435087e-05,0.00021634631636592276,0.001399490233992063,0.0010817315818296138,0.0007504512848942945,7.436904625078595e-05,6.760822386435087e-05,0.002346005368092975,0.0019065519129746941,0.0019538776696797397,2.0282467159305258e-05,0.0018186612219510381,0.00017578138204731223,0.0005273441461419367,6.0847401477915774e-05,0.00021634631636592276,0.00021634631636592276,0.0002839545402302736,6.0847401477915774e-05,0.002454178526275936,0.001886269445815389,0.0,0.0,6.760822386435086e-06,0.000236628783525228,0.0020688116502491365,0.00022986796113879293,0.0002433896059116631,0.0006084740147791577,0.00013521644772870173,0.001014123357965263,0.0010749707594431787,7.436904625078595e-05,4.0564934318610516e-05,0.002116137406954182,7.436904625078595e-05,0.00044621427750471567,0.00011493398056939647,0.0008045378639857752,0.0006084740147791577,0.0006490389490977683,0.0004800183894368911,0.00021634631636592276,6.760822386435086e-06,0.0,0.0,0.0001419772701151368,0.0011425789833075296,0.0004800183894368911,5.408657909148069e-05,0.0,0.0002839545402302736,0.00022310713875235783,0.0016631623070630312,0.0008518636206908208,0.0010006017131923928,0.0008180595087586455,0.0010006017131923928,0.0,0.0,8.789069102365612e-05,0.0006152348371655928,0.00035156276409462447,0.0001487380925015719,0.00039888852079967007,0.0012372304967176208,0.00032451947454888413,4.73257567050456e-05,0.0006355173043248981,0.0005003008565961964,0.0016834447742223365,0.0011966655623990101,0.00021634631636592276,0.000473257567050456,0.001176383095239705,6.0847401477915774e-05,0.0017848571100188627,8.789069102365612e-05,0.0009329934893280419,0.0009735584236466524,0.0014535768130835435,0.00025691125068453327,0.0008789069102365612,0.00040564934318610514,0.0010682099370567435,0.00041917098795897533,0.00030423700738957887,7.436904625078595e-05,0.000392127698413235,6.760822386435086e-06,0.0005003008565961964,0.000392127698413235,0.000236628783525228,0.00021634631636592276,0.00026367207307096834,5.408657909148069e-05,0.0009127110221687367,4.73257567050456e-05,0.00040564934318610514,0.0005679090804605472,0.00016902055966087716,0.0010817315818296138,0.00025691125068453327,0.0003786060536403648,5.408657909148069e-05,0.0002839545402302736,0.00026367207307096834,0.0012237088519447506,0.0012304696743311856,0.0008924285550094313,0.00015549891488800697,0.00032451947454888413,0.00021634631636592276,0.0004800183894368911,0.00012169480295583155,6.0847401477915774e-05,2.7043289545740345e-05,0.0006896038834163788,9.46515134100912e-05,9.46515134100912e-05,0.00010141233579652628,0.0003380411193217543,0.0007301688177349893,0.00027043289545740346
achilles_tatius,0.0015240155351261,0.0006391032889238484,0.002691608082198515,0.0022614424069613095,0.0015608868787178605,0.0005407797060124871,0.0005161988102846467,0.00025809940514232336,0.00025809940514232336,0.0024949609163757926,0.0,0.0,0.0013519492650312178,0.0017206627009488226,0.001290497025711617,0.000307261196598004,0.0029251265916129983,0.0033921636104419645,0.00020893761368664273,3.6871343591760485e-05,0.00033184209232584434,0.0002212280615505629,0.001216754338528096,0.0009586549333857726,0.0010323976205692934,0.0,0.0008726217983383315,0.0007865886632908903,0.0031586451010274814,3.6871343591760485e-05,7.374268718352097e-05,0.0002212280615505629,0.00013519492650312178,8.603313504744113e-05,7.374268718352097e-05,0.0007865886632908903,0.0007128459761073693,0.0007497173196991298,0.000454746570965046,0.00019664716582272257,0.0009709453812496927,0.00027038985300624355,0.0018558576274519444,0.0,0.0004670370188289661,3.6871343591760485e-05,0.00014748537436704194,0.0004916179145568064,0.0006636841846516887,0.0012782065778476968,8.603313504744113e-05,4.916179145568064e-05,6.14522393196008e-05,0.001757534044540583,0.0002826803008701637,9.832358291136128e-05,9.832358291136128e-05,9.832358291136128e-05,1.229044786392016e-05,0.0009340740376579322,0.0012413352342559364,0.0004793274666928863,1.229044786392016e-05,0.0,0.0007128459761073693,0.0004916179145568064,0.0,0.0014256919522147387,0.0,0.0,0.0,0.00153630598299002,0.0014134015043508186,0.0009340740376579322,0.0004424561231011258,0.0017821149402684235,0.00020893761368664273,0.0004793274666928863,0.0009709453812496927,0.0010692689641610541,0.0007251364239712895,6.14522393196008e-05,0.00035642298805368467,0.0008603313504744113,0.0003195516444619242,0.0013519492650312178,2.458089572784032e-05,0.0007005555282434491,0.00019664716582272257,0.00039329433164544513,4.916179145568064e-05,0.0005776510496042476,0.0005776510496042476,0.0005407797060124871,0.0,0.0007005555282434491,0.0009340740376579322,0.0,0.0,9.832358291136128e-05,2.458089572784032e-05,0.0013642397128951378,0.0002458089572784032,8.603313504744113e-05,0.00027038985300624355,4.916179145568064e-05,0.0004055847795093653,0.0005039083624207266,3.6871343591760485e-05,0.0008603313504744113,0.0011675925470724152,0.00011061403077528145,0.000381003883781525,7.374268718352097e-05,0.0006391032889238484,0.0004793274666928863,0.0009586549333857726,0.00023351850941448306,1.229044786392016e-05,0.0,0.0,0.0,2.458089572784032e-05,0.00020893761368664273,0.0005653606017403274,0.0,0.0,0.0007374268718352097,0.0001597758222309621,0.0010569785162971338,0.00043016567523720565,0.00017206627009488227,0.0006268128410599282,0.00017206627009488227,0.0,0.0,0.0,0.0015485964308539404,0.0010323976205692934,2.458089572784032e-05,0.0005407797060124871,0.0005039083624207266,0.00020893761368664273,0.0,0.00033184209232584434,0.0008480409026104911,0.00039329433164544513,0.000381003883781525,0.00017206627009488227,0.0002826803008701637,0.00036871343591760486,7.374268718352097e-05,0.001991052553955066,4.916179145568064e-05,0.0008480409026104911,0.000454746570965046,0.0001597758222309621,0.0008726217983383315,0.0005284892581485669,0.0003195516444619242,0.0008603313504744113,0.0004670370188289661,0.0005407797060124871,2.458089572784032e-05,0.00033184209232584434,0.0,0.0002826803008701637,0.00018435671795880243,2.458089572784032e-05,9.832358291136128e-05,0.0004793274666928863,9.832358291136128e-05,0.0004055847795093653,0.0,0.0005407797060124871,0.00027038985300624355,1.229044786392016e-05,0.0011307212034806547,0.00043016567523720565,0.0001229044786392016,0.00014748537436704194,0.00036871343591760486,8.603313504744113e-05,0.000381003883781525,0.0011061403077528146,0.0005161988102846467,7.374268718352097e-05,0.00018435671795880243,0.00020893761368664273,0.000381003883781525,0.00019664716582272257,9.832358291136128e-05,3.6871343591760485e-05,0.00035642298805368467,3.6871343591760485e-05,3.6871343591760485e-05,4.916179145568064e-05,0.00018435671795880243,0.00036871343591760486,0.00039329433164544513
arrian_anabasis,0.003169728226227038,0.0009445442429159181,0.003024859477313554,0.006003360954974793,0.0028626064785304516,0.0009677232427420757,0.0009213652430897607,0.0010952077417859419,0.0011183867416120995,0.0035637712232717157,0.0,0.0,0.0002086109984354175,0.0020397519847018602,0.0025844584806165613,0.00022599524830503562,0.0009619284927855363,0.0026945587297908095,0.00015066349887002376,6.95369994784725e-05,0.00022599524830503562,0.0003650692472619806,0.0008228544938285913,0.002793069479051979,0.002822043228834676,0.0,0.0009503389928724575,0.0013385872399605957,0.0025728689807034827,0.0,1.7384249869618125e-05,0.0009039809932201425,6.95369994784725e-05,0.0013269977400475169,0.0012111027409167294,0.002822043228834676,0.00017963724865272063,0.00041142724691429567,0.00012748449904386626,6.95369994784725e-05,0.0022020049834849628,6.95369994784725e-05,0.0007011647447412644,0.0,0.0007301384945239612,8.112649939155126e-05,5.215274960885438e-05,0.0007996754940024338,0.0011531552413513357,0.0006895752448281857,8.112649939155126e-05,0.0,0.0002086109984354175,0.0009503389928724575,0.0010720287419597845,0.0001158949991307875,4.056324969577563e-05,1.1589499913078751e-05,0.00018543199860926002,0.0014892507388306194,0.0011937184910471113,0.0012690502404821232,5.7947499565393755e-06,0.0,0.00041142724691429567,0.0001158949991307875,0.0,0.0008923914933070638,0.0,0.0,0.0,0.0023236947325722896,0.0007127542446543431,0.0006490119951324101,0.0005968592455235556,0.0024164107318769197,0.0,7.533174943501188e-05,0.0005968592455235556,0.0020455467346583993,0.0020629309845280174,5.794749956539375e-05,1.1589499913078751e-05,0.0010372602422205482,0.00037086399721852003,0.0017731934867010488,2.3178999826157502e-05,0.00017963724865272063,0.00038824824708813814,0.0012690502404821232,1.7384249869618125e-05,0.00022599524830503562,0.00022599524830503562,0.0005794749956539375,1.1589499913078751e-05,0.00139073998956945,0.0020397519847018602,0.0,0.0,1.1589499913078751e-05,0.0,0.00083444399374167,0.00166888798748334,8.692124934809063e-05,0.0005389117459581619,5.794749956539375e-05,0.00029553224778350816,0.0003013269977400475,4.056324969577563e-05,0.004803847713971142,0.0005041432462189256,2.8973749782696876e-05,0.00037086399721852003,1.7384249869618125e-05,0.0003129164976531263,0.00030712174769658687,0.00025496899808773253,0.0007591122443066582,0.0,0.0,0.0,0.0,0.00043460624674045313,0.00033609549747928375,0.0015993509880048676,0.0,1.1589499913078751e-05,0.0009851074926116939,0.00035927449730544127,0.00120530799096019,0.0005099379961754651,0.0003129164976531263,0.000788085994089355,0.0003129164976531263,0.0,0.0,0.00012168974908732688,0.0006779857449151069,0.0002665584980008113,5.7947499565393755e-06,0.0009445442429159181,0.000231789998261575,0.00016225299878310252,0.0017152459871356551,0.0005099379961754651,0.00020281624847887813,0.00031871124760966563,0.0005505012458712407,7.533174943501188e-05,0.00024337949817465377,0.0005505012458712407,6.374224952193313e-05,0.001987599235093006,0.0002144057483919569,0.0006895752448281857,0.00027814799791389,0.0002086109984354175,0.0003013269977400475,0.0002144057483919569,4.6357999652315004e-05,0.00031871124760966563,0.0009503389928724575,0.00055629599582778,0.000139073998956945,5.794749956539375e-05,1.1589499913078751e-05,0.000417221996870835,0.0003303007475227444,1.1589499913078751e-05,0.00022020049834849627,0.00037086399721852003,0.0007822912441328157,0.00027814799791389,5.215274960885438e-05,1.7384249869618125e-05,0.00015066349887002376,8.692124934809063e-05,0.0006200382453497131,0.00032450599756620504,1.7384249869618125e-05,6.95369994784725e-05,0.00025496899808773253,6.374224952193313e-05,0.0010082864924378513,0.0007938807440458944,0.0010198759923509301,0.00017963724865272063,0.00015645824882656314,0.0002665584980008113,0.0003998377470012169,0.000139073998956945,8.112649939155126e-05,4.056324969577563e-05,0.0006490119951324101,0.00018543199860926002,0.00017963724865272063,0.00017963724865272063,0.00013327924900040564,0.0003013269977400475,0.00014486874891348438
appian_roman_history,0.003141346422867019,0.0008358035578315856,0.0031130140988727276,0.0032830080428384737,0.0024117890800140246,0.0007437235048501397,0.0007330988833522806,0.000942049772810177,0.000942049772810177,0.004058605412182191,0.0,0.0,0.0015511947386874342,0.0009916313398001862,0.0020505519490868138,0.00036123713092721073,0.0003151971044364878,0.004189642410655787,0.0001381200794721688,7.083080998572759e-05,0.00030103094243934226,0.0002443662944507602,0.001278496120242383,0.004299430166133665,0.004338387111625815,0.0,0.001296203822738815,0.003506125094293516,0.001055379068787341,2.1249242995718276e-05,3.5415404992863795e-05,0.0005064402913979522,0.00025499091594861933,0.0004674833459058021,0.0004639418054065157,0.0013564100112266834,0.0001558277819686007,0.00020540934895861,0.00021957551095575553,4.249848599143655e-05,0.0004533171839086566,0.00020540934895861,0.0010305882852923364,1.0624621497859138e-05,0.001540570117189575,6.374772898715483e-05,0.0002939478614407695,0.0015441116576888614,0.0010270467447930501,0.0014484900642081292,0.00016645240346645985,5.6664647988582075e-05,3.5415404992863795e-05,0.002061176570584673,0.0010412129067901956,0.00014874470097002795,7.083080998572759e-05,3.5415404992863795e-05,2.8332323994291037e-05,0.002135548921069687,0.0008039296933380082,0.0010624621497859138,6.0206188487868453e-05,0.0,0.00021603397045646914,0.0001699939439657462,0.0,0.0005241479938943842,0.0,0.0,0.0,0.0023940813775175924,0.00038602791442221535,0.0018203518166331992,0.001250163796248092,0.001204123769757369,7.791389098430035e-05,0.00014874470097002795,0.0010801698522823458,0.0015193208741938568,0.001352868470727397,8.853851248215949e-05,1.4166161997145519e-05,0.0006091449658772572,0.0001381200794721688,0.0023551244320254424,1.4166161997145519e-05,0.00011332929597716415,0.0001877016464621781,0.0009951728802994728,3.8956945492150174e-05,0.0001912431869614645,0.0001912431869614645,0.0005099818318972387,3.1873864493577416e-05,0.0005808126418829663,0.0015618193601852934,0.0,0.0,0.0,4.958156699000932e-05,0.00043915102191151105,0.0010093390422966182,0.00021603397045646914,0.000644560370870121,0.0001558277819686007,0.00041436023841650644,0.00013103699847359605,0.0001522862414693143,0.00012041237697573691,0.0005064402913979522,8.49969719828731e-05,0.0003222801854350605,0.0002762401589443376,0.0007437235048501397,0.00026561553744647846,0.0006162280468758301,0.0005737295608843935,4.958156699000932e-05,3.5415404992863797e-06,0.0,0.0,0.00020186780845932363,5.6664647988582075e-05,0.0016716071156631712,7.083080998572759e-06,2.479078349500466e-05,0.0008358035578315856,0.0003506125094293516,0.0010660036902852004,0.00021603397045646914,4.604002649072293e-05,0.0005064402913979522,4.604002649072293e-05,0.0,0.0,0.00014166161997145518,0.0006941419378601304,0.00020186780845932363,1.7707702496431897e-05,0.0011510006622680734,0.00014166161997145518,0.00026915707794576487,0.0002620739969471921,0.00025144937544933297,0.00029040632094148313,0.00026561553744647846,0.00025144937544933297,0.000102704674479305,0.00037894483342364264,0.00023728321345218743,0.00034352942843077883,0.0011687083647645053,0.00013457853897288244,0.0009632990158058953,0.0005241479938943842,7.437235048501398e-05,0.0005383141558915297,0.00046040026490722937,0.00018416010596289173,0.00024790783495004656,0.001221831472253801,0.0003222801854350605,1.7707702496431897e-05,0.00018416010596289173,7.083080998572759e-06,0.0005949788038801118,0.0002974894019400559,0.0,8.853851248215949e-05,0.0004533171839086566,0.0009951728802994728,0.00048164950790294763,1.7707702496431897e-05,8.853851248215949e-05,0.0002939478614407695,3.8956945492150174e-05,0.0006020618848786845,0.00010624621497859139,3.5415404992863797e-06,0.00017707702496431898,0.0016963978991581757,0.0001558277819686007,0.0003506125094293516,0.0009314251513123179,0.00038602791442221535,0.00010624621497859139,0.0002620739969471921,0.0001699939439657462,0.0002974894019400559,0.00030811402343791503,0.0003116555639372014,4.958156699000932e-05,0.0007012250188587032,9.562159348073225e-05,9.562159348073225e-05,9.916313398001863e-05,0.00016291086296717347,0.00035415404992863796,0.00021249242995718278
pausanias_description,0.0014222196156341523,0.00044352725126735164,0.0020930087642451055,0.002224967285283326,0.0025621946168254447,0.0017081297445502963,0.0016311539406113345,0.000788085611756038,0.000788085611756038,0.0025621946168254447,0.0,0.0,0.0005791512867788558,0.0,0.0015395160787792371,0.0005314995986261652,0.00093104067621411,0.0024632257260467794,0.00017961020919091098,0.00013928954998478811,0.0006927822354506567,0.0007477649525499152,0.00043253070784749994,0.0008833889880614194,0.0009713613354202329,0.0,0.0008467338433285804,0.0009640303064736651,0.00157983673798536,0.0,1.466205789313559e-05,0.0007404339236033473,0.0,0.0009640303064736651,0.0009566992775270973,0.0010593336827790464,0.0033832698588410377,0.0028151151154820336,0.0001649481512977754,0.00024192395523673727,0.0018070986353289616,7.331028946567795e-05,0.001293926609069216,0.0,0.00044352725126735164,7.697580393896186e-05,6.231374604582626e-05,0.0004948444538933262,0.0005938133446719915,0.0017301228313899998,0.0,3.6655144732838977e-06,0.0017044642300770125,0.0011399750011912922,0.0012646024932829447,9.530337630538134e-05,0.00011363094867180083,1.8327572366419488e-05,0.0010923233130386016,0.0013305817538020548,0.003130349360184449,0.0007624270104430507,2.1993086839703388e-05,0.0,0.0006268029749315465,8.797234735881355e-05,0.0,0.0006964477499239405,0.0,0.0,0.0,0.002074681191878686,0.0012022887472371185,0.0016238229116647667,0.0007477649525499152,0.0006268029749315465,2.932411578627118e-05,5.131720262597457e-05,0.0015615091656189404,0.0007257718657102118,0.0008503993578018643,5.864823157254236e-05,7.697580393896186e-05,0.0003555549039085381,0.0001246274920916525,0.001224281834076822,1.8327572366419488e-05,0.0005278340841528813,0.0005168375407330296,0.0008430683288552965,2.1993086839703388e-05,0.0003188997591756991,0.0003188997591756991,0.00020160329603061437,7.331028946567795e-06,0.0007770890683361863,0.0015615091656189404,0.0,0.0,7.331028946567795e-06,3.6655144732838977e-06,0.00049850996836661,0.001286595580122648,4.3986173679406776e-05,0.00043253070784749994,0.0,0.0001576171223512076,0.0013342472682753388,0.00015395160787792371,0.0005644892288857202,0.000502175482839894,1.466205789313559e-05,0.0006304684894048304,0.00012829300656493642,0.00043986173679406776,0.00010996543419851694,0.00045085828021391945,0.0004875134249467584,3.6655144732838977e-06,3.6655144732838977e-06,0.0,0.0,0.0006854512065040889,0.0004765168815269067,0.0010703302261988981,0.0,1.8327572366419488e-05,0.0011729646314508472,0.0003518893894352542,0.0004875134249467584,0.0007514304670231991,0.000465520338107055,0.0021956431694970546,0.000465520338107055,0.0,0.0,0.0004361962223207838,0.0008320717854354447,0.0007074442933437923,0.0,0.000465520338107055,0.000395875563114661,0.0007294373801834957,0.0015541781366723727,0.0005351651130994491,0.0003665514473283898,0.00042153416442764825,0.00046185482363377114,0.00010263440525194914,6.964477499239406e-05,0.00046185482363377114,0.00011363094867180083,0.0010336750814660591,6.231374604582626e-05,0.00029690667233599574,0.00025292049865658896,0.00013195852103822033,0.0007807545828094702,9.163786183209744e-05,0.0001979377815573305,0.00027857909996957623,0.00038854453416809317,0.0010153475090996396,3.6655144732838975e-05,2.5658601312987285e-05,5.498271709925847e-05,0.0003262307881222669,0.00020893432497718218,3.6655144732838977e-06,0.00013195852103822033,0.0001576171223512076,0.0003555549039085381,0.00025292049865658896,0.0003042377012825635,1.8327572366419488e-05,0.00020160329603061437,0.0003665514473283898,0.0011546370590844277,0.00011729646314508473,7.331028946567795e-06,0.0001576171223512076,0.00026758255654972453,0.00011729646314508473,0.0010190130235729236,0.0008467338433285804,0.0001869412381374788,9.163786183209744e-05,0.00026391704207644065,0.00015395160787792371,0.0001686136657710593,6.597926051911016e-05,5.131720262597457e-05,0.0002602515276031567,0.00042886519337421606,6.597926051911016e-05,6.597926051911016e-05,6.964477499239406e-05,0.00013195852103822033,0.0007001132643972244,0.00043253070784749994
lucian_true_history,0.0037168713639301873,0.001292824822236587,0.003555268261150614,0.003555268261150614,0.003393665158371041,0.0016160310277957336,0.0016160310277957336,0.0009696186166774402,0.0009696186166774402,0.0029088558500323207,0.0,0.0,0.001777634130575307,0.0008080155138978668,0.0024240465416936006,0.0009696186166774402,0.0016160310277957336,0.0022624434389140274,0.0004848093083387201,0.0004848093083387201,0.0,0.0003232062055591467,0.001777634130575307,0.0,0.0,0.0,0.0006464124111182935,0.0021008403361344537,0.001777634130575307,0.0,0.00016160310277957336,0.0,0.0009696186166774402,0.00016160310277957336,0.00016160310277957336,0.0006464124111182935,0.0008080155138978668,0.0006464124111182935,0.0011312217194570137,0.0,0.0003232062055591467,0.0014544279250161603,0.001777634130575307,0.0,0.0011312217194570137,0.0,0.0004848093083387201,0.001292824822236587,0.0009696186166774402,0.0008080155138978668,0.0011312217194570137,0.0,0.00016160310277957336,0.0008080155138978668,0.0004848093083387201,0.0,0.0006464124111182935,0.00016160310277957336,0.00016160310277957336,0.0014544279250161603,0.001292824822236587,0.0021008403361344537,0.0,0.0,0.0003232062055591467,0.00016160310277957336,0.0,0.0024240465416936006,0.0,0.0,0.0,0.002585649644473174,0.0014544279250161603,0.0014544279250161603,0.002585649644473174,0.0019392372333548805,0.0003232062055591467,0.00016160310277957336,0.0009696186166774402,0.0011312217194570137,0.0021008403361344537,0.00016160310277957336,0.0,0.0004848093083387201,0.0003232062055591467,0.0021008403361344537,0.0,0.00016160310277957336,0.0,0.001777634130575307,0.0,0.0,0.0,0.00016160310277957336,0.0,0.0004848093083387201,0.001777634130575307,0.0,0.0,0.0,0.0,0.002585649644473174,0.0008080155138978668,0.0003232062055591467,0.0006464124111182935,0.001292824822236587,0.0006464124111182935,0.0,0.00016160310277957336,0.0,0.0009696186166774402,0.0,0.00016160310277957336,0.0,0.0006464124111182935,0.0008080155138978668,0.0006464124111182935,0.001777634130575307,0.0,0.0,0.0,0.0,0.00016160310277957336,0.0004848093083387201,0.0008080155138978668,0.0,0.0,0.0006464124111182935,0.0,0.0008080155138978668,0.0008080155138978668,0.0006464124111182935,0.0008080155138978668,0.0006464124111182935,0.0,0.0,0.0,0.0009696186166774402,0.00016160310277957336,0.0,0.0006464124111182935,0.0003232062055591467,0.0022624434389140274,0.00016160310277957336,0.00016160310277957336,0.0004848093083387201,0.0004848093083387201,0.0003232062055591467,0.0,0.0008080155138978668,0.0003232062055591467,0.0008080155138978668,0.0021008403361344537,0.00016160310277957336,0.0006464124111182935,0.0016160310277957336,0.0006464124111182935,0.00016160310277957336,0.0004848093083387201,0.0003232062055591467,0.0004848093083387201,0.0006464124111182935,0.00016160310277957336,0.0,0.0004848093083387201,0.0,0.0006464124111182935,0.0008080155138978668,0.0,0.0003232062055591467,0.0,0.0,0.0016160310277957336,0.0,0.00016160310277957336,0.0004848093083387201,0.0,0.0011312217194570137,0.0,0.00016160310277957336,0.0,0.0022624434389140274,0.0003232062055591467,0.00016160310277957336,0.0011312217194570137,0.0006464124111182935,0.00016160310277957336,0.00016160310277957336,0.0,0.0003232062055591467,0.00016160310277957336,0.0003232062055591467,0.0,0.0003232062055591467,0.00016160310277957336,0.00016160310277957336,0.00016160310277957336,0.00016160310277957336,0.0006464124111182935,0.0
aelius_aristides_sacred,0.001402524544179523,0.0009350163627863488,0.002571294997662459,0.0023375409069658717,0.002571294997662459,0.0021037868162692847,0.0021037868162692847,0.0009350163627863488,0.0009350163627863488,0.002805049088359046,0.0,0.0,0.0011687704534829358,0.0016362786348761104,0.004441327723235157,0.0002337540906965872,0.0004675081813931744,0.003973819541841982,0.0,0.0,0.0011687704534829358,0.0002337540906965872,0.0070126227208976155,0.0007012622720897616,0.0009350163627863488,0.0,0.001402524544179523,0.004441327723235157,0.0009350163627863488,0.0,0.0,0.0,0.0002337540906965872,0.0004675081813931744,0.0004675081813931744,0.0009350163627863488,0.0011687704534829358,0.0011687704534829358,0.0009350163627863488,0.0,0.0018700327255726976,0.0,0.0021037868162692847,0.0,0.0002337540906965872,0.0,0.0007012622720897616,0.0002337540906965872,0.0032725572697522207,0.0035063113604488078,0.0,0.0,0.0004675081813931744,0.0021037868162692847,0.0009350163627863488,0.0,0.0004675081813931744,0.001402524544179523,0.0,0.0009350163627863488,0.0016362786348761104,0.001402524544179523,0.0,0.0,0.0009350163627863488,0.0035063113604488078,0.0,0.001402524544179523,0.0,0.0,0.0,0.0016362786348761104,0.0021037868162692847,0.0002337540906965872,0.0007012622720897616,0.0021037868162692847,0.0,0.0035063113604488078,0.0030388031790556337,0.0002337540906965872,0.0009350163627863488,0.0,0.0,0.0009350163627863488,0.0002337540906965872,0.002805049088359046,0.0,0.001402524544179523,0.0007012622720897616,0.0011687704534829358,0.0002337540906965872,0.0002337540906965872,0.0002337540906965872,0.0002337540906965872,0.0,0.0009350163627863488,0.0023375409069658717,0.0,0.0,0.0,0.0004675081813931744,0.001402524544179523,0.0004675081813931744,0.0002337540906965872,0.003973819541841982,0.0002337540906965872,0.001402524544179523,0.0011687704534829358,0.0,0.0,0.0021037868162692847,0.0,0.0002337540906965872,0.0002337540906965872,0.0030388031790556337,0.0,0.0004675081813931744,0.0009350163627863488,0.0004675081813931744,0.0,0.0,0.0,0.0004675081813931744,0.0037400654511453952,0.0,0.0,0.0,0.0002337540906965872,0.0,0.0009350163627863488,0.0011687704534829358,0.0037400654511453952,0.0004675081813931744,0.0037400654511453952,0.0,0.0,0.0,0.0011687704534829358,0.0,0.0,0.0009350163627863488,0.0002337540906965872,0.0,0.0,0.0004675081813931744,0.0002337540906965872,0.0004675081813931744,0.0007012622720897616,0.0,0.0,0.0009350163627863488,0.0,0.0011687704534829358,0.0,0.0004675081813931744,0.0004675081813931744,0.0,0.0007012622720897616,0.0011687704534829358,0.0002337540906965872,0.0016362786348761104,0.0002337540906965872,0.0009350163627863488,0.0,0.0004675081813931744,0.0,0.0037400654511453952,0.0,0.0002337540906965872,0.0007012622720897616,0.0002337540906965872,0.0,0.0004675081813931744,0.0,0.0002337540906965872,0.0004675081813931744,0.0,0.0007012622720897616,0.0,0.0,0.0,0.0004675081813931744,0.0,0.0009350163627863488,0.0009350163627863488,0.0002337540906965872,0.0002337540906965872,0.0,0.0,0.0002337540906965872,0.0002337540906965872,0.0002337540906965872,0.0,0.0009350163627863488,0.0,0.0,0.0002337540906965872,0.0002337540906965872,0.0016362786348761104,0.001402524544179523
maximus_tyrius_orations,0.0012647554806070826,0.00031618887015177064,0.0011593591905564925,0.002318718381112985,0.0037942664418212477,0.0013701517706576729,0.0013701517706576729,0.0007377740303541315,0.0007377740303541315,0.0036888701517706576,0.0,0.0,0.0015809443507588533,0.00495362563237774,0.0013701517706576729,0.0,0.002318718381112985,0.0027403035413153458,0.0,0.0,0.0,0.0,0.002318718381112985,0.0,0.00010539629005059021,0.0,0.00031618887015177064,0.002424114671163575,0.002424114671163575,0.0,0.0,0.0,0.0,0.00010539629005059021,0.0,0.00021079258010118043,0.002002529510961214,0.0011593591905564925,0.0007377740303541315,0.0,0.0037942664418212477,0.0,0.0030564924114671165,0.0,0.002002529510961214,0.0,0.002213322091062395,0.0018971332209106238,0.0010539629005059021,0.0005269814502529511,0.0,0.0,0.0,0.0,0.0,0.0,0.0005269814502529511,0.00031618887015177064,0.0,0.0027403035413153458,0.0005269814502529511,0.002213322091062395,0.0,0.0,0.00042158516020236085,0.0008431703204047217,0.0,0.002213322091062395,0.0,0.0,0.0,0.0035834738617200675,0.002318718381112985,0.002318718381112985,0.0013701517706576729,0.002529510961214165,0.0,0.0007377740303541315,0.0005269814502529511,0.0009485666104553119,0.0011593591905564925,0.0,0.0,0.0017917369308600337,0.0007377740303541315,0.002318718381112985,0.0,0.001475548060708263,0.0,0.0006323777403035413,0.0,0.0,0.0,0.00010539629005059021,0.0,0.0005269814502529511,0.0027403035413153458,0.0,0.0,0.0,0.00010539629005059021,0.002002529510961214,0.00042158516020236085,0.00010539629005059021,0.0007377740303541315,0.0,0.001475548060708263,0.0009485666104553119,0.0,0.0,0.00042158516020236085,0.0,0.00042158516020236085,0.0,0.0012647554806070826,0.00031618887015177064,0.002213322091062395,0.0006323777403035413,0.00010539629005059021,0.0,0.0,0.0,0.0,0.00031618887015177064,0.0009485666104553119,0.0,0.0,0.0,0.0,0.0017917369308600337,0.0008431703204047217,0.00021079258010118043,0.0005269814502529511,0.00021079258010118043,0.0,0.0,0.0,0.001475548060708263,0.0,0.0,0.00042158516020236085,0.0,0.0,0.0,0.0,0.0015809443507588533,0.0005269814502529511,0.0015809443507588533,0.00021079258010118043,0.0013701517706576729,0.0015809443507588533,0.0,0.0016863406408094434,0.0,0.00042158516020236085,0.0009485666104553119,0.0,0.00031618887015177064,0.00042158516020236085,0.0006323777403035413,0.001475548060708263,0.0007377740303541315,0.0009485666104553119,0.0,0.0,0.0,0.0009485666104553119,0.00031618887015177064,0.0018971332209106238,0.0007377740303541315,0.00010539629005059021,0.0,0.0008431703204047217,0.0,0.00010539629005059021,0.0006323777403035413,0.0,0.0018971332209106238,0.0008431703204047217,0.0,0.0,0.00010539629005059021,0.0012647554806070826,0.0017917369308600337,0.002318718381112985,0.0,0.00010539629005059021,0.0,0.0,0.0,0.00021079258010118043,0.0005269814502529511,0.0,0.002002529510961214,0.00010539629005059021,0.00010539629005059021,0.00010539629005059021,0.0006323777403035413,0.00010539629005059021,0.0010539629005059021
galen_natural_faculties,0.0021321175269280682,0.0008989468491912935,0.0011156160897656054,0.002074492728902985,0.004478599302509444,0.0007883072369831344,0.0007352924228000581,0.0018347735691186403,0.0018347735691186403,0.005617265311485083,0.0,0.0,0.001498244748652156,0.0038585564757595524,0.0015650895143612521,6.91497576300995e-06,0.002567760999997695,0.002494001258525589,9.219967684013267e-06,2.3049919210033167e-06,0.00028120901436240464,0.0005808579640928359,0.0015973594012552985,2.5354911131036485e-05,9.450466876113599e-05,4.6099838420066335e-06,0.0006638376732489553,0.002284246993714287,0.002125202551165058,1.1524959605016585e-05,5.762479802508292e-05,0.00015904444254922887,2.3049919210033167e-06,2.76599030520398e-05,2.3049919210033167e-06,0.0006407877540389221,0.00141757003141704,0.0009473516795323632,0.0004886582872527032,4.6099838420066335e-06,0.0019338882217217828,0.00022358421633732173,0.00234878676750238,2.3049919210033167e-06,0.0015996643931763018,1.8439935368026534e-05,0.0009081668168753068,0.0017287439407524877,0.0013645552172339636,0.0025354911131036484,0.0,2.304991921003317e-05,2.3049919210033167e-06,0.0006799726166959785,2.304991921003317e-05,2.76599030520398e-05,9.219967684013268e-05,0.0006684476570909619,2.3049919210033167e-06,0.002102152631955025,0.001339200306102927,0.00230038193716131,0.0,0.0,0.0008390170592452073,0.0010095864613994527,0.0,0.0009657916149003897,0.0,0.0,0.0,0.002159777429980108,0.0017955887064615838,0.000843627043087214,0.0004702183518846766,0.001505159724415166,0.0,0.0009150817926383168,0.001963853116694826,0.001076431227108549,0.0006177378348288889,3.4574878815049755e-05,5.070982226207297e-05,0.0014705848456001162,0.00029042898204641795,0.0019869030359048593,6.91497576300995e-06,0.0008620669784552405,0.0005140131983837397,0.00037571368312354066,2.304991921003317e-05,0.0008344070754032007,0.0008344070754032007,1.8439935368026534e-05,1.8439935368026534e-05,0.0007975272046671476,0.0014521449102320896,0.0,0.0,2.3049919210033167e-06,0.0003388338123874876,0.0007583423420100912,0.00017287439407524878,0.00015212946678621892,0.0017540988518835242,4.6099838420066335e-06,0.0007560373500890879,0.0003388338123874876,1.8439935368026534e-05,0.000283514006283408,0.0015397346032302156,4.379484649906302e-05,0.00033422382854548095,2.3049919210033167e-06,0.000371103699281534,0.0002189742324953151,0.0008459320350082173,0.0003987636023335738,0.0003296138447034743,0.0,0.0,0.0,0.0,0.0003111739093354478,0.0005578080448828027,0.0,0.0,0.00019592431328528193,0.00013829951526019902,0.0009035568330333002,0.0008021371885091543,0.0002742940385993947,0.000968096606821393,0.0002742940385993947,0.0,0.0,6.91497576300995e-06,0.0015996643931763018,8.297970915611941e-05,6.91497576300995e-06,0.0003572737477555141,0.00023741416786334164,4.6099838420066335e-06,2.3049919210033167e-06,0.00015212946678621892,0.0006961075601430017,0.0003664937154395274,0.0008782019219022637,5.762479802508292e-05,0.0021275075430860616,0.0008758969299812604,4.6099838420066335e-06,0.0015166846840201824,3.2269886894046436e-05,0.0006200428267498922,0.0006661426651699586,5.53198061040796e-05,0.0013783851687599834,0.00030886891741444445,0.00019822930520628526,0.001548954570914229,0.0007767822773781178,0.0007560373500890879,4.379484649906302e-05,7.145474955110282e-05,0.0,0.001062601275582529,0.0002719890466783914,0.00012677455565518242,8.989468491912936e-05,2.5354911131036485e-05,1.1524959605016585e-05,0.0006361777701969155,2.3049919210033167e-06,6.453977378809287e-05,0.0009657916149003897,4.6099838420066335e-06,0.0004955732630157132,0.00025354911131036484,8.989468491912936e-05,1.1524959605016585e-05,0.00012677455565518242,6.453977378809287e-05,0.0009865365421894195,0.0015212946678621892,0.00018439935368026535,0.0005278431499097596,2.3049919210033167e-06,3.2269886894046436e-05,0.00029273397396742124,1.6134943447023218e-05,6.91497576300995e-06,0.00020744927289029853,0.0005946879156188558,0.0005001832468577198,0.0004978782549367165,0.0005117082064627364,9.911465260314263e-05,0.0010003664937154396,0.00015443445870722222
clement_stromateis,0.0020401076482333535,0.0009549440055560378,0.0015915733425933963,0.0025320484995804034,0.002546517348149434,0.0007813178227276674,0.0007523801255896055,0.0006366293370373585,0.0006366293370373585,0.0028937697138061752,0.00028937697138061753,0.00028937697138061753,0.0010851636426773158,0.0,0.0012298521283676245,0.00031831466851867926,0.0033567728680151633,0.003052927048065515,0.00013021963712127788,5.7875394276123507e-05,0.00023150157710449403,0.0010851636426773158,0.001056225945539254,5.7875394276123507e-05,0.00015915733425933963,0.0006221604884683277,0.0004774720027780189,0.0009260063084179761,0.0018230749196978904,1.4468848569030877e-05,1.4468848569030877e-05,0.00010128193998321614,0.00011575078855224701,0.0004919408513470498,0.0004774720027780189,0.0005353473970541424,0.0016639175854385507,0.0014758225540411494,0.00010128193998321614,0.000708973579882513,0.0010996324912463467,0.0005353473970541424,0.0016060421911624273,1.4468848569030877e-05,0.0004485343056399572,8.681309141418526e-05,0.0005064096999160807,0.0003617212142257719,0.001736261828283705,0.0010128193998321614,0.00028937697138061753,0.0008391932170037908,0.0,0.001056225945539254,0.00010128193998321614,0.0008825997627108835,8.681309141418526e-05,0.00013021963712127788,0.0,0.0013021963712127789,0.001273258674074717,0.0012009144312295627,0.0,0.0,0.0018086060711288595,0.00046300315420898805,0.0,0.0005208785484851115,0.00010128193998321614,2.8937697138061753e-05,2.8937697138061753e-05,0.002372891165321064,0.0013600717654889023,0.0006945047313134821,0.0006945047313134821,0.0014758225540411494,4.340654570709263e-05,0.00037619006279480277,0.0008391932170037908,0.0008825997627108835,0.001041757096970223,0.00017362618282837052,8.681309141418526e-05,0.001186445582660532,0.00026043927424255575,0.0018520126168359522,2.8937697138061753e-05,0.0003906589113638337,8.681309141418526e-05,0.0008825997627108835,1.4468848569030877e-05,0.0003038458199496484,0.0003038458199496484,8.681309141418526e-05,0.0006510981856063894,0.0005064096999160807,0.0018520126168359522,0.0,0.0,0.00010128193998321614,0.00010128193998321614,0.0004485343056399572,0.00040512775993286455,0.00020256387996643227,0.00040512775993286455,0.00013021963712127788,0.0003327835170877102,0.0005353473970541424,1.4468848569030877e-05,0.00018809503139740138,0.0003617212142257719,2.8937697138061753e-05,0.000593222791330266,0.0006655670341754204,0.0007668489741586364,0.00027490812281158667,0.0008970686112799144,0.0002459704256735249,8.681309141418526e-05,1.4468848569030877e-05,0.0,0.0,0.00037619006279480277,0.000940475156987007,0.0003327835170877102,2.8937697138061753e-05,0.0,0.0003906589113638337,0.0004919408513470498,0.0019822322539572302,0.0013745406140579332,0.0006945047313134821,0.000940475156987007,0.0006945047313134821,0.0,0.0,2.8937697138061753e-05,0.0014902914026101804,0.0011141013398153776,0.00010128193998321614,0.0010272882484011923,8.681309141418526e-05,8.681309141418526e-05,4.340654570709263e-05,0.00031831466851867926,0.0007813178227276674,0.0005208785484851115,0.00040512775993286455,0.00014468848569030877,0.00082472436843476,0.0004195966085018954,4.340654570709263e-05,0.0019098880111120757,0.00040512775993286455,0.0005787539427612351,0.00023150157710449403,0.000940475156987007,0.0005064096999160807,0.00027490812281158667,0.0005642850941922041,0.0015771044940243656,0.0006076916398992968,0.0003038458199496484,0.00013021963712127788,0.00021703272853546314,0.0,0.00021703272853546314,0.0002459704256735249,0.0014902914026101804,0.0003906589113638337,5.7875394276123507e-05,0.0,0.00021703272853546314,0.0,0.0003617212142257719,0.00046300315420898805,0.0,0.0005787539427612351,5.7875394276123507e-05,0.0004919408513470498,0.00023150157710449403,0.00028937697138061753,0.0009260063084179761,0.0006366293370373585,0.0009983505512631305,0.0005498162456231733,0.0008536620655728217,7.234424284515438e-05,0.00010128193998321614,0.0004919408513470498,0.00020256387996643227,1.4468848569030877e-05,2.8937697138061753e-05,0.0003906589113638337,0.0007523801255896055,0.0007523801255896055,0.0007523801255896055,0.0004485343056399572,0.0003617212142257719,0.00011575078855224701
philostratus_lives_sophists,0.0027333527188136086,0.0006009498885334885,0.003237375205970728,0.0037026267325772997,0.004807599108267908,0.001182514296791703,0.0010468159348647863,0.0007754192110109528,0.0007754192110109528,0.00304352040321799,0.0,0.0,0.0022874866724823108,0.0,0.0025976543568866917,0.0005234079674323931,0.0014345255403702627,0.002694581758263061,0.00011631288165164292,3.877096055054764e-05,0.00015508384220219056,0.00032955316467965496,0.0012988271784433458,0.00015508384220219056,0.0001938548027527382,0.0,0.0015702239022971794,0.001182514296791703,0.0021130173500048463,0.0,3.877096055054764e-05,0.00032955316467965496,0.0001938548027527382,0.0015702239022971794,0.0015508384220219056,0.0012406707376175245,0.0001938548027527382,0.000213240283028012,0.00040709508578075024,1.938548027527382e-05,0.0015702239022971794,0.00044586604633129785,0.0014539110206455365,0.0,0.0005815644082582146,7.754192110109528e-05,0.0002520112435785597,0.0005040224871571194,0.00106620141514006,0.0015314529417466318,5.815644082582146e-05,1.938548027527382e-05,0.0004846370068818455,0.0013569836192691674,0.0004652515266065717,9.69274013763691e-05,0.000213240283028012,0.00017446932247746437,0.00034893864495492874,0.0009886594940389647,0.0017834641853251914,0.0021711737908306676,0.0,0.0,0.0012600562178927983,0.0011437433362411554,0.0,0.0022099447513812156,0.0,0.0,0.0,0.001919162547252108,0.0010468159348647863,0.0008723466123873219,0.001395754579819715,0.001492681981196084,0.00023262576330328584,0.0010855868954153338,0.0011437433362411554,0.003217989725695454,0.0014345255403702627,0.00015508384220219056,0.0,0.0010468159348647863,0.0007366482504604051,0.0013375981389938936,3.877096055054764e-05,0.0004652515266065717,0.00032955316467965496,0.0008141901715615005,3.877096055054764e-05,0.00023262576330328584,0.00023262576330328584,0.00040709508578075024,0.0,0.000426480566056024,0.002675196277987787,0.0,0.0,0.0,1.938548027527382e-05,0.0017640787050499176,0.0007754192110109528,7.754192110109528e-05,0.0001938548027527382,0.0002907822041291073,0.00036832412523020257,0.0005040224871571194,0.00017446932247746437,0.00023262576330328584,0.0006009498885334885,0.0003101676844043811,0.0006591063293593099,5.815644082582146e-05,0.0010080449743142387,0.002054860909179025,0.0005427934477076669,0.0021711737908306676,1.938548027527382e-05,1.938548027527382e-05,0.0,0.0,0.0011243578559658816,0.0011631288165164292,0.0013763690995444412,1.938548027527382e-05,0.0,0.0006203353688087622,0.0003877096055054764,0.0006978772899098575,0.0021711737908306676,0.0010080449743142387,0.0007948046912862266,0.0010080449743142387,0.0,0.0,0.00015508384220219056,0.0008723466123873219,0.00011631288165164292,0.000213240283028012,0.0008335756518367743,0.0005234079674323931,0.000213240283028012,0.00023262576330328584,0.0007754192110109528,0.0004652515266065717,0.000969274013763691,0.000639720849084036,0.00027139672385383346,0.00015508384220219056,0.000639720849084036,0.0002520112435785597,0.0006203353688087622,3.877096055054764e-05,0.0009886594940389647,0.0006009498885334885,0.00034893864495492874,0.00036832412523020257,0.00027139672385383346,7.754192110109528e-05,0.00106620141514006,0.0007366482504604051,0.0002520112435785597,0.000213240283028012,0.0001938548027527382,0.0,0.00034893864495492874,0.0005040224871571194,1.938548027527382e-05,0.00023262576330328584,0.0003877096055054764,0.00011631288165164292,0.0004846370068818455,0.00015508384220219056,0.00013569836192691673,0.00015508384220219056,0.00017446932247746437,0.0005427934477076669,0.0,1.938548027527382e-05,0.00015508384220219056,0.0006009498885334885,0.0002520112435785597,0.0008723466123873219,0.00044586604633129785,0.0006978772899098575,0.00027139672385383346,9.69274013763691e-05,0.0003877096055054764,0.0005234079674323931,0.00027139672385383346,0.00011631288165164292,3.877096055054764e-05,0.000639720849084036,0.0002520112435785597,0.0002520112435785597,0.0002520112435785597,0.0005815644082582146,0.0004846370068818455,0.0002907822041291073
aelian_various_history,0.0036057245523821325,0.0017842760671581686,0.002168391053838052,0.0032959544018338395,0.0026516324886933897,0.0010532185118641967,0.001040827705842265,0.0008177931974474939,0.0008177931974474939,0.0035065981042066785,0.0,0.0,0.0008177931974474939,0.0011647357660615823,0.0025029428164302088,0.00040889659872374697,0.0008549656155132892,0.003184437147636454,0.0001858620903289759,1.2390806021931728e-05,0.0007434483613159036,0.0008177931974474939,0.0007930115854036306,0.0007310575552939718,0.0007930115854036306,1.2390806021931728e-05,0.0018462300972678272,0.0010780001239080602,0.0018710117093116907,2.4781612043863455e-05,3.717241806579518e-05,0.0007062759432501085,7.434483613159036e-05,0.0009788736757326065,0.0009788736757326065,0.001994919769531008,0.0005204138529211325,0.00035933337463602005,0.0003965057927018153,9.912644817545382e-05,0.001672758812960783,0.00034694256861408836,0.0020197013815748716,0.0,0.0005823678830307912,0.0,3.717241806579518e-05,0.0005947586890527229,0.001177126572083514,0.0012142989901493093,0.0,1.2390806021931728e-05,0.0011647357660615823,0.0019453565454432811,0.00034694256861408836,0.00019825289635090764,0.00017347128430704418,8.673564215352209e-05,0.0011399541540177188,0.0014868967226318072,0.0014373334985440802,0.0009169196456229478,6.195403010965863e-05,0.0,0.0007558391673378353,0.0003221609565702249,0.0,0.0010532185118641967,0.0,0.0,0.0,0.001400161080478285,0.001499287528653739,0.0010780001239080602,0.0009293104516448795,0.001994919769531008,0.00017347128430704418,0.00021064370237283936,0.0009169196456229478,0.0014745059166098755,0.0008425748094913574,0.00011151725419738554,9.912644817545382e-05,0.0010656093178861286,0.0011151725419738553,0.0017099312310265783,2.4781612043863455e-05,0.0005080230468992008,0.0004584598228114739,0.0009417012576668113,6.195403010965863e-05,0.00044606901678954214,0.00044606901678954214,0.00027259773248249796,0.0,0.0008301840034694257,0.0016603680069388514,0.0,0.0,6.195403010965863e-05,3.717241806579518e-05,0.0010284368998203332,0.0007310575552939718,0.00013629886624124898,0.00022303450839477107,1.2390806021931728e-05,0.00014868967226318072,0.00014868967226318072,0.00012390806021931726,0.0008673564215352209,0.000631931107118518,4.956322408772691e-05,0.0010532185118641967,8.673564215352209e-05,0.00047085062883340563,0.0004584598228114739,0.001226689796171241,0.0011647357660615823,3.717241806579518e-05,3.717241806579518e-05,0.0,0.0,0.0005080230468992008,0.0005204138529211325,0.0009169196456229478,1.2390806021931728e-05,1.2390806021931728e-05,0.0008673564215352209,0.00019825289635090764,0.0010532185118641967,0.000681494331206245,0.0005204138529211325,0.0005328046589430643,0.0005204138529211325,0.0,0.0,0.00047085062883340563,0.0007558391673378353,0.0006195403010965864,0.00012390806021931726,0.0005947586890527229,0.0003717241806579518,0.00044606901678954214,0.000954092063688743,0.0006071494950746546,0.0005080230468992008,0.0012142989901493093,0.0007558391673378353,0.0003717241806579518,0.00027259773248249796,0.0007558391673378353,0.00043367821076761045,0.0015240691406976023,6.195403010965863e-05,0.0003965057927018153,0.0007558391673378353,0.00040889659872374697,0.00044606901678954214,0.00027259773248249796,2.4781612043863455e-05,0.00038411498667988354,0.0009169196456229478,0.0004956322408772691,4.956322408772691e-05,1.2390806021931728e-05,0.0,0.00038411498667988354,0.00024781612043863453,0.0,0.00022303450839477107,0.00022303450839477107,0.0003965057927018153,0.0007806207793816988,0.0005699770770088594,0.0002849885385044297,0.0005328046589430643,0.0005947586890527229,0.0004956322408772691,0.00017347128430704418,7.434483613159036e-05,0.0002849885385044297,0.0007186667492720401,0.00013629886624124898,0.0008177931974474939,0.0006938851372281767,0.0003221609565702249,1.2390806021931728e-05,0.00024781612043863453,0.00043367821076761045,0.00023542531441670281,0.0004956322408772691,6.195403010965863e-05,4.956322408772691e-05,0.000631931107118518,0.0,0.0,0.0,0.0003717241806579518,0.00029737934452636145,0.00035933337463602005
cassius_dio_roman,0.004932658760060027,0.0022700361559454684,0.0032578343158547935,0.004087331488599163,0.002979224578444471,0.000531891316874252,0.0005128951984144574,0.002070576912117624,0.002070576912117624,0.0038277178696486352,0.0,0.0,0.0007820068765948824,0.0008168330937711728,0.0025644759920722864,0.00018679516485464804,0.00044957480354847494,0.002979224578444471,0.00013613884896186213,5.698835537938415e-05,0.0007218525014721992,0.00017729710562475068,0.0018932798064928732,0.002203549741336187,0.00222887789928258,0.0,0.0013297282921856301,0.002358684708757844,0.002605634248735175,6.332039486598238e-06,3.166019743299119e-05,0.0014943613188371843,0.00019312720434124629,0.00038625440868249257,0.00036725829022269784,0.001728646779841319,0.00038625440868249257,0.0004337447048319793,0.00036725829022269784,9.498059229897357e-06,0.002311194412608357,0.00033559809278970663,0.0026657886238578583,6.332039486598238e-06,0.0007851728963381815,5.0656315892785905e-05,0.00017096506613815244,0.0008041690147979763,0.0013044001342392372,0.0013708865488485187,0.00021845536228763923,2.2162138203093835e-05,3.799223691958943e-05,0.001092276811438196,0.0008548253306907622,6.332039486598238e-05,0.00010131263178557181,6.332039486598238e-06,1.2664078973196476e-05,0.0010004622388825218,0.0005192272379010556,0.0012600758578330494,4.115825666288855e-05,0.0,0.00031026993484331366,0.0005540534550773459,0.0,0.0014785312201206888,0.0,0.0,0.0,0.0016115040493392516,0.0022162138203093837,0.0010701146732351023,0.0010416204955454103,0.0033306527699506734,0.00014880292793505862,0.0005287252971309529,0.001038454475802111,0.0023270245113248527,0.0015038593780670817,0.00018362914511134892,1.2664078973196476e-05,0.001190423423480469,0.0017381448390712164,0.0018331254313701901,9.498059229897357e-06,0.00024378352023403217,0.0007725088173649851,0.0009909641796526244,4.115825666288855e-05,0.00048440102072476525,0.00048440102072476525,0.00037042430996599694,1.8996118459794714e-05,0.0013993807265382107,0.0013993807265382107,0.0,0.0,9.498059229897357e-06,7.598447383917885e-05,0.0014911952990938851,0.0007123544422423018,0.00015513496742165683,0.0005920456919969353,0.00017096506613815244,0.00048756704046806434,0.0001519689476783577,0.0001139767107587683,3.799223691958943e-05,0.001275905956549545,7.281845409587975e-05,0.0003514281915062022,0.00012030875024536652,0.0012284156604000583,0.0003166019743299119,0.0008105010542845745,0.0005603854945639441,7.598447383917885e-05,6.332039486598238e-06,0.0,0.0,0.0001994592438278445,0.00025328157946392953,0.0014057127660248088,2.2162138203093835e-05,3.166019743299119e-06,0.0015513496742165685,0.0002564475992072287,0.0009751340809361287,0.0006553660868629177,0.00024378352023403217,0.0002564475992072287,0.0002469495399773313,0.0,0.0,0.00015513496742165683,0.0004938990799546626,0.00017413108588145156,5.382233563608503e-05,0.001351890430388724,0.0001298068094752639,0.0001519689476783577,0.0001519689476783577,0.00045274082329177403,0.0005160612181577565,0.0016874885231784305,0.0004337447048319793,0.00043691072457527846,0.00019629322408454538,0.00043691072457527846,0.0003419301322763049,0.0015766778321629614,1.5830098716495596e-05,0.0006870262842959088,0.0017096506613815245,0.00014247088844846037,0.0003419301322763049,0.0005097291786711582,0.00020579128331444274,0.0007883389160814807,0.0008896515478670525,0.0004210806258587829,8.548253306907622e-05,0.0001298068094752639,3.166019743299119e-06,0.0007060224027557036,0.0001994592438278445,9.498059229897357e-06,7.281845409587975e-05,0.000291273816383519,0.0007186864817289001,0.001703318621894926,1.5830098716495596e-05,0.00018679516485464804,0.00048440102072476525,3.799223691958943e-05,0.0009593039822196331,0.0010606166140052049,1.2664078973196476e-05,0.00012347476998866565,0.001434206943714501,0.00010447865152887093,0.0015513496742165685,0.00044957480354847494,0.0003830883889391934,0.0001139767107587683,0.00014247088844846037,0.0002152893425443401,0.00021212332280104099,0.00027544371766702336,0.00021845536228763923,0.00012664078973196477,0.0010289564165722137,8.864855281237534e-05,8.864855281237534e-05,0.00011081069101546917,0.0002311194412608357,0.0007155204619856009,0.00046857092200826967
plotinus_enneads,0.003381448528013188,0.002310656494142345,0.0012891772513050279,0.0007256024966361632,0.003656191220914259,0.005938668977323161,0.005854132764122831,0.0009580770829370699,0.0009580770829370699,0.0034730294256468783,0.0,0.0,0.0019513775880409436,0.0,0.003508252847813682,1.4089368866721615e-05,0.003212376101612528,0.0031419292572789203,8.45362132003297e-05,7.0446844333608075e-06,0.00023951927073426746,0.0005353960169354214,0.0033884932124465484,4.226810660016485e-05,0.00016202774196729858,0.0,0.0011130601404710076,0.0020288691168079127,0.003156018626145642,0.0,2.817873773344323e-05,0.00012680431980049454,7.0446844333608075e-06,0.00011271495093377292,9.15808976336905e-05,0.0016273221041063466,0.002338835231875788,0.002169762805475129,0.0012257750914047806,7.044684433360807e-05,0.002120450014441603,0.00016202774196729858,0.003811174278448197,0.0,0.0010355686117040387,7.0446844333608075e-06,0.000986255820670513,0.0009792111362371522,0.003522342216680404,0.0026206226092102204,7.0446844333608075e-06,0.00011975963536713373,0.0,0.0006622003367359159,7.044684433360807e-05,0.00011975963536713373,0.00023951927073426746,0.0026558460313770246,0.0,0.0023599692851758707,0.0011201048249043684,0.0017752604772069236,0.0,0.0,0.0018950201125740571,0.001246909144704863,0.0,0.0015216518376059344,0.0,0.0,0.0,0.0026206226092102204,0.0033955378968799094,0.0025431310804432516,0.0008242280787032145,0.0013948475178054399,2.1134053300082424e-05,0.0012187304069714198,0.002451550182809561,0.0017470817394734802,0.0004931279103352565,5.635747546688646e-05,6.340215990024727e-05,0.003156018626145642,0.0028108290889109623,0.00200773506350783,2.817873773344323e-05,0.0024585948672429217,0.0002747426929010715,0.00041563638156828764,0.0,0.000915808976336905,0.000915808976336905,2.1134053300082424e-05,0.00011975963536713373,0.0038252636473149184,0.0009792111362371522,0.0,0.0,0.0,0.0019231988503075005,0.0013455347267719141,0.00015498305753393777,0.000549485385802143,0.0017118583173066763,0.0,0.001761171108340202,0.0016625455262731506,0.00011271495093377292,1.4089368866721615e-05,0.0016766348951398721,7.0446844333608075e-06,0.0002747426929010715,4.226810660016485e-05,0.001937288219174222,0.00021838521743418503,0.0008312727631365753,0.00013384900423385536,0.0017329923706067586,7.0446844333608075e-06,0.0,0.0,2.1134053300082424e-05,0.0003804129594014836,0.0005706194391022255,0.0,0.0,0.0002888320617677931,4.9312791033525654e-05,0.0006974237589027199,0.000514261963635339,0.00034518953723467957,0.0004931279103352565,0.00034518953723467957,0.0,0.0,7.0446844333608075e-06,0.0014371156244056048,2.1134053300082424e-05,0.00015498305753393777,0.0002817873773344323,0.0009792111362371522,2.817873773344323e-05,0.0,0.001056702665004121,0.0006622003367359159,0.001690724264006594,0.0009087642919035441,8.45362132003297e-05,0.0013032666201717494,0.0009087642919035441,0.0,0.0004931279103352565,0.0,0.0016273221041063466,0.0019866010102077476,0.0017329923706067586,0.0007185578122028024,0.0006128875457023903,0.0002747426929010715,0.001500517784305852,0.0007185578122028024,0.0008735408697367401,0.00010567026650041212,0.0002888320617677931,0.0,0.0009933005051038738,0.000183161795267381,0.0015286965220392952,0.000584708807968947,1.4089368866721615e-05,0.0,0.001937288219174222,7.0446844333608075e-06,0.00030292143063451475,0.001098970771604286,0.0,0.0007608259188029672,0.0011271495093377291,0.0003170107995012363,1.4089368866721615e-05,0.00023951927073426746,0.00015498305753393777,0.0010355686117040387,0.0021274946988749637,0.0005001725947686173,4.9312791033525654e-05,2.817873773344323e-05,0.0003381448528013188,0.0005917534924023078,9.15808976336905e-05,0.00013384900423385536,0.0009510323985037091,0.001141238878204451,7.0446844333608075e-06,7.0446844333608075e-06,7.0446844333608075e-06,8.45362132003297e-05,0.0010496579805707603,0.0008735408697367401
porphyry_life_plotinus,0.0021588672296653758,0.0005079687599212648,0.003397041081973459,0.002476347704616166,0.004254238364340593,0.0014604101847736364,0.0014604101847736364,0.001142929709822846,0.001142929709822846,0.004793955171756937,0.0,0.0,0.0016191504222490317,0.0,0.000571464854911423,3.174804749507905e-05,0.0021588672296653758,0.003809765699409486,3.174804749507905e-05,0.0,0.0001269921899803162,0.00047622071242618577,0.0017778906597244269,0.0,0.0,0.0,0.00038097656994094865,0.0021906152771604547,0.0046987110292717,3.174804749507905e-05,0.0001269921899803162,0.00031748047495079053,0.0,0.0002539843799606324,0.00022223633246555336,0.00022223633246555336,0.000603212902406502,0.0008889453298622134,0.0004127246174360277,0.0001269921899803162,0.00234935551463585,0.0006984570448917392,0.0017143945647342688,0.0,0.001238173852308083,6.34960949901581e-05,0.0005397168074163439,0.0012699218998031621,0.0026350879420915614,0.0013016699472982412,0.0,0.0,3.174804749507905e-05,0.0008889453298622134,0.0004127246174360277,3.174804749507905e-05,6.34960949901581e-05,0.0002539843799606324,0.0,0.0015556543272588735,0.0021588672296653758,0.0017778906597244269,0.0,0.0,0.0010159375198425297,0.0009524414248523715,0.0,0.0011111816623277668,0.0,0.0,0.0,0.001746142612229348,0.0013651660422883993,0.0015556543272588735,0.0014604101847736364,0.0020318750396850593,0.0,0.0009524414248523715,0.0009841894723474505,0.0017143945647342688,0.0014286621372785575,0.0007619531398818973,6.34960949901581e-05,0.0015239062797637946,0.0005079687599212648,0.001968378944694901,0.0,0.0007619531398818973,0.0,0.0010159375198425297,0.0,0.00015874023747539527,0.00015874023747539527,0.00022223633246555336,0.0,0.0010794336148326879,0.0023176074671407707,0.0,0.0,0.0,9.524414248523716e-05,0.0008571972823671344,0.00047622071242618577,3.174804749507905e-05,0.0011111816623277668,3.174804749507905e-05,0.000603212902406502,0.0005397168074163439,0.0001269921899803162,6.34960949901581e-05,0.0013334179947933201,9.524414248523716e-05,0.0005397168074163439,3.174804749507905e-05,0.0007302050923868182,0.0004444726649311067,0.0011111816623277668,9.524414248523716e-05,9.524414248523716e-05,9.524414248523716e-05,0.0,0.0,6.34960949901581e-05,0.001809638707219506,0.0013016699472982412,3.174804749507905e-05,0.0,0.0008571972823671344,0.00015874023747539527,0.0019366308971998222,0.0020318750396850593,0.0016191504222490317,0.0011111816623277668,0.0015874023747539526,0.0,0.0,0.00022223633246555336,0.0007302050923868182,0.0001269921899803162,0.0001269921899803162,0.0015556543272588735,0.00019048828497047432,9.524414248523716e-05,3.174804749507905e-05,6.34960949901581e-05,0.0008571972823671344,0.000603212902406502,0.0013016699472982412,0.0002539843799606324,0.0015874023747539526,0.0013016699472982412,3.174804749507905e-05,0.0014286621372785575,3.174804749507905e-05,0.001238173852308083,0.00047622071242618577,0.00022223633246555336,0.0004127246174360277,0.00031748047495079053,0.0007619531398818973,0.001238173852308083,0.0008254492348720554,0.0005397168074163439,9.524414248523716e-05,0.0004444726649311067,0.0,0.0010159375198425297,0.0010476855673376088,0.0008254492348720554,9.524414248523716e-05,0.00015874023747539527,3.174804749507905e-05,0.00038097656994094865,0.0,0.00022223633246555336,0.0006667089973966601,9.524414248523716e-05,0.0006984570448917392,0.000603212902406502,0.00022223633246555336,0.0002539843799606324,0.0003492285224458696,0.0002539843799606324,0.0013969140897834784,0.0013016699472982412,0.0001269921899803162,0.000571464854911423,3.174804749507905e-05,0.0,0.00015874023747539527,0.00047622071242618577,3.174804749507905e-05,0.0001269921899803162,0.001142929709822846,0.0005079687599212648,0.0005079687599212648,0.0005397168074163439,0.00015874023747539527,0.0004127246174360277,0.0003492285224458696
iamblichus_pythagorean,0.0022599621123998805,0.0008641031606234837,0.001595267373458739,0.003921698959752733,0.005118149489846788,0.0029578915882880787,0.0029246568513410214,0.001030276845358769,0.001030276845358769,0.0043205158031174185,0.0,0.0,0.0033567084316527634,0.0,0.0012961547409352256,0.00043205158031174183,0.0008973378975705407,0.0027252484296586793,0.00033234736947057066,0.00013293894778822825,0.00023264315862939945,0.0006646947389411413,0.0017282063212469673,0.00013293894778822825,0.00013293894778822825,0.0,0.0008641031606234837,0.0029578915882880787,0.0034231779055468774,6.646947389411413e-05,9.970421084117119e-05,0.000498521054205856,0.0,9.970421084117119e-05,6.646947389411413e-05,0.0007976336867293695,0.00033234736947057066,0.0003655821064176277,0.0003655821064176277,0.00016617368473528533,0.0018611452690351956,0.00016617368473528533,0.001595267373458739,3.323473694705706e-05,0.0017946757951410814,6.646947389411413e-05,0.00043205158031174183,0.0017614410581940243,0.00043205158031174183,0.001096746319252883,0.0,3.323473694705706e-05,3.323473694705706e-05,0.0009638073714646548,0.0004652863172587989,9.970421084117119e-05,9.970421084117119e-05,0.0002991126325235136,0.0,0.00249260527102928,0.0008973378975705407,0.0024593705340822227,0.0,0.0,0.0006314600019940842,0.000498521054205856,0.0,0.001495563162617568,0.0,0.0,0.0,0.0017946757951410814,0.0011299810561999403,0.001096746319252883,0.0005982252650470272,0.0019608494798763667,0.0,0.00043205158031174183,0.001030276845358769,0.0013626242148293396,0.001595267373458739,9.970421084117119e-05,0.0,0.0008308684236764266,0.0005649905280999701,0.0017614410581940243,3.323473694705706e-05,0.00039881684336468475,9.970421084117119e-05,0.0011632157931469973,0.0,0.00043205158031174183,0.00043205158031174183,0.0003655821064176277,3.323473694705706e-05,0.0008641031606234837,0.0012961547409352256,0.0,0.0,0.0,9.970421084117119e-05,0.0007311642128352554,0.0004652863172587989,9.970421084117119e-05,0.0012629200039881684,0.0,0.0002991126325235136,0.0003655821064176277,3.323473694705706e-05,0.00013293894778822825,0.0008641031606234837,0.0,0.0005982252650470272,6.646947389411413e-05,0.0008641031606234837,9.970421084117119e-05,0.0016949715842999103,0.00019940842168234238,9.970421084117119e-05,0.0,0.0,0.0,3.323473694705706e-05,0.001063511582305826,0.0009638073714646548,0.0,0.0,0.0007976336867293695,9.970421084117119e-05,0.0017614410581940243,0.00043205158031174183,0.0007643989497823125,0.0004652863172587989,0.0007643989497823125,0.0,0.0,6.646947389411413e-05,0.0007643989497823125,0.00039881684336468475,0.00013293894778822825,0.0005649905280999701,0.0009305726345175978,0.0002991126325235136,0.00013293894778822825,0.0002658778955764565,0.0014623284256705107,0.000531755791152913,0.001096746319252883,0.00013293894778822825,0.0012961547409352256,0.001096746319252883,0.00016617368473528533,0.0011964505300940543,6.646947389411413e-05,0.00039881684336468475,0.0007976336867293695,0.0005649905280999701,0.00043205158031174183,0.0005649905280999701,6.646947389411413e-05,0.00039881684336468475,0.0006979294758881983,0.0003655821064176277,9.970421084117119e-05,0.0,3.323473694705706e-05,0.001030276845358769,0.000498521054205856,0.0002658778955764565,3.323473694705706e-05,0.00023264315862939945,0.00013293894778822825,0.0007976336867293695,3.323473694705706e-05,9.970421084117119e-05,0.0006314600019940842,0.00016617368473528533,0.0012296852670411113,0.00043205158031174183,3.323473694705706e-05,0.0004652863172587989,0.00043205158031174183,3.323473694705706e-05,0.0011299810561999403,0.0012296852670411113,0.0008973378975705407,0.0002658778955764565,0.00023264315862939945,0.00016617368473528533,0.0008641031606234837,6.646947389411413e-05,0.0,0.00016617368473528533,0.0006979294758881983,0.00019940842168234238,0.00019940842168234238,0.00023264315862939945,0.0002658778955764565,0.0004652863172587989,0.000498521054205856
eusebius_church_history,0.003689977441185949,0.0017724782468578795,0.002191427650660651,0.0026426039316790203,0.002030293264582662,0.00048340315823396714,0.00045117628101836935,0.0012407347728005157,0.0012568482114083145,0.0035127296165001613,0.00029004189494038026,0.00025781501772478247,0.003142120528520786,8.056719303899453e-05,0.001981952948759265,0.00011279407025459234,0.0012246213341927166,0.0029809861424427973,0.0004350628424105704,1.6113438607798904e-05,0.00022558814050918467,0.0016113438607798904,0.001498549790525298,0.00025781501772478247,0.00030615533354817916,0.0012890750886239124,0.0012085078955849178,0.001981952948759265,0.001981952948759265,3.222687721559781e-05,3.222687721559781e-05,0.0004189494038027715,6.445375443119562e-05,0.0010634869481147278,0.0010473735095069287,0.0009829197550757331,0.000338382210763777,0.000499516596841766,0.000338382210763777,0.000499516596841766,0.0022558814050918467,0.00029004189494038026,0.0012246213341927166,1.6113438607798904e-05,0.001498549790525298,3.222687721559781e-05,0.00046728971962616824,0.0013696422816629069,0.0005478569126651627,0.0014824363519174992,9.668063164679343e-05,0.00019336126329358685,3.222687721559781e-05,0.0016596841766032871,0.00045117628101836935,0.00024170157911698357,0.00025781501772478247,3.222687721559781e-05,1.6113438607798904e-05,0.001530776667740896,0.0006284241057041573,0.0007734450531743474,0.0,0.0,0.0008701256848211408,0.00027392845633258137,0.0,0.001530776667740896,1.6113438607798904e-05,0.0,0.0,0.0023525620367386402,0.001015146632291331,0.0011279407025459234,0.000837898807605543,0.0014179825974863036,0.00012890750886239123,0.00025781501772478247,0.001160167579761521,0.0011118272639381243,0.0009829197550757331,1.6113438607798904e-05,0.00011279407025459234,0.0009829197550757331,0.000338382210763777,0.0013213019658395101,3.222687721559781e-05,0.00014502094747019013,8.056719303899453e-05,0.000837898807605543,1.6113438607798904e-05,0.00045117628101836935,0.00045117628101836935,0.0005156300354495649,0.00025781501772478247,0.0005317434740573639,0.001160167579761521,0.0,0.0,3.222687721559781e-05,8.056719303899453e-05,0.0013213019658395101,0.000499516596841766,0.00012890750886239123,0.0007734450531743474,6.445375443119562e-05,0.0004350628424105704,8.056719303899453e-05,0.00012890750886239123,0.00012890750886239123,0.00045117628101836935,0.00017724782468578795,0.001353528843055108,0.00019336126329358685,0.0009506928778601353,0.0004350628424105704,0.001015146632291331,0.0006606509829197551,8.056719303899453e-05,6.445375443119562e-05,0.0,0.0,0.0006123106670963583,0.0006445375443119562,0.0005639703512729617,0.00046728971962616824,0.0,0.0010473735095069287,0.000499516596841766,0.0018047051240734774,0.00048340315823396714,0.0006123106670963583,0.0006284241057041573,0.0006123106670963583,0.0,0.0,0.00012890750886239123,0.0012246213341927166,0.00029004189494038026,0.0005478569126651627,0.0006606509829197551,0.00029004189494038026,0.0005478569126651627,0.0,0.0003867225265871737,0.0007734450531743474,0.00027392845633258137,0.000837898807605543,0.00022558814050918467,0.0011279407025459234,0.0008540122462133419,0.00012890750886239123,0.0017080244924266839,0.0003222687721559781,0.00046728971962616824,0.0005961972284885595,0.00014502094747019013,0.0007734450531743474,0.00025781501772478247,0.000999033193683532,0.0007251047373509507,0.0009023525620367387,0.00019336126329358685,8.056719303899453e-05,0.00020947470190138575,0.0,0.0005800837898807605,0.00025781501772478247,0.00011279407025459234,0.00011279407025459234,0.0005478569126651627,9.668063164679343e-05,0.0005800837898807605,4.834031582339671e-05,0.00030615533354817916,0.0003706090879793748,9.668063164679343e-05,0.0008056719303899452,0.00024170157911698357,4.834031582339671e-05,0.00029004189494038026,0.00025781501772478247,0.000676764421527554,0.0012085078955849178,0.0006284241057041573,0.0010473735095069287,0.00011279407025459234,0.0005317434740573639,0.00012890750886239123,0.001853045439896874,0.00012890750886239123,0.00012890750886239123,0.00025781501772478247,0.0003706090879793748,9.668063164679343e-05,9.668063164679343e-05,9.668063164679343e-05,0.0006928778601353529,0.0005156300354495649,0.0006928778601353529
libanius_orations,0.0009876229998369063,0.00041679502745410726,0.0011643078484315822,0.0031033108022398203,0.004145298370875088,0.001318340793360274,0.0012277331786963376,0.0003533696971893518,0.0004032038852545168,0.0033524817425656453,0.0,0.0,0.0022606599858652123,0.00041679502745410726,0.0021474004675352916,0.0006569052063135386,0.001567511733686099,0.0031395538481053947,4.077342659877136e-05,4.530380733196818e-06,0.000348839316456155,0.0004349165503868945,0.0015312686878205244,0.0003307177935233677,0.00033977855498976134,4.530380733196818e-06,0.0010601090915680553,0.001567511733686099,0.002867731004113586,4.530380733196818e-06,4.9834188065164994e-05,7.701647246434591e-05,0.0005028722613848467,0.0005753583531159959,0.0005662975916496023,0.0011008825181668268,0.0006750267292463259,0.0008064077705090336,0.000149502564195495,9.966837613032999e-05,0.0016898320134824132,0.0005436456879836181,0.0034657412608955656,9.060761466393635e-06,0.0008290596741750176,6.795571099795227e-05,0.0009649710961709222,0.0008109381512422304,0.0013545838392258485,0.0019072902886758604,0.00021745827519344726,0.00018574561006106952,9.513799539713318e-05,0.0021564612290016854,0.0005844191145823895,0.00021745827519344726,4.530380733196818e-05,8.154685319754272e-05,3.171266513237773e-05,0.0012005508942971568,0.0006659659677799322,0.0013500534584926518,9.060761466393635e-06,0.0,0.0016581193483500352,0.0005164634035844372,0.0,0.0017623181052135622,0.0,0.0,0.0,0.0019843067611402063,0.0029311563343783413,0.0018257434354783176,0.001418009169490604,0.001712483917148397,9.966837613032999e-05,0.0004711595962524691,0.0015222079263541308,0.0022334777014660313,0.0007792254861098527,0.0004349165503868945,1.3591142199590454e-05,0.001069169853034449,0.0017034231556820034,0.0015357990685537213,6.342533026475545e-05,0.0009241976695721508,0.00018121522932787272,0.0009604407154377254,2.265190366598409e-05,0.00016309370639508544,0.00016309370639508544,0.00018121522932787272,5.8894949531558635e-05,0.0009106065273725603,0.0013998876465578167,4.530380733196818e-06,4.530380733196818e-06,4.530380733196818e-06,6.795571099795227e-05,0.0014225395502238008,0.00029900512839099,9.060761466393636e-05,0.0004349165503868945,0.00022651903665984088,0.001141655944765598,0.000770164724643459,0.00015403294492869182,0.00012232027979631408,0.0012232027979631407,0.0001268506605295109,0.0015946940180852798,0.00027635322472500587,0.000919667288838954,0.0004756899769856659,0.0011869597520975663,0.0008788938622401826,6.795571099795227e-05,9.060761466393635e-06,0.0,0.0,0.00031259627059058043,0.00022651903665984088,0.0008245292934418208,0.0,4.530380733196818e-06,0.000348839316456155,0.00014044180272910136,0.0009106065273725603,0.00041679502745410726,0.00022651903665984088,0.0003533696971893518,0.00023557979812623454,0.0,0.0,1.3591142199590454e-05,0.00059801025678198,0.0002038671329938568,5.8894949531558635e-05,0.00023557979812623454,0.0006523748255803418,0.00039867350452131995,4.530380733196818e-05,0.00039867350452131995,0.0011099432796332204,0.0017079535364152004,0.0006433140641139482,0.0005934798760487832,0.00027182284399180907,0.0006569052063135386,9.966837613032999e-05,0.0006840874907127195,5.8894949531558635e-05,0.0013092800318938805,0.0015040864034213436,0.0009423191925049382,0.0008562419585741985,0.0012096116557635504,0.0009559103347045286,0.0006523748255803418,0.00030806588985738363,0.00038961274305492635,0.00016762408712828227,0.0005255241650508308,4.530380733196818e-06,0.0005934798760487832,0.0005753583531159959,0.00012232027979631408,0.000149502564195495,0.00014497218346229816,8.607723393073953e-05,0.0014225395502238008,4.530380733196818e-06,0.0004077342659877136,0.0006251925411811609,0.00016762408712828227,0.0012367939401627312,0.000348839316456155,4.9834188065164994e-05,9.513799539713318e-05,0.0009649710961709222,0.00017215446786147907,0.0008335900549082145,0.0007520432017106718,0.0020522624721381584,7.248609173114908e-05,0.0003850823623217295,0.0001313810412627077,0.0016988927749488068,0.0003579000779225486,0.00018574561006106952,5.4364568798361814e-05,0.00045303807331968177,8.154685319754272e-05,7.248609173114908e-05,7.248609173114908e-05,0.0002627620825254154,0.0008562419585741985,0.000520993784317634
polybius_histories,0.0020452032444887767,0.0004536304612854753,0.00401566056069756,0.006365002409911826,0.003444756315386578,0.0007590577889123436,0.0007294171621806222,0.0007603465118137229,0.0007603465118137229,0.005286341341457442,0.0,0.0,0.0035465654245955343,0.004237320899734781,0.001043865550117145,0.00027707542379652614,0.0004600740757923713,0.004034991404218248,0.00012500612143378156,4.7682747351030076e-05,0.00011340761532136883,0.00029640626731721397,0.0013067650219985,0.0017745714351991464,0.0018209654596487972,0.0,0.0006276080529716661,0.0021070619437549777,0.004130356898920308,3.866168704137574e-06,1.2887229013791912e-05,0.0008814864645433668,6.701359087171794e-05,0.0013016101303929832,0.00117918145476196,0.0005116229918475389,0.00034924390627376085,0.0003531100749778984,0.00015980163977101971,1.1598506112412721e-05,0.00248594647676046,0.00015593547106688215,0.0012358852624226443,1.2887229013791912e-06,0.0019524151955894748,0.00010825272371585206,0.0004910034254254718,0.0018750918215067233,0.0005399748956778812,0.0011005693577778293,2.8351903830342207e-05,9.794294050481853e-05,9.794294050481853e-05,0.0017487969771715626,0.0014459470953474525,0.0001778437603903284,0.00012242867563102316,0.00015206930236274458,8.89218801951642e-05,0.002560692405040453,0.0006624035713089043,0.0013325394800260838,6.443614506895956e-06,0.0,0.0005812140285220153,6.959103667447633e-05,0.0,0.0009987602485688732,0.0,0.0,0.0,0.0027926625272887075,0.0009485000554150848,0.0012075333585923021,0.0010515978875254202,0.0020928859918398065,9.021060309654339e-06,6.056997636482199e-05,0.0009124158141764674,0.0011031468035805876,0.0018351414115639684,9.407677180068097e-05,7.603465118137229e-05,0.0007886984156440651,0.00016366780847515728,0.0020915972689384272,1.2887229013791912e-05,0.0003737296413999655,0.0001765550374889492,0.0013827996731798722,2.190828932344625e-05,0.00024614607416342555,0.00024614607416342555,0.0004291447261592707,5.7992530562063606e-05,0.0002538784115717007,0.0016418329763570895,0.0,0.0,6.443614506895956e-06,2.96406267317214e-05,0.0009407677180068096,0.002143146184993595,4.38165786468925e-05,0.0004948695941296094,6.314742216758038e-05,0.0003647085810903111,0.00015464674816550295,2.96406267317214e-05,0.00016366780847515728,0.000384039424610999,7.603465118137229e-05,0.0003698634726958279,0.00014691441075722782,0.0006662697400130419,0.00036084241238617355,0.0009974715256674941,0.0006881780293364881,2.96406267317214e-05,1.6753397717929486e-05,0.0,0.0,0.000613432101056495,0.0002822303154020429,0.0010219572607936987,1.2887229013791912e-06,6.443614506895956e-06,0.0013376943716316004,0.0002835190383034221,0.0031702583373928103,0.0006508050651964916,0.0003376454001613481,0.00030413860472548916,0.0003376454001613481,0.0,0.0,0.00034666646047100245,0.0005889463659302904,0.00014304824205309022,1.4175951915171104e-05,0.0013712011670674595,0.0002242377848399793,0.0001623790855737781,0.0007423043911944142,0.00015593547106688215,0.0008428247775019911,0.0003479551833723816,0.001078661068454383,0.00014304824205309022,0.0007693675721233772,0.001078661068454383,0.0001340271817434359,0.0020387596299818807,0.00011598506112412721,0.0006430727277882165,0.0003144483879365227,0.0001623790855737781,0.00038017325590686144,0.0003621311352875527,6.572486797033876e-05,0.0002049069413192914,0.0007423043911944142,0.00016753397717929488,0.0005116229918475389,0.0001043865550117145,0.0,0.0006572486797033876,0.0004123913284413412,0.0001894422665027411,3.350679543585897e-05,0.0003982153765261701,0.0010528866104267992,0.00029382882151445563,2.7063180928963016e-05,7.087975957585553e-05,0.00038919431621651574,2.96406267317214e-05,0.0004123913284413412,0.0003531100749778984,1.6753397717929486e-05,0.00017140014588343244,0.0006856005835337298,0.00014433696495446942,0.0014562568785584861,0.0008930849706557795,0.0005219327750585725,0.00023068139934687523,0.00014949185655998618,7.087975957585553e-05,0.00041368005134272037,0.0001030978321103353,0.00027449797799376774,4.897147025240927e-05,0.0003221807253447978,0.0002061956642206706,0.0002061956642206706,0.00022810395354411686,0.0004317221719620291,0.0005618831850013274,0.00048069364221443834
mark_gospel,0.012518872672370408,0.0074861600402617015,0.005095621540010065,0.004592350276799195,0.0008178158027176649,0.00031454453950679415,0.00031454453950679415,0.0013839959738298944,0.0013839959738298944,0.005598892803220936,0.002264720684448918,0.002264720684448918,0.0009436336185203825,0.00031454453950679415,0.006731253145445395,6.290890790135883e-05,0.002264720684448918,0.002201811776547559,0.0,0.0,0.0016356316054353297,0.0005661801711122295,0.0018243583291394062,6.290890790135883e-05,0.00012581781580271766,0.000377453447408153,0.005976346250629089,0.000754906894816306,0.003019627579265224,0.0,0.0,0.0010065425264217413,0.0013210870659285355,0.0015727226975339708,0.0013210870659285355,0.004089079013588324,0.0015727226975339708,0.0020759939607448413,0.0,0.0006919979869149472,0.000377453447408153,0.0,0.0006919979869149472,0.0,0.0,6.290890790135883e-05,6.290890790135883e-05,0.0,0.0005661801711122295,0.00031454453950679415,0.00031454453950679415,0.000377453447408153,0.0,0.0010065425264217413,0.0002516356316054353,0.0005032712632108706,0.0,0.0,0.0,0.001132360342224459,0.003019627579265224,0.0001887267237040765,0.0,0.0,0.0008178158027176649,0.0,0.0001887267237040765,0.000754906894816306,6.290890790135883e-05,0.0,0.0,0.001509813789632612,0.0006919979869149472,0.0006919979869149472,0.001446904881731253,0.0016985405133366884,0.0,0.0,0.0001887267237040765,0.002201811776547559,0.0010065425264217413,0.0,0.00012581781580271766,0.0010065425264217413,0.001132360342224459,0.0016985405133366884,0.0,0.0009436336185203825,0.0008807247106190236,0.0004403623553095118,0.0,0.0005661801711122295,0.0005661801711122295,0.0010694514343231002,6.290890790135883e-05,0.0008178158027176649,0.003334172118772018,0.0,0.0,0.0011952692501258177,0.0,0.0006919979869149472,0.00012581781580271766,0.0010065425264217413,0.00031454453950679415,0.0005661801711122295,0.0001887267237040765,0.00031454453950679415,0.0017614494212380473,6.290890790135883e-05,0.0002516356316054353,0.0,0.0002516356316054353,0.00031454453950679415,0.0010065425264217413,0.0006919979869149472,0.00031454453950679415,0.0,0.0,0.0,6.290890790135883e-05,6.290890790135883e-05,0.0010694514343231002,0.0012581781580271766,0.000754906894816306,0.0004403623553095118,0.0,0.0005661801711122295,6.290890790135883e-05,0.002327629592350277,0.0021389028686462004,0.0012581781580271766,0.003019627579265224,0.0012581781580271766,0.0,0.0,0.0006290890790135883,0.000377453447408153,0.00031454453950679415,0.0004403623553095118,0.000754906894816306,0.0005661801711122295,0.0008178158027176649,0.0,0.003019627579265224,0.0002516356316054353,0.0005032712632108706,6.290890790135883e-05,0.0,0.00012581781580271766,6.290890790135883e-05,6.290890790135883e-05,0.0011952692501258177,6.290890790135883e-05,0.0008178158027176649,0.0008178158027176649,6.290890790135883e-05,0.00031454453950679415,6.290890790135883e-05,0.00012581781580271766,0.0005032712632108706,0.0027679919476597888,0.00012581781580271766,0.0012581781580271766,0.0004403623553095118,0.0,0.0002516356316054353,0.00012581781580271766,0.0,0.00012581781580271766,0.0010065425264217413,0.0,0.0008178158027176649,6.290890790135883e-05,0.0015727226975339708,6.290890790135883e-05,0.00012581781580271766,0.0006919979869149472,0.0005661801711122295,0.0005032712632108706,0.0,0.00012581781580271766,0.0010694514343231002,0.0001887267237040765,0.0004403623553095118,0.0008178158027176649,0.00031454453950679415,0.0008178158027176649,0.0027050830397584297,0.000377453447408153,6.290890790135883e-05,0.00012581781580271766,0.0,0.0,0.0,0.0,0.0,6.290890790135883e-05,0.0001887267237040765,6.290890790135883e-05
matthew_gospel,0.009929619728299416,0.007038027170058378,0.0062742102678815,0.003928201211195374,0.0007092585520213869,0.0001091167003109826,0.0001091167003109826,0.0021823340062196517,0.0021823340062196517,0.003928201211195374,0.0026733591576190738,0.002727917507774565,0.0005455835015549129,5.45583501554913e-05,0.0030552676087075127,0.0002182334006219652,0.003273501009329478,0.0017458672049757216,0.0001636750504664739,0.0001636750504664739,0.0037645261607288996,0.0007638169021768782,0.0021277756560641606,0.0001091167003109826,0.0003273501009329478,0.0004910251513994217,0.002346009056686126,0.0007638169021768782,0.000927491952643352,0.0,0.0,0.002346009056686126,0.0022368923563751432,0.0021277756560641606,0.0020732173059086695,0.0033826177096404606,0.002346009056686126,0.0026188008074635822,5.45583501554913e-05,0.0004364668012439304,0.0007092585520213869,0.0003273501009329478,0.0006547002018658956,0.0,0.0004910251513994217,0.0001091167003109826,5.45583501554913e-05,0.0004910251513994217,0.0008729336024878608,0.000927491952643352,0.0022368923563751432,0.0010366086529543348,0.0,0.0004910251513994217,0.0004910251513994217,0.0006001418517104042,5.45583501554913e-05,0.0,0.0,0.000927491952643352,0.0019095422554421954,0.0001636750504664739,0.0,0.0,0.0008183752523323695,0.0004364668012439304,0.0006001418517104042,0.0004364668012439304,0.0002182334006219652,0.0001091167003109826,0.0001091167003109826,0.0013094004037317911,0.0006547002018658956,0.0012002837034208085,0.0010911670031098259,0.003273501009329478,0.0,0.0003819084510884391,0.0007092585520213869,0.0013094004037317911,0.0007638169021768782,0.0,0.0001091167003109826,0.0005455835015549129,0.001636750504664739,0.0015821921545092477,5.45583501554913e-05,0.0005455835015549129,0.002400567406841617,0.0006001418517104042,0.0001091167003109826,0.0005455835015549129,0.0005455835015549129,0.0008729336024878608,0.0003273501009329478,0.0003819084510884391,0.001854983905286704,0.0,0.0,0.0015821921545092477,0.0,0.0004910251513994217,5.45583501554913e-05,0.0010366086529543348,0.0001636750504664739,0.0009820503027988434,0.0007638169021768782,0.0001636750504664739,0.0013094004037317911,0.0001636750504664739,0.0008729336024878608,0.0,0.0004364668012439304,0.0004364668012439304,0.0012548420535762998,0.0008183752523323695,0.0002182334006219652,0.0001636750504664739,0.0,5.45583501554913e-05,0.00027279175077745646,0.00027279175077745646,0.0019095422554421954,0.0015276338043537564,0.0009820503027988434,0.0005455835015549129,0.0,0.0009820503027988434,0.0004910251513994217,0.001964100605597687,0.0014185171040427737,0.0015276338043537564,0.0018004255551312127,0.0015276338043537564,0.0,0.0,0.0004364668012439304,0.0008183752523323695,0.0003819084510884391,0.0006001418517104042,0.0006001418517104042,0.00027279175077745646,0.0012002837034208085,0.0,0.0009820503027988434,0.0002182334006219652,0.0004910251513994217,0.0003819084510884391,0.0,0.0002182334006219652,0.0003819084510884391,5.45583501554913e-05,0.0011457253532653172,0.00027279175077745646,0.0001636750504664739,0.0012548420535762998,0.0003273501009329478,0.0006547002018658956,0.0001636750504664739,5.45583501554913e-05,0.0003819084510884391,0.001473075454198265,0.0003819084510884391,0.0007092585520213869,0.0006547002018658956,0.0,0.0003273501009329478,0.00027279175077745646,0.0,0.0003273501009329478,0.0007092585520213869,0.0,0.0012548420535762998,5.45583501554913e-05,0.002400567406841617,0.0,0.0001091167003109826,0.0007638169021768782,0.0003273501009329478,0.0007092585520213869,0.0,0.0001091167003109826,0.0005455835015549129,0.0003273501009329478,0.0006547002018658956,0.0004910251513994217,0.0,0.0012002837034208085,0.0007638169021768782,0.00027279175077745646,0.0002182334006219652,5.45583501554913e-05,5.45583501554913e-05,0.0001091167003109826,0.0,0.0,0.0,0.0001636750504664739,0.0004910251513994217,5.45583501554913e-05
luke_gospel,0.010021369095866185,0.006779161447203596,0.00582123646009874,0.003168521111192985,0.0016211038243312947,0.0005158057622872301,0.0004421192248176258,0.0028000884238449635,0.0028000884238449635,0.0030211480362537764,0.0014000442119224818,0.0014000442119224818,0.0013263576744528775,0.0,0.005747549922629136,0.0004421192248176258,0.0025790288114361506,0.0030948345737233807,0.0003684326873480215,0.0003684326873480215,0.0018421634367401076,0.0003684326873480215,0.002136909586618525,0.0002210596124088129,0.0003684326873480215,0.0002947461498784172,0.004421192248176258,0.0013263576744528775,0.002947461498784172,0.0,0.0,0.0017684768992705033,0.0022842826615577334,0.0016211038243312947,0.0015474172868616904,0.002873774961314568,0.0011052980620440645,0.001473730749392086,0.0002210596124088129,0.0012526711369832732,0.0005158057622872301,0.0004421192248176258,0.0010316115245744602,0.0,0.0004421192248176258,0.0,7.36865374696043e-05,0.0004421192248176258,0.000736865374696043,0.001694790361800899,0.0016211038243312947,0.0008842384496352516,0.0,0.0013263576744528775,0.0005158057622872301,0.0004421192248176258,7.36865374696043e-05,0.0,0.0,0.0010316115245744602,0.0009579249871048559,0.000736865374696043,0.0,0.0,0.0008105519121656473,7.36865374696043e-05,0.0002947461498784172,0.0011789845995136689,0.0,0.0002210596124088129,0.0002210596124088129,0.001694790361800899,0.0011052980620440645,0.0013263576744528775,0.001694790361800899,0.0028000884238449635,7.36865374696043e-05,7.36865374696043e-05,0.0008842384496352516,0.0008105519121656473,0.0008105519121656473,0.0,7.36865374696043e-05,0.0005158057622872301,0.000736865374696043,0.0019158499742097119,0.0,0.0001473730749392086,0.002431655736496942,0.0002947461498784172,0.0,0.0006631788372264387,0.0006631788372264387,0.0023579691990273377,0.000736865374696043,0.0001473730749392086,0.0014000442119224818,0.0,0.0,0.000736865374696043,0.0,0.0011052980620440645,0.0002210596124088129,0.0008842384496352516,0.0004421192248176258,0.0008105519121656473,0.0008105519121656473,0.0002947461498784172,0.0009579249871048559,0.0002947461498784172,0.0005158057622872301,0.0001473730749392086,0.0002210596124088129,0.0002947461498784172,0.000736865374696043,0.0011789845995136689,0.0004421192248176258,7.36865374696043e-05,0.0,0.0,0.0001473730749392086,0.0001473730749392086,0.0014000442119224818,0.0011052980620440645,0.0011052980620440645,0.000736865374696043,0.0,0.0010316115245744602,0.0008105519121656473,0.001989536511679316,0.0012526711369832732,0.0011052980620440645,0.0010316115245744602,0.0011052980620440645,0.0,0.0,0.0003684326873480215,0.0003684326873480215,0.0005894922997568344,0.0008105519121656473,0.0013263576744528775,0.0002947461498784172,0.000736865374696043,0.0,0.0020632230491489205,0.0004421192248176258,0.0005158057622872301,0.0002210596124088129,0.0,0.0,0.0002210596124088129,0.0,0.0011789845995136689,0.0006631788372264387,0.0003684326873480215,0.0005158057622872301,0.0008842384496352516,0.0002947461498784172,0.0002210596124088129,0.0005158057622872301,0.0005158057622872301,0.0015474172868616904,0.0001473730749392086,0.0014000442119224818,0.0002210596124088129,0.0,0.0006631788372264387,0.0004421192248176258,7.36865374696043e-05,7.36865374696043e-05,0.001989536511679316,0.0,0.0005158057622872301,0.0,0.002210596124088129,0.0002210596124088129,0.0,0.0005158057622872301,0.0002210596124088129,0.0003684326873480215,0.0,0.0002210596124088129,0.0008105519121656473,0.0004421192248176258,0.0004421192248176258,0.0006631788372264387,0.0001473730749392086,0.000736865374696043,0.0018421634367401076,0.0005158057622872301,0.0001473730749392086,0.0002947461498784172,7.36865374696043e-05,0.0001473730749392086,0.0,0.0,0.0,0.0002210596124088129,0.000736865374696043,0.0001473730749392086
diogenes_laertius_lives,0.0026000700959336208,0.0018176038601667632,0.0006928086462519052,0.0026000700959336208,0.004580687755218479,0.003325481502009145,0.003219522532582383,0.00036678104801571456,0.00036678104801571456,0.002322946637432859,0.0,0.0,0.006593908174326956,2.44520698677143e-05,0.0024126042269478113,0.00013856172925038105,0.0015730831614896201,0.002135480768447049,0.00022821931876533348,1.6301379911809533e-05,0.000350479668103905,0.0011003431440471435,0.0010921924540912389,0.0002771234585007621,0.00036678104801571456,0.0,0.0017279462706518106,0.0014508228121510485,0.003757468069672098,0.0,6.520551964723813e-05,8.965758951495244e-05,0.0,0.0004075344977952384,0.0003912331178834288,0.001328562462812477,0.0021110286985793346,0.001328562462812477,0.00016301379911809534,8.150689955904767e-05,0.0011003431440471435,0.0003993838078393336,0.0015486310916219058,1.6301379911809533e-05,0.001051439004311715,4.0753449779523834e-05,0.0005786989868692384,0.000978082794708572,0.0007091100261637147,0.001328562462812477,8.150689955904767e-06,2.44520698677143e-05,0.0006846579562960005,0.0010758910741794294,0.0002526713886330478,0.00013856172925038105,9.78082794708572e-05,0.0009210279650172387,0.0005460962270456194,0.0014997269518864772,0.0009210279650172387,0.002306645257521049,4.89041397354286e-05,0.0,0.0014100693623715248,0.00022006862880942873,0.0,0.001018836244488096,0.0,0.0,0.0,0.001972466969328954,0.0012307541833416198,0.001295959702988858,0.0006194524366487623,0.0011818500436061913,6.520551964723813e-05,0.00016301379911809534,0.000986233484664477,0.0011003431440471435,0.0007335620960314291,0.00015486310916219058,4.0753449779523834e-05,0.0012389048732975247,0.00023637000872123827,0.0012796583230770485,4.0753449779523834e-05,0.0006928086462519052,0.00011410965938266674,0.0008476717554140958,3.2602759823619066e-05,0.00028527414845666685,0.00028527414845666685,0.00038308242792752407,4.0753449779523834e-05,0.0009210279650172387,0.0017931517902990488,8.150689955904767e-06,8.150689955904767e-06,0.0,0.00015486310916219058,0.0007417127859873339,0.00047274001744247653,0.00013856172925038105,0.0005053427772660955,8.150689955904767e-06,0.00045643863753066697,0.0007661648558550481,9.78082794708572e-05,0.00043198656766295265,0.0009047265851054292,0.0001222603493385715,0.0010677403842235245,0.00028527414845666685,0.0007172607161196195,0.0005786989868692384,0.001996919039196668,0.0004238358777070479,0.00015486310916219058,5.705482969133337e-05,0.0,0.0,0.0002037672488976192,0.0004482879475747622,0.0005623976069574289,0.0,1.6301379911809533e-05,0.0006031510567369528,0.0001956165589417144,0.000986233484664477,0.0005460962270456194,0.00038308242792752407,0.0004482879475747622,0.00038308242792752407,0.0,0.0,0.00015486310916219058,0.001336713152768382,0.0001467124192062858,0.00013856172925038105,0.0001956165589417144,0.00070095933620781,0.0003015755283684764,0.00015486310916219058,0.0006113017466928576,0.0011736993536502864,0.0004075344977952384,0.0004238358777070479,0.0001222603493385715,0.0008965758951495244,0.0004238358777070479,0.00041568518775114314,0.0014263707422833343,4.89041397354286e-05,0.0005297948471338099,0.0002934248384125716,0.0008639731353259053,0.0003993838078393336,0.00047274001744247653,0.0002526713886330478,0.0005705482969133337,0.0003749317379716193,0.0003015755283684764,7.33562096031429e-05,0.00013856172925038105,3.2602759823619066e-05,0.0004971920873101908,0.0003015755283684764,0.0002526713886330478,0.00047274001744247653,0.00038308242792752407,0.00011410965938266674,0.0002526713886330478,0.0003015755283684764,0.0002526713886330478,0.0003260275982361907,0.0003260275982361907,0.0009454800348849531,0.0004075344977952384,0.00013041103929447626,0.0001467124192062858,0.0004971920873101908,0.0002771234585007621,0.0006520551964723814,0.0009536307248408578,0.0007824662357668576,0.0007987676156786672,0.000244520698677143,0.00035863035805980975,0.0007417127859873339,0.0004075344977952384,0.0001467124192062858,8.965758951495244e-05,0.0005297948471338099,0.00013041103929447626,0.00013041103929447626,0.00013856172925038105,0.0004238358777070479,0.0003178769082802859,0.0003015755283684764
