chunk_id,unit,date_bce,sigma,genre,register,n_words,frac_ani,rate_anochi,rate_ani,frac_she,rate_asher,frac_ein,rate_neg_al,frac_neg_al,rate_neg_lo,rate_ki,rate_gam,rate_lakhen,rate_hinne,rate_atta,rate_az,rate_af,rate_wayyiqtol,rate_qatal,rate_yiqtol,rate_ptca,rate_ptcp,rate_inf_abs,rate_inf_con,rate_impv,rate_jussive,rate_cohort,rate_qal,rate_hiphil,rate_piel,rate_niphal,rate_hithpael,rate_hophal,frac_baqash,rate_baqash,rate_shaal,frac_qahal,rate_hayah,rate_amar,rate_natan,rate_halak,rate_const,rate_prs,rate_pl_noun,rate_f_noun,frac_anachnu,rate_pen,rate_terem,rate_na,frac_halak_piel,frac_ysf_qal,frac_niphal,frac_yld_nif,frac_zaqaq,rate_ut_nouns,frac_nmcl,frac_fronted,frac_cpen,frac_ptcp_cl,frac_infc,frac_wqtl_wayq,rate_cpen_1k,frac_sv,frac_null_subj,frac_ov
Amos_c000,Amos,760,20,prophecy,SBH,1017,0.2,3.9331366764995086,0.9832841691248771,0.0,9.83284169124877,0.0967741935483871,2.949852507374631,0.0967741935483871,27.53195673549656,4.916420845624385,1.9665683382497543,0.9832841691248771,1.9665683382497543,0.0,0.0,0.9832841691248771,6.88298918387414,76.6961651917404,44.24778761061947,16.715830875122908,0.9832841691248771,0.9832841691248771,17.699115044247787,15.732546705998034,0.0,0.0,113.07767944936087,40.31465093411996,16.715830875122908,9.83284169124877,0.0,0.0,,0.0,0.0,,1.9665683382497543,18.682399213372666,2.949852507374631,4.916420845624385,97.34513274336283,86.5290068829892,83.57915437561455,79.64601769911505,,0.0,0.0,0.0,0.0,,0.0546448087431694,,,2.949852507374631,,,,,,,0.0,,,
Amos_c001,Amos,760,20,prophecy,SBH,1006,0.0,1.9880715705765406,0.0,0.0,4.970178926441352,0.08,5.964214711729622,0.20689655172413793,22.86282306163022,15.904572564612325,0.9940357852882703,4.970178926441352,7.952286282306162,0.9940357852882703,0.0,0.9940357852882703,11.928429423459244,64.61232604373758,44.73161033797217,38.767395626242546,1.9880715705765406,1.9880715705765406,12.922465208747514,20.874751491053676,0.0,0.0,144.1351888667992,31.80914512922465,8.946322067594433,10.934393638170976,0.9940357852882703,0.9940357852882703,,0.0,0.0,,6.958250497017893,20.874751491053676,0.0,1.9880715705765406,74.55268389662027,81.51093439363817,66.60039761431412,52.68389662027833,,0.9940357852882703,0.0,1.9880715705765406,0.0,0.0,0.05527638190954774,,,0.9940357852882703,,,,,,,0.0,,,
Amos_c002,Amos,760,20,prophecy,SBH,757,0.0,5.284015852047556,0.0,0.0,3.963011889035667,0.0,6.605019815059445,0.2,26.42007926023778,6.605019815059445,0.0,1.321003963011889,6.605019815059445,1.321003963011889,0.0,0.0,13.21003963011889,62.087186261558784,58.124174372523115,31.704095112285337,0.0,2.642007926023778,14.531043593130779,7.926023778071334,0.0,0.0,118.89035667107001,35.667107001321,10.568031704095112,21.136063408190225,2.642007926023778,0.0,1.0,1.321003963011889,0.0,,1.321003963011889,15.852047556142669,1.321003963011889,2.642007926023778,72.6552179656539,77.93923381770146,51.51915455746367,58.124174372523115,,0.0,0.0,0.0,0.0,0.0,0.1111111111111111,,,1.321003963011889,,,,,,,0.0,,,
Hosea_c000,Hosea,745,25,prophecy,SBH,1011,0.3333333333333333,3.956478733926805,1.9782393669634024,0.0,5.934718100890208,0.25806451612903225,10.880316518298715,0.3235294117647059,22.74975272007913,21.76063303659743,3.956478733926805,2.967359050445104,1.9782393669634024,1.9782393669634024,0.9891196834817012,0.0,19.782393669634025,70.2274975272008,64.29277942631057,15.82591493570722,0.9891196834817012,6.9238377843719086,6.9238377843719086,10.880316518298715,0.0,0.0,130.56379821958458,25.717111770524234,28.684470820969338,9.891196834817013,0.0,0.0,0.6666666666666666,1.9782393669634024,0.9891196834817012,,8.902077151335313,13.847675568743817,3.956478733926805,6.9238377843719086,79.1295746785361,142.433234421365,71.2166172106825,54.40158259149357,,0.9891196834817012,0.0,0.0,0.0,0.0,0.050505050505050504,0.25,,3.956478733926805,,,,,,,0.0,,,
Hosea_c001,Hosea,745,25,prophecy,SBH,1027,0.75,1.9474196689386563,5.8422590068159685,0.0,1.9474196689386563,0.17857142857142858,10.710808179162608,0.3235294117647059,22.39532619279455,24.342745861733203,3.8948393378773125,0.0,0.9737098344693281,6.815968841285297,0.0,0.9737098344693281,9.737098344693282,91.52872444011685,84.71275559883155,22.39532619279455,5.8422590068159685,0.9737098344693281,9.737098344693282,7.789678675754625,0.0,0.0,169.4255111976631,27.26387536514119,20.44790652385589,11.684518013631937,2.9211295034079843,0.0,1.0,2.9211295034079843,0.0,0.0,10.710808179162608,0.9737098344693281,0.9737098344693281,9.737098344693282,61.343719571567675,142.1616358325219,70.10710808179164,46.73807205452775,,0.0,0.0,0.0,0.0,,0.0502092050209205,0.0,,1.9474196689386563,,,,,,,0.0,,,
Hosea_c002,Hosea,745,25,prophecy,SBH,1108,0.4444444444444444,4.512635379061372,3.6101083032490977,0.0,3.6101083032490977,0.1,7.220216606498195,0.3076923076923077,16.24548736462094,19.855595667870038,3.6101083032490977,0.9025270758122744,0.0,2.707581227436823,0.0,2.707581227436823,12.63537906137184,61.371841155234655,98.3754512635379,21.660649819494584,4.512635379061372,2.707581227436823,12.63537906137184,13.537906137184116,0.0,0.0,157.03971119133575,24.368231046931406,22.56317689530686,10.830324909747292,1.8050541516245489,3.6101083032490977,,0.0,0.0,,6.31768953068592,6.31768953068592,6.31768953068592,4.512635379061372,54.151624548736464,159.74729241877256,75.81227436823104,52.34657039711192,,0.0,0.0,0.0,0.0,0.0,0.047619047619047616,0.0,,2.707581227436823,,,,,,,0.0,,,
Micah_c000,Micah,725,25,prophecy,SBH,1014,0.0,0.9861932938856016,0.0,0.0,7.889546351084813,0.13636363636363635,4.930966469428008,0.20833333333333334,18.737672583826427,17.75147928994083,0.0,4.930966469428008,1.9723865877712032,3.9447731755424065,0.9861932938856016,0.0,3.9447731755424065,64.1025641025641,69.03353057199212,41.42011834319527,1.9723865877712032,3.9447731755424065,3.9447731755424065,14.792899408284024,0.0,0.0,137.08086785009863,30.57199211045365,16.765285996055226,14.792899408284024,1.9723865877712032,1.9723865877712032,,0.0,0.0,1.0,7.889546351084813,7.889546351084813,1.9723865877712032,9.861932938856016,80.86785009861933,97.63313609467455,75.93688362919131,57.19921104536489,1.0,0.0,0.0,1.9723865877712032,0.0,,0.07281553398058252,0.0,,0.9861932938856016,,,,,,,0.0,,,
Micah_c001,Micah,725,25,prophecy,SBH,881,1.0,0.0,2.2701475595913734,0.0,9.080590238365494,0.21428571428571427,2.2701475595913734,0.15384615384615385,12.485811577752553,17.0261066969353,1.1350737797956867,1.1350737797956867,0.0,4.540295119182747,0.0,2.2701475595913734,3.40522133938706,55.61861520998865,86.2656072644722,32.91713961407491,1.1350737797956867,2.2701475595913734,12.485811577752553,12.485811577752553,0.0,0.0,148.69466515323495,31.782065834279226,17.0261066969353,4.540295119182747,3.40522133938706,0.0,0.0,0.0,1.1350737797956867,,12.485811577752553,2.2701475595913734,5.675368898978434,2.2701475595913734,87.40068104426787,138.4790011350738,82.86038592508513,76.049943246311,,0.0,0.0,2.2701475595913734,0.0,,0.02197802197802198,0.0,,2.2701475595913734,,,,,,,0.0,,,
Isaiah_1_c000,Isaiah_1,720,30,prophecy,SBH,1006,,0.0,0.0,0.0,7.952286282306162,0.34782608695652173,5.964214711729622,0.2857142857142857,14.910536779324055,17.892644135188867,0.9940357852882703,0.9940357852882703,0.9940357852882703,0.9940357852882703,0.0,0.9940357852882703,4.970178926441352,61.63021868787277,53.6779324055666,38.767395626242546,3.976143141153081,1.9880715705765406,14.910536779324055,19.880715705765407,0.0,0.0,124.2544731610338,24.85089463220676,13.916500994035786,27.833001988071572,1.9880715705765406,0.9940357852882703,1.0,0.9940357852882703,0.0,,11.928429423459244,4.970178926441352,0.9940357852882703,5.964214711729622,97.41550695825049,96.42147117296223,92.44532803180914,70.57654075546719,,0.0,0.0,0.9940357852882703,0.0,0.0,0.13930348258706468,,,2.982107355864811,,,,,,,0.0,,,
Isaiah_1_c001,Isaiah_1,720,30,prophecy,SBH,1001,0.3333333333333333,1.998001998001998,0.999000999000999,0.0,1.998001998001998,0.26666666666666666,0.999000999000999,0.08333333333333333,10.989010989010989,8.991008991008991,0.999000999000999,2.997002997002997,3.996003996003996,1.998001998001998,0.0,2.997002997002997,19.98001998001998,43.956043956043956,54.94505494505494,32.96703296703297,4.995004995004995,4.995004995004995,10.989010989010989,1.998001998001998,0.0,0.0,112.88711288711288,18.98101898101898,23.976023976023978,17.982017982017982,0.0,0.999000999000999,,0.0,0.0,,11.988011988011989,6.993006993006993,0.0,2.997002997002997,81.91808191808192,91.9080919080919,74.92507492507492,80.91908091908091,,0.0,0.0,2.997002997002997,0.0,,0.10285714285714286,,,1.998001998001998,,,,,,,0.0,,,
Isaiah_1_c002,Isaiah_1,720,30,prophecy,SBH,1012,0.0,0.9881422924901185,0.0,0.0,10.869565217391305,0.16666666666666666,16.798418972332016,0.53125,14.822134387351777,11.857707509881422,1.976284584980237,1.976284584980237,4.940711462450593,0.0,0.0,0.9881422924901185,20.750988142292492,42.490118577075094,55.33596837944664,15.810276679841897,0.9881422924901185,8.893280632411068,15.810276679841897,26.6798418972332,0.0,0.0,134.38735177865613,24.703557312252965,10.869565217391305,11.857707509881422,1.976284584980237,1.976284584980237,0.0,0.0,1.976284584980237,,13.83399209486166,23.715415019762844,1.976284584980237,4.940711462450593,94.86166007905138,72.13438735177866,44.466403162055336,45.45454545454545,,0.9881422924901185,0.0,1.976284584980237,0.0,0.0,0.06349206349206349,0.0,,2.9644268774703555,,,,,,,0.0,,,
Isaiah_1_c003,Isaiah_1,720,30,prophecy,SBH,1009,1.0,0.0,0.9910802775024776,0.0,3.9643211100099105,0.043478260869565216,2.973240832507433,0.12,21.80376610505451,14.866204162537166,0.0,1.9821605550049552,1.9821605550049552,0.9910802775024776,0.0,5.946481665014866,11.892963330029731,63.42913776015857,47.571853320118926,31.714568880079284,12.88404360753221,0.0,17.839444995044598,1.9821605550049552,0.0,0.0,120.91179385530228,27.750247770069375,19.821605550049554,6.937561942517344,3.9643211100099105,0.0,,0.0,0.0,,13.875123885034688,3.9643211100099105,0.9910802775024776,0.9910802775024776,81.26858275520317,91.17938553022795,41.62537165510406,53.5183349851338,,0.0,0.0,0.0,0.0,0.0,0.037037037037037035,0.0,,2.973240832507433,,,,,,,0.0,,,
Isaiah_1_c004,Isaiah_1,720,30,prophecy,SBH,1007,1.0,0.0,0.9930486593843098,0.0,6.951340615690168,0.047619047619047616,11.916583912611719,0.375,19.8609731876862,8.937437934458789,2.9791459781529297,0.0,2.9791459781529297,0.0,0.9930486593843098,4.96524329692155,0.9930486593843098,76.46474677259185,67.52730883813307,32.77060575968222,6.951340615690168,0.0,9.9304865938431,10.923535253227408,0.0,0.0,117.17974180734856,36.74280039721946,15.888778550148956,20.85402184707051,2.9791459781529297,6.951340615690168,,0.0,0.0,,10.923535253227408,4.96524329692155,0.0,0.0,97.31876861966236,101.2909632571996,75.47169811320754,71.49950347567031,,0.0,0.0,0.0,,0.0,0.10144927536231885,0.0,,1.9860973187686195,,,,,,,0.0,,,
Isaiah_1_c005,Isaiah_1,720,30,prophecy,SBH,1030,,0.0,0.0,0.0,7.766990291262136,0.1875,8.737864077669903,0.4090909090909091,12.62135922330097,22.33009708737864,0.0,0.970873786407767,1.941747572815534,0.970873786407767,0.970873786407767,0.0,0.970873786407767,76.6990291262136,59.22330097087379,28.155339805825243,12.62135922330097,1.941747572815534,10.679611650485437,9.70873786407767,0.0,0.0,128.15533980582524,21.359223300970875,12.62135922330097,23.300970873786408,0.970873786407767,2.912621359223301,,0.0,0.0,,15.533980582524272,2.912621359223301,0.0,0.970873786407767,96.11650485436893,81.55339805825243,81.55339805825243,65.0485436893204,,0.0,0.0,0.0,0.0,0.0,0.11650485436893204,,,3.883495145631068,,,,,,,0.0,,,
Isaiah_1_c006,Isaiah_1,720,30,prophecy,SBH,1018,0.3333333333333333,1.9646365422396854,0.9823182711198427,0.0,8.840864440078585,0.16666666666666666,12.770137524557956,0.7222222222222222,4.911591355599214,7.858546168958742,0.9823182711198427,0.0,2.9469548133595285,0.0,0.0,0.0,11.787819253438114,89.3909626719057,29.469548133595286,37.32809430255403,3.929273084479371,7.858546168958742,11.787819253438114,11.787819253438114,0.0,0.0,140.47151277013754,17.68172888015717,19.646365422396855,20.628683693516702,0.0,0.9823182711198427,,0.0,0.0,,9.823182711198427,10.805500982318271,0.0,3.929273084479371,100.19646365422396,64.83300589390963,69.74459724950884,67.77996070726915,1.0,0.0,0.0,0.9823182711198427,0.0,,0.10144927536231885,0.0,,4.911591355599214,,,,,,,0.0,,,
Isaiah_1_c007,Isaiah_1,720,30,prophecy,SBH,1006,,0.0,0.0,0.0,4.970178926441352,0.21428571428571427,3.976143141153081,0.26666666666666666,10.934393638170976,15.904572564612325,0.9940357852882703,0.0,2.982107355864811,0.0,0.0,0.0,5.964214711729622,92.44532803180914,39.761431411530815,40.75546719681908,3.976143141153081,13.916500994035786,11.928429423459244,16.8986083499006,0.0,0.0,150.09940357852884,18.886679920477135,14.910536779324055,24.85089463220676,3.976143141153081,0.9940357852882703,,0.0,0.0,,14.910536779324055,5.964214711729622,1.9880715705765406,0.9940357852882703,84.49304174950298,74.55268389662027,60.63618290258449,57.65407554671968,,0.0,0.0,0.0,0.0,0.0,0.11013215859030837,0.0,,0.9940357852882703,,,,,,,0.0,,,
Isaiah_1_c008,Isaiah_1,720,30,prophecy,SBH,1013,1.0,0.0,0.9871668311944718,0.0,7.897334649555774,0.1,1.9743336623889436,0.18181818181818182,8.884501480750247,18.756169792694966,1.9743336623889436,3.948667324777887,3.948667324777887,0.0,0.0,0.0,1.9743336623889436,72.06317867719645,75.02467917077986,32.57650542941757,8.884501480750247,0.0,11.846001974333662,10.85883514313919,0.0,0.0,134.25468904244818,31.589338598223097,23.692003948667324,13.820335636722607,0.0,2.9615004935834155,,0.0,0.0,,7.897334649555774,3.948667324777887,0.9871668311944718,1.9743336623889436,74.03751233958539,101.6781836130306,43.43534057255676,73.05034550839092,,0.9871668311944718,0.0,0.0,0.0,1.0,0.06481481481481481,0.0,,6.910167818361304,,,,,,,0.0,,,
Isaiah_1_c009,Isaiah_1,720,30,prophecy,SBH,1007,,0.0,0.0,0.0,6.951340615690168,0.0,1.9860973187686195,0.0625,29.791459781529294,18.867924528301884,1.9860973187686195,6.951340615690168,3.972194637537239,3.972194637537239,0.0,0.0,8.937437934458789,67.52730883813307,62.56206554121152,31.777557100297912,3.972194637537239,5.958291956305859,23.833167825223438,18.867924528301884,0.0,0.0,148.95729890764648,30.784508440913605,13.902681231380337,19.8609731876862,5.958291956305859,2.9791459781529297,0.0,0.0,0.9930486593843098,,16.881827209533267,12.909632571996028,2.9791459781529297,0.9930486593843098,51.63853028798411,92.35352532274081,44.68718967229395,67.52730883813307,,0.9930486593843098,0.0,1.9860973187686195,0.0,0.6666666666666666,0.08888888888888889,,,2.9791459781529297,,,,,,,0.0,,,
Isaiah_1_c010,Isaiah_1,720,30,prophecy,SBH,1020,,0.0,0.0,0.0,8.823529411764707,0.058823529411764705,2.941176470588235,0.15789473684210525,15.686274509803921,12.745098039215685,1.9607843137254901,0.0,0.9803921568627451,2.941176470588235,0.0,1.9607843137254901,1.9607843137254901,60.78431372549019,68.62745098039217,48.03921568627451,3.9215686274509802,3.9215686274509802,19.607843137254903,14.705882352941176,0.0,0.0,159.80392156862743,24.509803921568626,9.803921568627452,19.607843137254903,1.9607843137254901,1.9607843137254901,,0.0,0.0,,14.705882352941176,4.901960784313726,1.9607843137254901,2.941176470588235,91.17647058823529,81.37254901960785,72.54901960784315,87.25490196078431,,0.0,0.0,0.0,0.0,,0.08849557522123894,0.0,,1.9607843137254901,,,,,,,0.0,,,
Isaiah_1_c011,Isaiah_1,720,30,prophecy,SBH,1004,,0.0,0.0,0.0,5.9760956175298805,0.14285714285714285,16.93227091633466,0.5862068965517241,11.952191235059761,14.940239043824702,0.0,0.0,2.9880478087649402,2.9880478087649402,2.9880478087649402,0.0,13.944223107569721,60.756972111553786,57.76892430278884,14.940239043824702,3.9840637450199203,2.9880478087649402,10.956175298804782,17.928286852589643,0.0,0.0,122.50996015936255,22.90836653386454,15.936254980079681,15.936254980079681,0.9960159362549801,0.9960159362549801,,0.0,0.0,,6.972111553784861,15.936254980079681,4.9800796812749,2.9880478087649402,77.68924302788845,110.55776892430279,63.745019920318725,57.76892430278884,1.0,0.9960159362549801,0.0,2.9880478087649402,0.0,,0.08695652173913043,,,1.9920318725099602,,,,,,,0.0,,,
Isaiah_1_c012,Isaiah_1,720,30,prophecy,SBH,1371,1.0,0.0,2.1881838074398248,0.0,21.152443471918307,0.047619047619047616,24.799416484318016,0.6296296296296297,14.587892049598834,10.211524434719184,0.0,0.7293946024799417,5.105762217359592,1.4587892049598834,0.0,0.7293946024799417,41.57549234135667,70.02188183807439,39.38730853391685,13.858497447118891,0.7293946024799417,2.1881838074398248,16.776075857038656,10.940919037199125,0.0,0.0,132.7498176513494,29.905178701677606,15.317286652078774,9.482129832239242,6.564551422319474,0.0,,0.0,0.0,,6.564551422319474,26.258205689277897,2.1881838074398248,2.917578409919767,83.88037928519329,110.86797957695113,72.21006564551423,55.433989788475564,,0.0,0.0,0.7293946024799417,0.0,0.5,0.048507462686567165,0.0,,2.917578409919767,,,,,,,0.0,,,
Zephaniah_c000,Zephaniah,630,20,prophecy,SBH,1037,1.0,0.0,1.9286403085824495,0.0,5.785920925747349,0.10714285714285714,2.8929604628736745,0.10714285714285714,24.108003857280618,16.393442622950822,4.821600771456123,1.9286403085824495,0.9643201542912248,0.0,1.9286403085824495,3.857280617164899,1.9286403085824495,61.716489874638384,52.07328833172613,39.537126325940214,1.9286403085824495,2.8929604628736745,10.607521697203472,11.571841851494698,0.0,0.0,109.93249758919961,27.000964320154292,20.25072324011572,20.25072324011572,0.9643201542912248,0.0,1.0,3.857280617164899,0.0,,10.607521697203472,4.821600771456123,1.9286403085824495,0.9643201542912248,114.75409836065575,94.50337512054003,62.6808100289296,69.43105110896818,,0.0,0.0,0.0,0.0,0.0,0.1111111111111111,0.0,,2.8929604628736745,,,,,,,0.0,,,
Nahum_c000,Nahum,650,25,prophecy,SBH,746,,0.0,0.0,0.0,2.680965147453083,0.4375,4.021447721179625,0.25,12.064343163538874,8.04289544235925,5.361930294906166,0.0,5.361930294906166,1.3404825737265416,0.0,2.680965147453083,5.361930294906166,76.40750670241286,48.257372654155496,60.32171581769437,6.702412868632708,8.04289544235925,2.680965147453083,17.426273458445042,0.0,0.0,113.94101876675605,21.447721179624665,41.55495978552279,22.78820375335121,6.702412868632708,5.361930294906166,1.0,2.680965147453083,0.0,,4.021447721179625,2.680965147453083,0.0,2.680965147453083,85.79088471849866,132.70777479892763,95.17426273458445,76.40750670241286,,0.0,0.0,0.0,0.0,0.0,0.10119047619047619,,,0.0,,,,,,,0.0,,,
Habakkuk_c000,Habakkuk,605,20,prophecy,SBH,897,1.0,0.0,1.1148272017837235,0.0,3.3444816053511706,0.125,4.459308807134894,0.16,23.41137123745819,17.837235228539576,1.1148272017837235,0.0,4.459308807134894,0.0,1.1148272017837235,2.229654403567447,16.72240802675585,49.05239687848383,90.3010033444816,31.21516164994426,2.229654403567447,3.3444816053511706,20.066889632107024,14.492753623188406,0.0,0.0,151.6164994425864,31.21516164994426,28.985507246376812,6.688963210702341,5.574136008918618,0.0,,0.0,0.0,,3.3444816053511706,3.3444816053511706,1.1148272017837235,3.3444816053511706,59.08584169453734,128.2051282051282,74.69342251950947,68.00445930880714,,0.0,0.0,0.0,0.3333333333333333,,0.029411764705882353,,,1.1148272017837235,,,,,,,0.0,,,
Lamentations_c000,Lamentations,570,50,poetry,Transitional,1006,1.0,0.0,2.982107355864811,0.2,7.952286282306162,0.2608695652173913,3.976143141153081,0.19047619047619047,16.8986083499006,15.904572564612325,2.982107355864811,0.0,0.0,0.0,0.0,6.958250497017893,16.8986083499006,143.14115308151094,26.8389662027833,40.75546719681908,0.0,1.9880715705765406,9.940357852882704,15.904572564612325,0.0,0.0,160.03976143141153,34.791252485089466,44.73161033797217,10.934393638170976,2.982107355864811,0.0,1.0,1.9880715705765406,0.0,1.0,12.922465208747514,2.982107355864811,4.970178926441352,3.976143141153081,98.40954274353876,171.96819085487078,84.49304174950298,92.44532803180914,,0.0,0.0,0.9940357852882703,0.0,,0.042801556420233464,,,1.9880715705765406,,,,,,,0.0,,,
Lamentations_c001,Lamentations,570,50,poetry,Transitional,939,1.0,0.0,1.0649627263045793,0.6666666666666666,1.0649627263045793,0.18518518518518517,7.454739084132056,0.2413793103448276,23.42917997870075,12.779552715654951,3.1948881789137378,0.0,0.0,0.0,0.0,4.259850905218317,12.779552715654951,124.60063897763578,57.50798722044728,17.03940362087327,4.259850905218317,4.259850905218317,10.649627263045794,13.844515441959532,0.0,0.0,171.45899893503727,30.8839190628328,21.299254526091588,13.844515441959532,3.1948881789137378,2.1299254526091587,0.0,0.0,1.0649627263045793,,10.649627263045794,7.454739084132056,4.259850905218317,2.1299254526091587,82.0021299254526,176.7838125665602,102.23642172523961,92.6517571884984,0.5,0.0,0.0,1.0649627263045793,0.5,0.0,0.05652173913043478,,,2.1299254526091587,,,,,,,0.0,,,
Ezekiel_c000,Ezekiel,580,20,prophecy,Transitional,1007,1.0,0.0,5.958291956305859,0.0,13.902681231380337,0.09090909090909091,40.714995034756704,0.803921568627451,9.9304865938431,10.923535253227408,0.0,0.0,4.96524329692155,0.0,0.0,0.0,27.805362462760673,17.874875868917577,40.714995034756704,22.840119165839127,6.951340615690168,2.9791459781529297,16.881827209533267,13.902681231380337,0.0,0.0,117.17974180734856,2.9791459781529297,14.895729890764647,11.916583912611719,2.9791459781529297,0.0,,0.0,0.0,,11.916583912611719,9.9304865938431,3.972194637537239,20.85402184707051,92.35352532274081,131.08242303872888,67.52730883813307,99.30486593843098,,0.0,0.0,0.0,0.0,,0.07947019867549669,,,12.909632571996028,,,,,,,0.0,,,
Ezekiel_c001,Ezekiel,580,20,prophecy,Transitional,1005,1.0,0.0,5.970149253731344,0.0,11.940298507462687,0.0,16.915422885572138,0.4473684210526316,20.895522388059703,7.960199004975124,2.985074626865672,3.980099502487562,5.970149253731344,0.9950248756218905,0.0,0.9950248756218905,20.895522388059703,78.60696517412936,49.75124378109453,11.940298507462687,1.990049751243781,1.990049751243781,9.950248756218905,10.945273631840797,0.0,0.0,137.3134328358209,23.880597014925375,14.925373134328359,7.960199004975124,0.9950248756218905,0.0,1.0,1.990049751243781,0.0,,4.975124378109452,12.935323383084576,12.935323383084576,2.985074626865672,72.63681592039802,163.18407960199005,74.62686567164178,76.61691542288557,,0.0,0.0,0.0,0.0,,0.0427807486631016,,,1.990049751243781,,,,,,,0.0,,,
Ezekiel_c002,Ezekiel,580,20,prophecy,Transitional,1019,1.0,0.0,10.794896957801766,0.0,12.757605495583906,0.1111111111111111,18.645731108930324,0.5428571428571428,15.701668302257113,13.738959764474975,0.0,0.0,7.850834151128557,1.9627085377821392,0.0,2.944062806673209,10.794896957801766,83.41511285574092,42.19823356231599,18.645731108930324,1.9627085377821392,0.0,10.794896957801766,7.850834151128557,0.0,0.0,121.68792934249265,16.683022571148182,20.608439646712466,13.738959764474975,2.944062806673209,0.0,1.0,1.9627085377821392,0.0,,12.757605495583906,8.832188420019628,8.832188420019628,1.9627085377821392,80.47105004906771,137.38959764474976,83.41511285574092,90.28459273797841,,0.0,0.0,0.9813542688910696,0.0,0.0,0.0782122905027933,,,2.944062806673209,,,,,,,0.0,,,
Ezekiel_c003,Ezekiel,580,20,prophecy,Transitional,1029,1.0,0.0,2.9154518950437316,0.0,17.49271137026239,0.2,24.295432458697768,0.7575757575757576,7.774538386783284,4.859086491739553,2.9154518950437316,0.0,9.718172983479105,0.0,0.0,0.9718172983479105,48.590864917395535,25.267249757045676,27.210884353741495,23.323615160349853,1.943634596695821,0.0,19.43634596695821,13.605442176870747,0.0,0.0,119.533527696793,11.661807580174926,7.774538386783284,16.52089407191448,0.0,0.9718172983479105,,0.0,0.0,,3.887269193391642,18.4645286686103,1.943634596695821,6.802721088435374,95.23809523809523,84.54810495626822,70.94266277939747,64.1399416909621,,0.0,0.0,0.9718172983479105,0.0,,0.10365853658536585,,,1.943634596695821,,,,,,,0.0,,,
Ezekiel_c004,Ezekiel,580,20,prophecy,Transitional,1002,1.0,0.0,7.984031936127744,0.0,18.962075848303396,0.0,20.958083832335326,0.6363636363636364,11.976047904191617,12.974051896207584,0.0,4.990019960079841,0.998003992015968,0.0,0.0,0.0,23.952095808383234,69.86027944111777,38.92215568862276,11.976047904191617,0.0,0.0,12.974051896207584,12.974051896207584,0.0,0.0,130.73852295409182,21.956087824351297,8.982035928143713,7.984031936127744,0.0,0.0,,0.0,0.0,,12.974051896207584,26.94610778443114,7.984031936127744,4.990019960079841,88.82235528942115,126.74650698602794,59.880239520958085,68.8622754491018,1.0,0.0,0.0,0.0,0.0,,0.04678362573099415,,,1.996007984031936,,,,,,,0.0,,,
Ezekiel_c005,Ezekiel,580,20,prophecy,Transitional,1025,1.0,0.0,14.634146341463415,0.0,12.682926829268293,0.17391304347826086,24.390243902439025,0.5681818181818182,18.536585365853657,12.682926829268293,0.0,7.804878048780488,4.878048780487805,0.0,0.0,0.975609756097561,7.804878048780488,71.21951219512195,47.80487804878049,29.26829268292683,0.0,0.975609756097561,20.48780487804878,10.731707317073171,0.0,0.0,111.21951219512195,26.341463414634145,28.29268292682927,19.51219512195122,1.951219512195122,0.0,,0.0,0.0,,15.609756097560975,26.341463414634145,1.951219512195122,0.975609756097561,82.92682926829269,119.02439024390243,63.41463414634146,52.68292682926829,,0.0,0.0,0.0,0.0,,0.10362694300518134,,,3.902439024390244,,,,,,,0.0,,,
Ezekiel_c006,Ezekiel,580,20,prophecy,Transitional,1000,1.0,0.0,2.0,0.0,15.0,0.0,10.0,0.3448275862068966,19.0,5.0,4.0,3.0,8.0,0.0,0.0,1.0,65.0,80.0,15.0,22.0,2.0,2.0,20.0,4.0,0.0,0.0,151.0,15.0,16.0,14.0,2.0,8.0,,0.0,0.0,1.0,15.0,9.0,23.0,0.0,77.0,193.0,67.0,91.0,,0.0,0.0,0.0,,,0.06666666666666667,0.0,,9.0,,,,,,,0.0,,,
Ezekiel_c007,Ezekiel,580,20,prophecy,Transitional,1014,1.0,0.0,11.834319526627219,0.0,15.779092702169626,0.0,13.806706114398422,0.3888888888888889,21.696252465483234,4.930966469428008,1.9723865877712032,0.9861932938856016,4.930966469428008,0.0,0.0,0.0,24.65483234714004,79.88165680473374,40.433925049309664,11.834319526627219,1.9723865877712032,1.9723865877712032,25.64102564102564,7.889546351084813,0.0,0.0,143.98422090729784,26.627218934911244,12.82051282051282,9.861932938856016,0.9861932938856016,0.0,,0.0,0.0,1.0,15.779092702169626,12.82051282051282,7.889546351084813,0.9861932938856016,74.95069033530571,148.91518737672584,66.07495069033531,115.38461538461539,,0.0,0.0,0.9861932938856016,0.0,,0.050761421319796954,,,14.792899408284024,,,,,,,0.0,,,
Ezekiel_c008,Ezekiel,580,20,prophecy,Transitional,1011,1.0,0.0,3.956478733926805,0.0,18.793273986152325,0.0,16.81503461918892,0.3148148148148148,36.59742828882295,5.934718100890208,1.9782393669634024,0.9891196834817012,1.9782393669634024,0.9891196834817012,0.0,0.9891196834817012,41.54302670623145,94.95548961424333,45.49950544015826,7.91295746785361,1.9782393669634024,6.9238377843719086,23.738872403560833,10.880316518298715,0.0,0.0,173.09594460929773,25.717111770524234,10.880316518298715,17.804154302670625,2.967359050445104,2.967359050445104,,0.0,0.0,,12.858555885262117,12.858555885262117,5.934718100890208,3.956478733926805,79.1295746785361,142.433234421365,69.23837784371908,64.29277942631057,,0.0,0.0,0.9891196834817012,0.25,,0.07627118644067797,0.0,,2.967359050445104,,,,,,,0.0,,,
Ezekiel_c009,Ezekiel,580,20,prophecy,Transitional,1014,1.0,0.0,13.806706114398422,0.0,14.792899408284024,0.05555555555555555,27.613412228796843,0.6222222222222222,16.765285996055226,11.834319526627219,4.930966469428008,3.9447731755424065,2.9585798816568047,0.0,0.0,0.9861932938856016,18.737672583826427,72.97830374753451,29.585798816568047,22.68244575936884,5.9171597633136095,0.9861932938856016,25.64102564102564,23.668639053254438,0.0,0.0,125.2465483234714,25.64102564102564,16.765285996055226,25.64102564102564,0.9861932938856016,2.9585798816568047,,0.0,0.0,,13.806706114398422,22.68244575936884,6.903353057199211,6.903353057199211,86.78500986193293,153.84615384615387,74.95069033530571,65.08875739644971,,0.0,0.0,0.0,0.0,,0.12807881773399016,,,2.9585798816568047,,,,,,,0.0,,,
Ezekiel_c010,Ezekiel,580,20,prophecy,Transitional,1008,1.0,0.0,6.944444444444444,0.0,10.912698412698411,0.0,15.873015873015872,0.5925925925925926,10.912698412698411,4.9603174603174605,1.984126984126984,3.968253968253968,2.976190476190476,0.0,0.0,0.992063492063492,19.841269841269842,98.21428571428571,17.857142857142858,15.873015873015872,4.9603174603174605,1.984126984126984,38.69047619047619,11.904761904761903,0.0,0.0,136.90476190476193,29.76190476190476,24.8015873015873,11.904761904761903,1.984126984126984,1.984126984126984,0.5,0.992063492063492,0.992063492063492,,18.849206349206348,15.873015873015872,7.936507936507936,0.0,78.37301587301587,152.7777777777778,76.3888888888889,85.31746031746032,,0.0,0.0,0.0,,,0.05687203791469194,0.0,,4.9603174603174605,,,,,,,0.0,,,
Ezekiel_c011,Ezekiel,580,20,prophecy,Transitional,1017,1.0,0.0,3.9331366764995086,0.0,11.799410029498524,0.0,20.64896755162242,0.5384615384615384,17.699115044247787,8.849557522123893,5.899705014749262,3.9331366764995086,4.916420845624385,0.9832841691248771,0.0,0.9832841691248771,27.53195673549656,71.77974434611603,35.39823008849557,12.782694198623402,5.899705014749262,5.899705014749262,13.76597836774828,18.682399213372666,0.0,0.0,135.69321533923303,23.59882005899705,18.682399213372666,9.83284169124877,0.0,0.9832841691248771,,0.0,0.0,1.0,3.9331366764995086,12.782694198623402,7.866273352999017,0.9832841691248771,67.84660766961652,182.89085545722713,89.47885939036382,106.19469026548673,,0.0,0.0,0.0,0.0,0.0,0.05128205128205128,0.0,,15.732546705998034,,,,,,,0.0,,,
Ezekiel_c012,Ezekiel,580,20,prophecy,Transitional,1000,1.0,0.0,10.0,0.0,9.0,0.06666666666666667,17.0,0.5483870967741935,14.0,16.0,0.0,6.0,8.0,1.0,0.0,1.0,8.0,93.0,42.0,15.0,1.0,1.0,22.0,5.0,0.0,0.0,137.0,16.0,9.0,21.0,0.0,1.0,1.0,1.0,0.0,1.0,11.0,27.0,16.0,1.0,85.0,140.0,81.0,73.0,,0.0,0.0,0.0,0.0,,0.11229946524064172,,,2.0,,,,,,,0.0,,,
Ezekiel_c013,Ezekiel,580,20,prophecy,Transitional,1007,1.0,0.0,7.944389275074478,0.0,4.96524329692155,0.3333333333333333,8.937437934458789,0.6923076923076923,3.972194637537239,4.96524329692155,0.0,1.9860973187686195,3.972194637537239,0.0,0.0,0.0,13.902681231380337,91.36047666335651,9.9304865938431,36.74280039721946,1.9860973187686195,0.9930486593843098,12.909632571996028,6.951340615690168,0.0,0.0,130.0893743793446,16.881827209533267,13.902681231380337,10.923535253227408,1.9860973187686195,0.0,,0.0,0.0,1.0,18.867924528301884,17.874875868917577,13.902681231380337,0.9930486593843098,105.26315789473684,175.76961271102283,110.22840119165839,67.52730883813307,,0.0,0.0,0.0,0.0,,0.0625,,,3.972194637537239,,,,,,,0.0,,,
Ezekiel_c014,Ezekiel,580,20,prophecy,Transitional,1007,1.0,0.0,9.9304865938431,0.0,3.972194637537239,0.0,13.902681231380337,0.5833333333333334,9.9304865938431,11.916583912611719,0.0,3.972194637537239,6.951340615690168,0.0,0.0,0.0,6.951340615690168,99.30486593843098,29.791459781529294,13.902681231380337,3.972194637537239,0.0,22.840119165839127,2.9791459781529297,0.0,0.0,121.15193644488579,24.826216484607745,12.909632571996028,15.888778550148956,0.9930486593843098,2.9791459781529297,,0.0,0.0,,22.840119165839127,14.895729890764647,14.895729890764647,2.9791459781529297,98.31181727904666,103.27706057596822,72.49255213505462,84.40913604766634,,0.0,0.0,0.0,0.0,,0.08839779005524862,0.0,,1.9860973187686195,,,,,,,0.0,,,
Ezekiel_c015,Ezekiel,580,20,prophecy,Transitional,1021,1.0,0.0,0.9794319294809011,0.0,10.773751224289912,0.0,20.56807051909892,0.5675675675675675,15.670910871694417,8.81488736532811,0.9794319294809011,0.9794319294809011,0.0,0.0,0.9794319294809011,0.0,27.42409402546523,75.41625857002938,32.32125367286973,24.485798237022525,0.9794319294809011,0.9794319294809011,9.79431929480901,6.8560235063663075,0.0,0.0,117.53183153770813,23.506366307541626,13.712047012732615,19.58863858961802,0.0,2.9382957884427032,,0.0,0.0,1.0,10.773751224289912,8.81488736532811,18.609206660137122,0.9794319294809011,113.61410381978453,154.75024485798235,90.10773751224289,85.21057786483838,,0.0,0.0,0.0,0.0,,0.10989010989010989,,,1.9588638589618022,,,,,,,0.0,,,
Ezekiel_c016,Ezekiel,580,20,prophecy,Transitional,1001,1.0,0.0,6.993006993006993,0.0,7.992007992007992,0.16129032258064516,16.983016983016984,0.3953488372093023,25.974025974025977,6.993006993006993,0.0,2.997002997002997,4.995004995004995,0.0,0.0,0.0,10.989010989010989,69.93006993006993,60.93906093906094,40.95904095904096,0.0,4.995004995004995,26.973026973026972,11.988011988011989,0.0,0.0,171.82817182817183,15.984015984015985,14.985014985014987,22.977022977022976,0.0,0.999000999000999,1.0,3.996003996003996,0.0,,12.987012987012989,24.975024975024976,4.995004995004995,1.998001998001998,74.92507492507492,126.87312687312688,42.95704295704296,49.95004995004995,1.0,0.0,0.0,0.999000999000999,0.0,,0.1013215859030837,,,1.998001998001998,,,,,,,0.0,,,
Ezekiel_c017,Ezekiel,580,20,prophecy,Transitional,1007,1.0,0.0,16.881827209533267,0.0,15.888778550148956,0.058823529411764705,10.923535253227408,0.4074074074074074,15.888778550148956,11.916583912611719,0.0,9.9304865938431,3.972194637537239,0.0,0.0,0.9930486593843098,11.916583912611719,96.32571996027805,36.74280039721946,14.895729890764647,1.9860973187686195,0.9930486593843098,11.916583912611719,7.944389275074478,0.0,0.0,128.10327706057598,21.847070506454816,16.881827209533267,14.895729890764647,0.0,0.0,,0.0,0.0,,19.8609731876862,23.833167825223438,8.937437934458789,0.9930486593843098,88.38133068520357,144.98510427010925,65.54121151936444,80.4369414101291,,0.0,0.0,0.0,0.0,0.0,0.08152173913043478,,,0.0,,,,,,,0.0,,,
Ezekiel_c018,Ezekiel,580,20,prophecy,Transitional,1035,0.9285714285714286,0.966183574879227,12.56038647342995,0.0,15.458937198067632,0.1111111111111111,20.289855072463766,0.7241379310344828,7.729468599033816,5.797101449275362,0.0,0.966183574879227,9.66183574879227,0.0,0.0,0.0,14.492753623188406,96.61835748792271,29.951690821256037,18.357487922705314,1.932367149758454,0.0,8.695652173913043,19.32367149758454,0.0,0.0,127.53623188405797,20.289855072463766,13.52657004830918,24.154589371980677,0.966183574879227,0.966183574879227,,0.0,0.0,1.0,23.18840579710145,22.22222222222222,13.52657004830918,2.898550724637681,66.66666666666667,154.58937198067633,76.32850241545894,43.47826086956522,,0.0,0.0,0.0,0.0,,0.12755102040816327,,,0.0,,,,,,,0.0,,,
Ezekiel_c019,Ezekiel,580,20,prophecy,Transitional,1014,1.0,0.0,6.903353057199211,0.0,12.82051282051282,0.3,3.9447731755424065,0.36363636363636365,6.903353057199211,7.889546351084813,0.9861932938856016,1.9723865877712032,1.9723865877712032,0.9861932938856016,0.0,0.9861932938856016,4.930966469428008,81.85404339250493,28.599605522682445,28.599605522682445,0.9861932938856016,0.0,20.710059171597635,5.9171597633136095,0.0,0.0,111.43984220907298,20.710059171597635,21.696252465483234,13.806706114398422,1.9723865877712032,0.9861932938856016,,0.0,0.0,1.0,9.861932938856016,10.848126232741617,3.9447731755424065,0.0,98.61932938856016,105.52268244575937,66.07495069033531,59.171597633136095,,0.0,0.0,0.0,,,0.08045977011494253,,,1.9723865877712032,,,,,,,0.0,,,
Ezekiel_c020,Ezekiel,580,20,prophecy,Transitional,1026,1.0,0.0,0.9746588693957114,0.0,9.746588693957115,,30.214424951267056,1.0,0.0,0.9746588693957114,0.0,0.0,3.898635477582846,0.0,0.0,0.0,22.417153996101362,5.847953216374268,4.8732943469785575,7.797270955165692,2.923976608187134,0.0,2.923976608187134,3.898635477582846,0.0,0.0,33.13840155945419,12.670565302144249,2.923976608187134,0.0,0.0,1.949317738791423,,0.0,0.0,,0.9746588693957114,0.0,0.0,0.9746588693957114,75.04873294346979,76.99805068226121,128.6549707602339,120.85769980506822,,0.0,0.0,0.0,0.0,,0.0,,,0.0,,,,,,,0.0,,,
Ezekiel_c021,Ezekiel,580,20,prophecy,Transitional,1021,,0.0,0.0,0.0,21.547502448579824,0.3333333333333333,31.341821743388834,0.9411764705882353,1.9588638589618022,5.8765915768854065,0.0,0.0,0.9794319294809011,0.0,0.0,0.0,13.712047012732615,8.81488736532811,8.81488736532811,1.9588638589618022,16.65034280117532,0.0,3.9177277179236043,0.0,0.0,0.0,36.23898139079334,6.8560235063663075,1.9588638589618022,1.9588638589618022,0.0,3.9177277179236043,,0.0,0.0,,1.9588638589618022,1.9588638589618022,0.0,0.0,92.0666013712047,34.280117531831536,127.32615083251714,124.38785504407443,,0.0,0.0,0.0,,,0.03636363636363636,,,0.0,,,,,,,0.0,,,
Ezekiel_c022,Ezekiel,580,20,prophecy,Transitional,1007,1.0,0.0,0.9930486593843098,0.0,15.888778550148956,0.0,24.826216484607745,0.8333333333333334,4.96524329692155,1.9860973187686195,0.0,0.0,3.972194637537239,0.9930486593843098,0.0,0.9930486593843098,15.888778550148956,55.610724925521346,21.847070506454816,6.951340615690168,3.972194637537239,0.0,18.867924528301884,5.958291956305859,0.0,0.0,83.41608738828204,17.874875868917577,23.833167825223438,3.972194637537239,0.0,0.0,,0.0,0.0,,6.951340615690168,7.944389275074478,2.9791459781529297,0.9930486593843098,125.12413108242303,120.15888778550149,77.45779543197617,89.3743793445879,,0.0,0.0,0.0,0.0,,0.03076923076923077,,,1.9860973187686195,,,,,,,0.0,,,
Ezekiel_c023,Ezekiel,580,20,prophecy,Transitional,1032,1.0,0.0,1.937984496124031,0.0,6.782945736434108,0.0,21.31782945736434,0.6285714285714286,12.5968992248062,2.9069767441860463,0.0,0.0,0.0,0.0,0.0,0.0,0.0,20.348837209302328,58.13953488372093,5.813953488372093,1.937984496124031,0.9689922480620154,18.410852713178297,2.9069767441860463,0.0,0.0,75.5813953488372,11.627906976744185,17.441860465116278,1.937984496124031,0.9689922480620154,0.0,,0.0,0.0,,21.31782945736434,1.937984496124031,5.813953488372093,0.0,98.83720930232558,69.76744186046511,81.39534883720931,115.31007751937985,,0.0,0.0,0.0,,,0.017857142857142856,,,0.9689922480620154,,,,,,,0.0,,,
Ezekiel_c024,Ezekiel,580,20,prophecy,Transitional,1028,,0.0,0.0,0.0,17.509727626459146,0.0,15.56420233463035,0.64,8.754863813229573,7.782101167315175,0.0,0.0,4.863813229571985,0.0,0.0,0.0,18.482490272373543,32.1011673151751,47.66536964980544,12.645914396887159,3.8910505836575875,0.0,14.591439688715953,0.0,0.0,0.0,93.3852140077821,15.56420233463035,6.809338521400778,7.782101167315175,0.9727626459143969,1.9455252918287937,,0.0,0.0,,12.645914396887159,6.809338521400778,3.8910505836575875,0.9727626459143969,88.52140077821012,70.03891050583658,56.42023346303502,87.54863813229571,,0.0,0.0,0.0,0.0,,0.06015037593984962,,,1.9455252918287937,,,,,,,0.0,,,
Ezekiel_c025,Ezekiel,580,20,prophecy,Transitional,825,,0.0,0.0,0.0,10.90909090909091,0.0,9.696969696969697,0.6666666666666666,4.848484848484849,1.2121212121212122,0.0,0.0,0.0,0.0,0.0,0.0,0.0,23.03030303030303,18.18181818181818,7.2727272727272725,1.2121212121212122,0.0,3.6363636363636362,0.0,0.0,0.0,37.57575757575758,9.696969696969697,1.2121212121212122,3.6363636363636362,0.0,0.0,,0.0,0.0,,20.606060606060606,0.0,1.2121212121212122,0.0,183.03030303030303,26.666666666666668,88.48484848484848,170.9090909090909,,0.0,0.0,0.0,,,0.06818181818181818,0.0,,1.2121212121212122,,,,,,,0.0,,,
Obadiah_c000,Obadiah,585,80,prophecy,Transitional,392,,0.0,0.0,0.0,10.204081632653061,0.16666666666666666,0.0,0.0,12.755102040816327,7.653061224489796,5.1020408163265305,0.0,2.5510204081632653,0.0,0.0,0.0,0.0,86.73469387755102,58.673469387755105,12.755102040816327,5.1020408163265305,0.0,15.306122448979592,2.5510204081632653,0.0,0.0,127.55102040816327,28.06122448979592,7.653061224489796,15.306122448979592,0.0,0.0,,0.0,0.0,,17.857142857142858,5.1020408163265305,2.5510204081632653,0.0,117.34693877551021,119.89795918367346,51.02040816326531,43.36734693877551,,0.0,0.0,0.0,,,0.08450704225352113,,,7.653061224489796,,,,,,,0.0,,,
Isaiah_2_c000,Isaiah_2,545,20,prophecy,Transitional,1010,1.0,0.0,7.920792079207921,0.0,2.9702970297029703,0.375,3.9603960396039604,0.13793103448275862,24.752475247524753,9.900990099009901,0.9900990099009901,0.0,5.9405940594059405,0.0,0.9900990099009901,0.0,9.900990099009901,55.445544554455445,120.79207920792079,37.62376237623762,1.9801980198019802,0.9900990099009901,2.9702970297029703,19.801980198019802,0.0,0.0,162.3762376237624,35.64356435643564,29.7029702970297,14.85148514851485,2.9702970297029703,0.9900990099009901,0.75,2.9702970297029703,0.9900990099009901,,2.9702970297029703,12.87128712871287,6.930693069306931,0.9900990099009901,62.37623762376238,118.8118811881188,66.33663366336634,48.51485148514852,,0.0,0.0,0.0,0.0,,0.05952380952380952,,,3.9603960396039604,,,,,,,0.0,,,
Isaiah_2_c001,Isaiah_2,545,20,prophecy,Transitional,1001,0.7368421052631579,4.995004995004995,13.986013986013987,0.0,2.997002997002997,0.22857142857142856,0.0,0.0,26.973026973026972,9.99000999000999,1.998001998001998,0.0,1.998001998001998,2.997002997002997,0.999000999000999,0.999000999000999,5.994005994005994,68.93106893106892,103.89610389610391,35.964035964035965,3.996003996003996,3.996003996003996,7.992007992007992,8.991008991008991,0.0,0.0,161.83816183816182,52.947052947052946,10.989010989010989,7.992007992007992,3.996003996003996,0.999000999000999,,0.0,0.0,,1.998001998001998,10.989010989010989,10.989010989010989,3.996003996003996,43.956043956043956,145.85414585414586,69.93006993006993,50.94905094905095,,0.0,0.0,0.0,0.0,,0.03333333333333333,0.0,,0.0,,,,,,,0.0,,,
Isaiah_2_c002,Isaiah_2,545,20,prophecy,Transitional,1006,0.8,3.976143141153081,15.904572564612325,0.0,1.9880715705765406,0.25,9.940357852882704,0.23255813953488372,32.80318091451292,13.916500994035786,1.9880715705765406,0.0,0.0,0.0,0.9940357852882703,0.0,6.958250497017893,61.63021868787277,105.36779324055667,44.73161033797217,2.982107355864811,0.0,9.940357852882704,33.7972166998012,0.0,0.0,172.96222664015903,34.791252485089466,26.8389662027833,16.8986083499006,7.952286282306162,1.9880715705765406,0.5,0.9940357852882703,0.9940357852882703,,2.982107355864811,18.886679920477135,1.9880715705765406,3.976143141153081,62.62425447316103,130.2186878727634,59.64214711729622,63.6182902584493,,0.0,0.0,0.0,0.0,0.0,0.06367041198501873,0.0,,1.9880715705765406,,,,,,,0.0,,,
Isaiah_2_c003,Isaiah_2,545,20,prophecy,Transitional,1007,0.8333333333333334,2.9791459781529297,14.895729890764647,0.0,6.951340615690168,0.12121212121212122,6.951340615690168,0.19444444444444445,28.798411122144984,10.923535253227408,4.96524329692155,0.0,5.958291956305859,5.958291956305859,3.972194637537239,1.9860973187686195,15.888778550148956,89.3743793445879,68.52035749751738,29.791459781529294,4.96524329692155,0.9930486593843098,18.867924528301884,24.826216484607745,0.0,0.0,162.85998013902682,38.72889771598808,24.826216484607745,19.8609731876862,0.9930486593843098,1.9860973187686195,,0.0,0.0,,9.9304865938431,20.85402184707051,3.972194637537239,1.9860973187686195,48.65938430983118,183.71400198609734,57.59682224428997,59.58291956305859,,1.9860973187686195,0.0,1.9860973187686195,0.0,,0.0784313725490196,0.0,,0.0,,,,,,,0.0,,,
Isaiah_2_c004,Isaiah_2,545,20,prophecy,Transitional,1014,0.3333333333333333,3.9447731755424065,1.9723865877712032,0.0,8.875739644970414,0.2413793103448276,11.834319526627219,0.35294117647058826,21.696252465483234,16.765285996055226,0.0,2.9585798816568047,2.9585798816568047,0.9861932938856016,0.0,0.0,8.875739644970414,70.01972386587771,65.08875739644971,45.36489151873768,5.9171597633136095,0.9861932938856016,12.82051282051282,32.544378698224854,0.0,0.0,149.90138067061142,34.51676528599606,26.627218934911244,16.765285996055226,4.930966469428008,0.9861932938856016,1.0,0.9861932938856016,0.0,,2.9585798816568047,6.903353057199211,2.9585798816568047,3.9447731755424065,71.00591715976331,142.01183431952663,62.1301775147929,67.0611439842209,1.0,0.0,0.0,0.9861932938856016,0.0,0.0,0.06938775510204082,0.0,,3.9447731755424065,,,,,,,0.0,,,
Isaiah_2_c005,Isaiah_2,545,20,prophecy,Transitional,700,0.0,4.285714285714286,0.0,0.0,10.0,0.037037037037037035,10.0,0.21212121212121213,37.142857142857146,30.0,0.0,1.4285714285714286,2.857142857142857,0.0,0.0,0.0,1.4285714285714286,65.71428571428571,92.85714285714286,27.142857142857142,7.142857142857142,2.857142857142857,11.428571428571429,28.57142857142857,0.0,0.0,154.28571428571428,30.0,17.142857142857142,21.428571428571427,2.857142857142857,4.285714285714286,,0.0,0.0,,4.285714285714286,5.714285714285714,4.285714285714286,5.714285714285714,68.57142857142857,150.0,81.42857142857143,60.0,,0.0,0.0,0.0,0.0,,0.09036144578313253,0.0,,5.714285714285714,,,,,,,0.0,,,
Zechariah_1_c000,Zechariah_1,518,10,prophecy,Transitional,1016,1.0,0.0,3.937007874015748,0.0,11.811023622047244,0.0,27.559055118110237,0.7368421052631579,9.84251968503937,11.811023622047244,1.968503937007874,0.984251968503937,10.826771653543307,0.0,0.0,0.0,44.29133858267716,53.1496062992126,19.68503937007874,36.41732283464567,0.984251968503937,0.984251968503937,21.653543307086615,13.779527559055119,0.0,0.0,156.49606299212599,13.779527559055119,11.811023622047244,5.905511811023622,1.968503937007874,0.984251968503937,,0.0,0.0,,7.874015748031496,45.275590551181104,1.968503937007874,3.937007874015748,59.05511811023622,108.26771653543307,73.81889763779527,47.24409448818898,,0.0,0.0,1.968503937007874,0.0,,0.030927835051546393,,,0.984251968503937,,,,,,,0.0,,,
Zechariah_1_c001,Zechariah_1,518,10,prophecy,Transitional,1468,1.0,0.0,3.4059945504087192,0.0,10.899182561307901,0.16666666666666666,23.16076294277929,0.7727272727272727,6.8119891008174385,8.85558583106267,1.3623978201634876,0.0,4.087193460490463,0.6811989100817438,0.0,0.0,34.741144414168936,57.22070844686648,26.56675749318801,25.885558583106267,0.0,3.4059945504087192,23.16076294277929,7.493188010899182,0.0,0.0,138.96457765667574,12.942779291553133,12.26158038147139,9.536784741144414,2.7247956403269753,1.3623978201634876,1.0,2.0435967302452314,0.0,,14.986376021798364,34.059945504087196,2.7247956403269753,7.493188010899182,82.42506811989101,66.07629427792916,71.52588555858311,67.43869209809264,,0.0,0.0,0.6811989100817438,0.0,,0.05343511450381679,,,0.6811989100817438,,,,,,,0.0,,,
Malachi_c000,Malachi,460,25,prophecy,Transitional,1187,0.8888888888888888,0.8424599831508003,6.739679865206402,0.0,10.951979780960405,0.24,8.424599831508003,0.3448275862068966,16.006739679865206,17.691659646166805,4.212299915754001,0.0,5.054759898904802,2.527379949452401,0.8424599831508003,0.0,6.739679865206402,99.41027801179445,35.38331929233361,45.49283909014322,5.8972198820556025,0.0,12.636899747262007,5.054759898904802,0.0,0.0,144.06065711878685,19.376579612468408,26.95871946082561,15.164279696714406,0.0,2.527379949452401,1.0,2.527379949452401,0.0,,9.267059814658804,33.69839932603201,2.527379949452401,1.6849199663016006,61.499578770008426,112.04717775905644,66.55433866891322,53.074978938500415,1.0,0.8424599831508003,0.0,2.527379949452401,0.0,,0.072,,,0.0,,,,,,,0.0,,,
Joel_c000,Joel,400,150,prophecy,Transitional,1318,1.0,0.0,3.0349013657056148,0.0,9.104704097116844,0.2,9.104704097116844,0.5,9.104704097116844,24.279210925644918,5.311077389984826,0.0,2.276176024279211,0.7587253414264037,0.0,0.7587253414264037,5.311077389984826,76.63125948406676,46.28224582701062,18.20940819423369,3.7936267071320184,2.276176024279211,5.311077389984826,32.62518968133536,0.0,0.0,127.4658573596358,25.796661608497722,18.96813353566009,14.415781487101668,0.0,0.7587253414264037,,0.0,0.0,1.0,8.345978755690439,3.7936267071320184,6.0698027314112295,3.0349013657056148,73.59635811836115,97.11684370257967,96.35811836115326,58.42185128983308,,0.0,0.0,0.0,0.0,0.0,0.07569721115537849,,,2.276176024279211,,,,,,,0.0,,,
Jonah_c000,Jonah,400,60,narrative,Transitional,985,0.7142857142857143,2.0304568527918785,5.076142131979695,0.2,12.182741116751268,0.0,34.51776649746193,0.7906976744186046,9.137055837563452,13.197969543147208,0.0,0.0,0.0,1.0152284263959392,0.0,2.0304568527918785,85.27918781725887,38.578680203045685,27.411167512690355,14.213197969543147,1.0152284263959392,4.060913705583757,20.30456852791878,13.197969543147208,0.0,0.0,148.22335025380713,27.411167512690355,14.213197969543147,8.121827411167514,6.091370558375634,0.0,0.0,0.0,1.0152284263959392,,10.15228426395939,22.335025380710658,2.0304568527918785,6.091370558375634,34.51776649746193,100.50761421319797,53.807106598984774,59.89847715736041,,0.0,0.0,3.045685279187817,0.0,0.0,0.03980099502487562,,,3.045685279187817,,,,,,,0.0,,,
Isaiah_3_c000,Isaiah_3,400,100,prophecy,Transitional,1005,1.0,0.0,3.980099502487562,0.0,4.975124378109452,0.15151515151515152,1.990049751243781,0.06666666666666667,27.860696517412936,13.930348258706468,1.990049751243781,0.0,0.9950248756218905,0.0,2.985074626865672,0.0,9.950248756218905,63.68159203980099,77.61194029850746,38.80597014925373,2.985074626865672,10.945273631840797,30.845771144278608,11.940298507462687,0.0,0.0,146.26865671641792,43.78109452736319,29.850746268656717,20.895522388059703,3.980099502487562,0.0,0.0,0.0,0.9950248756218905,,5.970149253731344,10.945273631840797,1.990049751243781,2.985074626865672,69.65174129353234,134.32835820895522,65.67164179104478,58.70646766169154,,0.0,0.0,0.0,0.0,,0.0846774193548387,0.0,,0.0,,,,,,,0.0,,,
Isaiah_3_c001,Isaiah_3,400,100,prophecy,Transitional,1011,1.0,0.0,3.956478733926805,0.0,3.956478733926805,0.30434782608695654,3.956478733926805,0.2,15.82591493570722,22.74975272007913,0.0,0.9891196834817012,1.9782393669634024,0.9891196834817012,0.9891196834817012,0.0,8.902077151335313,55.39070227497527,82.0969337289812,22.74975272007913,6.9238377843719086,8.902077151335313,15.82591493570722,3.956478733926805,0.0,0.0,127.59643916913946,15.82591493570722,33.63006923837784,17.804154302670625,4.945598417408506,1.9782393669634024,,0.0,0.0,,7.91295746785361,4.945598417408506,1.9782393669634024,2.967359050445104,90.00989119683481,158.2591493570722,78.1404549950544,78.1404549950544,,0.0,0.0,0.0,0.3333333333333333,,0.08695652173913043,,,0.9891196834817012,,,,,,,0.0,,,
Isaiah_3_c002,Isaiah_3,400,100,prophecy,Transitional,1010,1.0,0.0,1.9801980198019802,0.0,9.900990099009901,0.14814814814814814,5.9405940594059405,0.20689655172413793,22.77227722772277,12.87128712871287,0.0,0.9900990099009901,11.881188118811881,0.9900990099009901,0.0,2.9702970297029703,11.881188118811881,75.24752475247524,60.396039603960396,45.54455445544554,3.9603960396039604,0.0,7.920792079207921,14.85148514851485,0.0,0.0,134.65346534653466,31.683168316831683,26.73267326732673,19.801980198019802,5.9405940594059405,0.0,0.5,0.9900990099009901,0.9900990099009901,,7.920792079207921,7.920792079207921,1.9801980198019802,2.9702970297029703,65.34653465346535,179.2079207920792,75.24752475247524,52.475247524752476,1.0,0.0,0.0,0.9900990099009901,0.0,,0.09009009009009009,,,0.0,,,,,,,0.0,,,
Isaiah_3_c003,Isaiah_3,400,100,prophecy,Transitional,663,0.75,3.0165912518853695,9.04977375565611,0.0,12.066365007541478,0.0625,9.04977375565611,0.2857142857142857,22.62443438914027,13.574660633484163,6.033182503770739,0.0,3.0165912518853695,0.0,0.0,1.5082956259426847,3.0165912518853695,72.39819004524888,72.39819004524888,43.74057315233785,1.5082956259426847,0.0,4.524886877828055,6.033182503770739,0.0,0.0,144.79638009049776,22.62443438914027,16.591251885369534,6.033182503770739,6.033182503770739,1.5082956259426847,,0.0,0.0,,7.541478129713424,13.574660633484163,0.0,0.0,67.87330316742081,107.08898944193061,66.36500754147814,49.77375565610859,,0.0,0.0,0.0,,,0.02962962962962963,0.16666666666666666,,1.5082956259426847,,,,,,,0.0,,,
Ezra_c000,Ezra,380,60,narrative,LBH,1007,,0.0,0.0,0.0,11.916583912611719,0.0,0.9930486593843098,0.25,2.9791459781529297,0.0,0.9930486593843098,0.0,0.0,0.0,0.0,0.0,13.902681231380337,16.881827209533267,4.96524329692155,8.937437934458789,0.9930486593843098,0.0,11.916583912611719,0.0,0.0,0.0,30.784508440913605,10.923535253227408,6.951340615690168,4.96524329692155,2.9791459781529297,0.0,1.0,0.9930486593843098,0.0,1.0,0.9930486593843098,2.9791459781529297,2.9791459781529297,0.0,186.69314796425024,38.72889771598808,246.27606752730884,104.27010923535254,,0.0,0.0,0.0,,,0.08620689655172414,,,6.951340615690168,,,,,,,0.0,,,
Ezra_c001,Ezra,380,60,narrative,LBH,1011,,0.0,0.0,0.0,1.9782393669634024,0.125,3.956478733926805,0.36363636363636365,6.9238377843719086,6.9238377843719086,0.0,0.0,0.0,0.0,0.0,0.0,12.858555885262117,44.51038575667656,18.793273986152325,28.684470820969338,8.902077151335313,0.0,19.782393669634025,1.9782393669634024,0.0,0.0,30.662710187932742,14.836795252225519,8.902077151335313,0.9891196834817012,0.9891196834817012,1.9782393669634024,,0.0,0.0,,0.9891196834817012,3.956478733926805,1.9782393669634024,0.9891196834817012,102.86844708209694,60.33630069238378,77.1513353115727,56.37982195845697,1.0,0.0,0.0,0.0,0.0,,0.0072992700729927005,,,3.956478733926805,,,,,,,0.0,,,
Ezra_c002,Ezra,380,60,narrative,LBH,1013,,0.0,0.0,0.0,1.9743336623889436,0.0,2.9615004935834155,0.5,2.9615004935834155,3.948667324777887,0.0,0.0,0.0,0.0,0.0,0.0,6.910167818361304,50.34550839091806,22.704837117472852,18.756169792694966,5.923000987166831,0.0,15.794669299111549,4.935834155972359,0.0,0.0,15.794669299111549,1.9743336623889436,3.948667324777887,0.9871668311944718,0.9871668311944718,0.0,0.0,0.0,1.9743336623889436,,0.0,2.9615004935834155,2.9615004935834155,2.9615004935834155,122.40868706811452,55.28134254689043,81.93484698914116,63.178677196446195,,0.0,0.0,0.0,0.0,,0.007874015748031496,,,1.9743336623889436,,,,,,,0.0,,,
Ezra_c003,Ezra,380,60,narrative,LBH,1007,1.0,0.0,0.9930486593843098,0.3333333333333333,1.9860973187686195,0.0,3.972194637537239,0.4444444444444444,4.96524329692155,1.9860973187686195,0.0,0.0,0.0,0.0,0.0,0.9930486593843098,19.8609731876862,14.895729890764647,15.888778550148956,23.833167825223438,1.9860973187686195,0.0,18.867924528301884,3.972194637537239,0.0,0.0,36.74280039721946,7.944389275074478,7.944389275074478,3.972194637537239,3.972194637537239,0.9930486593843098,0.6,2.9791459781529297,1.9860973187686195,,0.9930486593843098,2.9791459781529297,3.972194637537239,0.9930486593843098,115.19364448857993,91.36047666335651,118.17279046673288,46.67328699106256,,0.0,0.0,0.0,0.0,,0.04,,,3.972194637537239,,,,,,,0.0,,,
Ezra_c004,Ezra,380,60,narrative,LBH,1230,1.0,0.0,0.8130081300813008,0.0,4.878048780487805,0.25,6.504065040650406,0.47058823529411764,7.317073170731708,8.94308943089431,0.0,0.0,0.8130081300813008,4.878048780487805,0.0,0.8130081300813008,26.016260162601625,30.08130081300813,12.195121951219512,10.56910569105691,0.8130081300813008,1.6260162601626016,24.390243902439025,4.878048780487805,0.0,0.0,64.22764227642276,17.88617886178862,8.130081300813009,13.821138211382113,4.878048780487805,0.8130081300813008,,0.0,0.0,1.0,1.6260162601626016,5.691056910569106,8.130081300813009,1.6260162601626016,82.92682926829269,79.67479674796749,111.38211382113822,65.04065040650407,1.0,0.0,0.0,0.8130081300813008,0.0,0.0,0.125,1.0,,0.8130081300813008,,,,,,,0.0,,,
Nehemiah_c000,Nehemiah,380,60,narrative,LBH,1015,0.875,0.9852216748768472,6.896551724137931,0.0,23.645320197044338,0.38461538461538464,18.7192118226601,0.7037037037037037,7.881773399014778,1.9704433497536944,0.0,0.0,0.0,0.0,0.0,0.0,55.172413793103445,45.320197044334975,22.660098522167488,24.630541871921185,2.9556650246305423,0.9852216748768472,9.852216748768473,3.940886699507389,0.0,0.0,116.25615763546799,22.660098522167488,11.822660098522169,6.896551724137931,4.926108374384237,0.0,0.6666666666666666,1.9704433497536944,0.9852216748768472,,15.763546798029555,13.793103448275861,7.881773399014778,1.9704433497536944,72.90640394088669,108.37438423645321,82.75862068965517,48.275862068965516,1.0,0.0,0.0,3.940886699507389,0.0,,0.041666666666666664,,,0.9852216748768472,,,,,,,0.0,,,
Nehemiah_c001,Nehemiah,380,60,narrative,LBH,1011,1.0,0.0,0.9891196834817012,0.0,10.880316518298715,0.4,12.858555885262117,0.8125,2.967359050445104,5.934718100890208,1.9782393669634024,0.0,0.0,0.0,0.0,0.0,31.65182987141444,43.52126607319486,24.727992087042534,31.65182987141444,3.956478733926805,2.967359050445104,8.902077151335313,4.945598417408506,0.0,0.0,91.98813056379822,44.51038575667656,4.945598417408506,9.891196834817013,0.9891196834817012,0.0,,0.0,0.0,,9.891196834817013,9.891196834817013,0.9891196834817012,0.0,114.73788328387735,103.85756676557864,87.04253214638972,69.23837784371908,1.0,0.0,0.0,0.0,,,0.06493506493506493,,,0.9891196834817012,,,,,,,0.0,,,
Nehemiah_c002,Nehemiah,380,60,narrative,LBH,1030,1.0,0.0,4.854368932038835,0.0,20.388349514563107,0.10526315789473684,10.679611650485437,0.39285714285714285,16.50485436893204,9.70873786407767,10.679611650485437,0.0,1.941747572815534,3.883495145631068,0.0,0.0,38.83495145631068,38.83495145631068,27.184466019417474,37.86407766990291,8.737864077669903,1.941747572815534,15.533980582524272,6.796116504854369,0.0,0.0,126.2135922330097,17.475728155339805,12.62135922330097,18.446601941747574,0.970873786407767,0.0,1.0,1.941747572815534,0.0,1.0,10.679611650485437,19.41747572815534,1.941747572815534,3.883495145631068,45.631067961165044,107.76699029126213,84.46601941747572,51.45631067961165,1.0,0.0,0.0,1.941747572815534,0.0,,0.10497237569060773,,,0.0,,,,,,,0.0,,,
Nehemiah_c003,Nehemiah,380,60,narrative,LBH,1009,,0.0,0.0,0.0,7.928642220019821,0.25,1.9821605550049552,0.4,2.973240832507433,3.9643211100099105,0.0,0.0,0.0,0.0,0.0,0.9910802775024776,20.81268582755203,12.88404360753221,3.9643211100099105,13.875123885034688,0.9910802775024776,0.9910802775024776,5.946481665014866,3.9643211100099105,0.0,0.0,38.65213082259663,7.928642220019821,6.937561942517344,4.955401387512389,1.9821605550049552,0.0,1.0,0.9910802775024776,0.0,1.0,0.9910802775024776,3.9643211100099105,3.9643211100099105,0.9910802775024776,175.42120911793853,23.785926660059463,222.001982160555,103.07234886025768,,0.0,0.0,0.0,0.0,,0.078125,,,4.955401387512389,,,,,,,0.0,,,
Nehemiah_c004,Nehemiah,380,60,narrative,LBH,1022,,0.0,0.0,0.0,14.677103718199607,0.0,7.8277886497064575,0.4,11.741682974559687,6.8493150684931505,0.0,0.0,0.0,0.0,0.0,0.9784735812133072,55.77299412915851,47.94520547945205,14.677103718199607,13.698630136986301,3.9138943248532287,2.935420743639922,24.46183953033268,4.892367906066536,0.0,0.0,108.6105675146771,38.16046966731898,9.784735812133071,5.870841487279844,2.935420743639922,0.0,,0.0,0.0,1.0,0.9784735812133072,5.870841487279844,13.698630136986301,2.935420743639922,73.38551859099803,120.35225048923678,96.8688845401174,51.85909980430528,,0.0,0.0,0.0,0.0,,0.03488372093023256,,,1.9569471624266144,,,,,,,0.0,,,
Nehemiah_c005,Nehemiah,380,60,narrative,LBH,1014,,0.0,0.0,0.0,8.875739644970414,0.0,4.930966469428008,0.3125,10.848126232741617,2.9585798816568047,0.0,0.0,1.9723865877712032,0.9861932938856016,0.0,0.0,4.930966469428008,22.68244575936884,8.875739644970414,20.710059171597635,4.930966469428008,0.0,14.792899408284024,0.0,0.0,0.0,44.378698224852066,19.723865877712033,7.889546351084813,2.9585798816568047,0.9861932938856016,0.0,,0.0,0.0,,0.9861932938856016,0.0,7.889546351084813,0.9861932938856016,134.1222879684418,85.79881656804733,132.14990138067063,73.96449704142012,1.0,0.0,0.0,0.0,0.0,,0.038461538461538464,,,5.9171597633136095,,,,,,,0.0,,,
Nehemiah_c006,Nehemiah,380,60,narrative,LBH,1001,1.0,0.0,1.998001998001998,0.0,0.999000999000999,,0.999000999000999,1.0,0.0,4.995004995004995,0.999000999000999,0.0,0.0,0.0,0.0,0.0,13.986013986013987,12.987012987012989,0.999000999000999,15.984015984015985,1.998001998001998,0.0,5.994005994005994,0.0,0.0,0.0,22.977022977022976,12.987012987012989,12.987012987012989,2.997002997002997,0.0,0.0,1.0,0.999000999000999,0.0,,0.999000999000999,0.0,0.999000999000999,1.998001998001998,113.88611388611389,34.96503496503497,116.88311688311688,68.93106893106892,,0.0,0.0,0.0,0.0,,0.057692307692307696,0.0,,6.993006993006993,,,,,,,0.0,,,
Nehemiah_c007,Nehemiah,380,60,narrative,LBH,740,,0.0,0.0,0.0,9.45945945945946,0.09090909090909091,2.7027027027027026,0.16666666666666666,13.513513513513514,5.405405405405405,4.054054054054054,0.0,0.0,0.0,0.0,0.0,52.70270270270271,36.48648648648649,12.162162162162163,28.37837837837838,5.405405405405405,0.0,14.864864864864865,6.756756756756757,0.0,0.0,94.5945945945946,31.081081081081084,16.216216216216218,12.162162162162163,1.3513513513513513,0.0,0.0,0.0,1.3513513513513513,1.0,9.45945945945946,9.45945945945946,6.756756756756757,0.0,72.97297297297298,83.78378378378379,93.24324324324324,55.40540540540541,,0.0,0.0,0.0,,0.0,0.07758620689655173,,,0.0,,,,,,,0.0,,,
Zechariah_2_c000,Zechariah_2,350,150,prophecy,LBH,1001,0.25,2.997002997002997,0.999000999000999,0.0,4.995004995004995,0.125,5.994005994005994,0.3,13.986013986013987,20.97902097902098,5.994005994005994,0.999000999000999,4.995004995004995,0.999000999000999,0.0,0.999000999000999,18.98101898101898,69.93006993006993,58.94105894105894,40.95904095904096,0.999000999000999,2.997002997002997,1.998001998001998,11.988011988011989,0.0,0.0,136.86313686313687,29.970029970029973,17.982017982017982,14.985014985014987,1.998001998001998,1.998001998001998,0.5,0.999000999000999,0.999000999000999,,5.994005994005994,6.993006993006993,0.999000999000999,1.998001998001998,82.91708291708291,109.89010989010988,54.94505494505494,51.948051948051955,,0.0,0.0,0.0,0.0,,0.07246376811594203,,,0.999000999000999,,,,,,,0.0,,,
Zechariah_2_c001,Zechariah_2,350,150,prophecy,LBH,986,0.3333333333333333,2.028397565922921,1.0141987829614605,0.0,11.156186612576064,0.0,8.113590263691684,0.3076923076923077,18.255578093306287,4.056795131845842,2.028397565922921,0.0,1.0141987829614605,0.0,0.0,0.0,0.0,63.89452332657201,49.69574036511156,21.298174442190668,0.0,2.028397565922921,13.184584178498985,2.028397565922921,0.0,0.0,106.49087221095336,14.198782961460447,5.070993914807302,21.298174442190668,0.0,1.0141987829614605,1.0,1.0141987829614605,0.0,,31.440162271805274,6.085192697768763,0.0,0.0,90.26369168356999,66.93711967545639,64.90872210953347,60.851926977687626,,0.0,0.0,0.0,,,0.14,0.0,,0.0,,,,,,,0.0,,,
Chronicles_c000,Chronicles,330,40,narrative,LBH,1001,,0.0,0.0,0.0,3.996003996003996,0.0,0.999000999000999,0.3333333333333333,1.998001998001998,0.999000999000999,0.0,0.0,0.0,0.0,0.0,0.0,32.96703296703297,29.970029970029973,0.0,1.998001998001998,0.0,0.0,1.998001998001998,0.0,0.0,0.0,47.952047952047955,14.985014985014987,0.0,2.997002997002997,0.0,0.0,,0.0,0.0,,7.992007992007992,0.0,0.0,0.0,94.90509490509491,33.96603396603397,70.92907092907093,27.972027972027973,,0.0,0.0,0.0,,,0.04477611940298507,0.07142857142857142,,7.992007992007992,,,,,,,0.0,,,
Chronicles_c001,Chronicles,330,40,narrative,LBH,1009,,0.0,0.0,0.0,3.9643211100099105,0.3333333333333333,0.0,0.0,1.9821605550049552,2.973240832507433,0.0,0.0,0.0,0.0,0.0,0.0,10.901883052527255,45.58969276511397,0.9910802775024776,3.9643211100099105,0.0,0.9910802775024776,3.9643211100099105,0.0,0.0,0.0,35.678889990089196,24.777006937561943,1.9821605550049552,3.9643211100099105,0.0,0.0,0.0,0.0,0.9910802775024776,,8.919722497522299,1.9821605550049552,0.9910802775024776,0.0,114.9653121902874,48.56293359762141,67.39345887016849,42.61645193260654,,0.0,0.0,0.0,,,0.05970149253731343,0.09375,,4.955401387512389,,,,,,,0.0,,,
Chronicles_c002,Chronicles,330,40,narrative,LBH,1006,,0.0,0.0,0.125,6.958250497017893,0.0,0.0,0.0,0.9940357852882703,8.946322067594433,0.0,0.0,0.0,0.0,0.0,0.0,23.856858846918488,40.75546719681908,0.0,9.940357852882704,1.9880715705765406,0.9940357852882703,7.952286282306162,0.0,0.0,0.0,40.75546719681908,30.815109343936385,4.970178926441352,4.970178926441352,3.976143141153081,0.0,1.0,0.9940357852882703,0.0,,0.9940357852882703,0.0,1.9880715705765406,2.982107355864811,110.337972166998,84.49304174950298,89.46322067594434,29.82107355864811,,0.0,0.0,0.0,0.0,,0.05813953488372093,0.0,,4.970178926441352,,,,,,,0.0,,,
Chronicles_c003,Chronicles,330,40,narrative,LBH,1014,,0.0,0.0,0.0,2.9585798816568047,,0.0,,0.0,1.9723865877712032,0.0,0.0,0.0,0.0,0.0,0.0,8.875739644970414,8.875739644970414,0.9861932938856016,5.9171597633136095,0.9861932938856016,0.0,3.9447731755424065,0.0,0.0,0.0,19.723865877712033,1.9723865877712032,1.9723865877712032,2.9585798816568047,2.9585798816568047,0.0,,0.0,0.0,,3.9447731755424065,0.0,6.903353057199211,0.0,156.80473372781066,93.68836291913216,134.1222879684418,52.26824457593689,,0.0,0.0,0.0,,,0.1,0.0,,9.861932938856016,,,,,,,0.0,,,
Chronicles_c004,Chronicles,330,40,narrative,LBH,1023,,0.0,0.0,0.0,0.9775171065493646,,1.9550342130987293,1.0,0.0,1.9550342130987293,0.0,0.0,0.9775171065493646,0.0,0.0,0.0,10.752688172043012,26.392961876832846,0.0,9.775171065493646,1.9550342130987293,0.0,3.9100684261974585,0.0,0.0,0.0,27.37047898338221,18.57282502443793,1.9550342130987293,0.9775171065493646,2.932551319648094,0.9775171065493646,,0.0,0.0,,2.932551319648094,0.0,0.0,0.0,115.34701857282502,67.44868035190615,104.59433040078201,35.19061583577713,,0.0,0.0,0.0,,,0.018518518518518517,0.058823529411764705,,6.842619745845552,,,,,,,0.0,,,
Chronicles_c005,Chronicles,330,40,narrative,LBH,1010,,0.0,0.0,0.0,5.9405940594059405,0.0,5.9405940594059405,0.6,3.9603960396039604,7.920792079207921,4.9504950495049505,0.0,0.9900990099009901,0.0,1.9801980198019802,0.0,54.45544554455446,32.67326732673268,9.900990099009901,15.841584158415841,2.9702970297029703,1.9801980198019802,9.900990099009901,1.9801980198019802,0.0,0.0,89.10891089108911,25.74257425742574,6.930693069306931,2.9702970297029703,3.9603960396039604,0.0,0.0,0.0,0.9900990099009901,,9.900990099009901,4.9504950495049505,0.0,2.9702970297029703,79.20792079207921,67.32673267326733,74.25742574257426,58.41584158415842,1.0,0.9900990099009901,0.0,0.0,0.0,,0.022900763358778626,0.0,,4.9504950495049505,,,,,,,0.0,,,
Chronicles_c006,Chronicles,330,40,narrative,LBH,1004,,0.0,0.0,0.0,4.9800796812749,0.0,8.964143426294822,0.5625,6.972111553784861,4.9800796812749,0.0,0.0,0.9960159362549801,0.0,0.0,0.0,20.91633466135458,24.9003984063745,7.968127490039841,16.93227091633466,2.9880478087649402,0.0,14.940239043824702,0.0,0.0,0.0,64.7410358565737,11.952191235059761,6.972111553784861,3.9840637450199203,0.9960159362549801,0.0,,0.0,0.0,,3.9840637450199203,3.9840637450199203,0.9960159362549801,0.9960159362549801,97.60956175298804,58.76494023904383,90.63745019920319,53.78486055776892,,0.0,0.0,0.0,0.0,,0.0449438202247191,,,4.9800796812749,,,,,,,0.0,,,
Chronicles_c007,Chronicles,330,40,narrative,LBH,1015,,0.0,0.0,0.0,7.881773399014778,0.0,11.822660098522169,0.6666666666666666,5.9113300492610845,13.793103448275861,1.9704433497536944,0.0,0.0,0.0,1.9704433497536944,0.9852216748768472,52.216748768472904,29.556650246305416,8.866995073891626,12.807881773399014,0.9852216748768472,0.0,20.689655172413794,2.9556650246305423,0.0,0.0,81.77339901477833,30.541871921182267,6.896551724137931,6.896551724137931,1.9704433497536944,0.0,0.3333333333333333,0.9852216748768472,1.9704433497536944,1.0,2.9556650246305423,10.83743842364532,2.9556650246305423,0.0,85.71428571428571,65.02463054187193,104.43349753694581,38.42364532019704,,0.0,0.0,0.0,,0.0,0.05384615384615385,0.0,,0.9852216748768472,,,,,,,0.0,,,
Chronicles_c008,Chronicles,330,40,narrative,LBH,1013,0.0,0.9871668311944718,0.0,0.0,11.846001974333662,0.0,7.897334649555774,0.6666666666666666,3.948667324777887,8.884501480750247,0.0,0.0,0.9871668311944718,0.0,1.9743336623889436,0.0,25.666337611056267,21.71767028627838,12.833168805528134,22.704837117472852,4.935834155972359,1.9743336623889436,22.704837117472852,27.640671273445214,0.0,0.0,73.05034550839092,27.640671273445214,24.679170779861796,7.897334649555774,3.948667324777887,0.0,1.0,1.9743336623889436,0.0,,7.897334649555774,9.871668311944719,2.9615004935834155,4.935834155972359,87.857847976308,66.14017769002962,85.88351431391905,46.396841066140176,,0.0,0.0,0.0,0.0,,0.056338028169014086,,,2.9615004935834155,,,,,,,0.0,,,
Chronicles_c009,Chronicles,330,40,narrative,LBH,1015,1.0,0.0,2.9556650246305423,0.0,18.7192118226601,0.3333333333333333,5.9113300492610845,0.6,3.940886699507389,9.852216748768473,0.9852216748768472,0.0,0.0,3.940886699507389,0.0,0.0,59.11330049261083,50.24630541871921,15.763546798029555,12.807881773399014,0.9852216748768472,0.0,23.645320197044338,1.9704433497536944,0.0,0.0,104.43349753694581,28.57142857142857,20.689655172413794,7.881773399014778,1.9704433497536944,0.0,0.0,0.0,0.9852216748768472,,18.7192118226601,6.896551724137931,0.9852216748768472,6.896551724137931,77.83251231527095,99.50738916256158,73.89162561576356,31.52709359605911,,0.0,0.0,0.0,0.0,0.0,0.04790419161676647,,,1.9704433497536944,,,,,,,0.0,,,
Chronicles_c010,Chronicles,330,40,narrative,LBH,1021,1.0,0.0,2.9382957884427032,0.0,6.8560235063663075,0.0,15.670910871694417,0.6956521739130435,6.8560235063663075,9.79431929480901,1.9588638589618022,0.0,0.0,2.9382957884427032,0.9794319294809011,0.9794319294809011,81.29285014691479,33.30068560235064,19.58863858961802,14.691478942213516,2.9382957884427032,2.9382957884427032,13.712047012732615,13.712047012732615,0.0,0.0,130.26444662095986,29.382957884427032,5.8765915768854065,10.773751224289912,2.9382957884427032,0.9794319294809011,1.0,0.9794319294809011,0.0,,10.773751224289912,17.62977473065622,6.8560235063663075,2.9382957884427032,81.29285014691479,66.60137120470128,55.827619980411356,52.889324191968655,,0.0,0.0,2.9382957884427032,0.0,0.0,0.05913978494623656,1.0,,0.0,,,,,,,0.0,,,
Chronicles_c011,Chronicles,330,40,narrative,LBH,1005,1.0,0.0,1.990049751243781,0.0,4.975124378109452,0.45454545454545453,1.990049751243781,0.25,5.970149253731344,10.945273631840797,0.9950248756218905,0.0,1.990049751243781,1.990049751243781,0.9950248756218905,0.0,29.850746268656717,30.845771144278608,16.915422885572138,10.945273631840797,1.990049751243781,0.0,22.88557213930348,6.965174129353234,0.0,0.0,79.60199004975124,21.890547263681594,9.950248756218905,7.960199004975124,0.0,0.9950248756218905,,0.0,0.0,,13.930348258706468,6.965174129353234,4.975124378109452,0.9950248756218905,101.49253731343283,63.68159203980099,107.46268656716418,65.67164179104478,,0.0,0.0,0.9950248756218905,0.0,0.0,0.06611570247933884,1.0,,2.985074626865672,,,,,,,0.0,,,
Chronicles_c012,Chronicles,330,40,narrative,LBH,1017,,0.0,0.0,0.0,0.9832841691248771,0.0,0.0,0.0,1.9665683382497543,2.949852507374631,0.9832841691248771,0.0,0.0,0.0,0.0,0.0,14.749262536873156,6.88298918387414,0.0,5.899705014749262,3.9331366764995086,0.9832841691248771,6.88298918387414,0.0,0.0,0.0,18.682399213372666,8.849557522123893,4.916420845624385,5.899705014749262,0.0,0.0,,0.0,0.0,,4.916420845624385,0.0,0.9832841691248771,0.0,85.54572271386431,79.64601769911505,150.4424778761062,48.18092428711898,,0.0,0.0,0.0,,,0.15,1.0,,5.899705014749262,,,,,,,0.0,,,
Chronicles_c013,Chronicles,330,40,narrative,LBH,1002,,0.0,0.0,0.3333333333333333,1.996007984031936,0.0,0.0,0.0,3.992015968063872,1.996007984031936,0.0,0.0,0.0,0.0,0.0,0.0,6.986027944111776,10.978043912175648,0.0,10.978043912175648,0.0,0.0,3.992015968063872,0.0,0.0,0.0,17.964071856287426,8.982035928143713,3.992015968063872,1.996007984031936,0.0,0.0,,0.0,0.0,,1.996007984031936,0.998003992015968,0.0,0.0,107.78443113772455,41.91616766467065,110.77844311377245,66.86626746506987,,0.0,0.0,0.0,,,0.06060606060606061,,,6.986027944111776,,,,,,,0.0,,,
Chronicles_c014,Chronicles,330,40,narrative,LBH,1008,1.0,0.0,1.984126984126984,0.0,1.984126984126984,0.0,0.992063492063492,0.2,3.968253968253968,10.912698412698411,0.992063492063492,0.0,0.992063492063492,1.984126984126984,0.0,0.0,13.888888888888888,18.849206349206348,12.896825396825395,11.904761904761903,2.976190476190476,0.0,13.888888888888888,10.912698412698411,0.0,0.0,58.53174603174603,11.904761904761903,4.9603174603174605,2.976190476190476,4.9603174603174605,0.0,,0.0,0.0,1.0,2.976190476190476,5.952380952380952,4.9603174603174605,0.0,133.92857142857142,72.42063492063492,112.10317460317461,89.28571428571429,,0.0,0.0,0.0,,,0.03488372093023256,,,1.984126984126984,,,,,,,0.0,,,
Chronicles_c015,Chronicles,330,40,narrative,LBH,1012,1.0,0.0,4.940711462450593,0.0,21.73913043478261,0.14285714285714285,2.9644268774703555,0.3333333333333333,5.928853754940711,11.857707509881422,1.976284584980237,0.0,1.976284584980237,4.940711462450593,0.0,0.0,39.52569169960474,32.608695652173914,14.822134387351777,10.869565217391305,1.976284584980237,0.0,15.810276679841897,6.91699604743083,0.0,0.0,84.98023715415019,21.73913043478261,7.905138339920948,2.9644268774703555,3.952569169960474,0.0,0.0,0.0,3.952569169960474,1.0,5.928853754940711,6.91699604743083,9.881422924901186,0.9881422924901185,78.06324110671936,88.93280632411067,97.82608695652175,45.45454545454545,1.0,0.0,0.0,0.9881422924901185,0.0,,0.024193548387096774,,,4.940711462450593,,,,,,,0.0,,,
Chronicles_c016,Chronicles,330,40,narrative,LBH,1008,1.0,0.0,1.984126984126984,0.0,15.873015873015872,,1.984126984126984,1.0,0.0,1.984126984126984,0.0,0.0,1.984126984126984,1.984126984126984,0.0,0.0,37.698412698412696,18.849206349206348,8.928571428571429,21.825396825396822,2.976190476190476,1.984126984126984,13.888888888888888,0.992063492063492,0.0,0.0,68.45238095238096,18.849206349206348,14.88095238095238,2.976190476190476,0.0,1.984126984126984,,0.0,0.0,,0.0,2.976190476190476,8.928571428571429,0.0,69.44444444444444,60.51587301587302,140.87301587301587,125.0,1.0,0.0,0.0,0.0,,,0.027777777777777776,,,3.968253968253968,,,,,,,0.0,,,
Chronicles_c017,Chronicles,330,40,narrative,LBH,1014,1.0,0.0,0.9861932938856016,0.0,22.68244575936884,0.23076923076923078,16.765285996055226,0.6296296296296297,9.861932938856016,9.861932938856016,0.0,0.0,0.9861932938856016,1.9723865877712032,1.9723865877712032,0.0,35.50295857988166,38.46153846153847,13.806706114398422,14.792899408284024,3.9447731755424065,0.0,28.599605522682445,0.9861932938856016,0.0,0.0,86.78500986193293,14.792899408284024,19.723865877712033,9.861932938856016,3.9447731755424065,0.0,,0.0,0.0,0.8,11.834319526627219,7.889546351084813,2.9585798816568047,2.9585798816568047,95.66074950690336,77.90927021696253,87.77120315581854,44.378698224852066,,0.0,0.0,0.0,0.0,,0.07246376811594203,,,1.9723865877712032,,,,,,,0.0,,,
Chronicles_c018,Chronicles,330,40,narrative,LBH,1015,1.0,0.0,0.9852216748768472,0.0,27.586206896551722,0.14285714285714285,13.793103448275861,0.7,5.9113300492610845,19.704433497536947,0.9852216748768472,0.0,0.0,3.940886699507389,0.0,0.9852216748768472,10.83743842364532,70.93596059113301,45.320197044334975,10.83743842364532,2.9556650246305423,0.0,25.61576354679803,1.9704433497536944,0.0,0.0,125.12315270935962,17.733990147783253,8.866995073891626,6.896551724137931,8.866995073891626,0.0,1.0,0.9852216748768472,0.0,1.0,9.852216748768473,1.9704433497536944,8.866995073891626,3.940886699507389,68.9655172413793,119.21182266009852,62.06896551724138,45.320197044334975,,0.0,0.0,0.9852216748768472,0.0,,0.04093567251461988,,,0.0,,,,,,,0.0,,,
Chronicles_c019,Chronicles,330,40,narrative,LBH,1007,,0.0,0.0,0.0,32.77060575968222,0.0,5.958291956305859,0.3157894736842105,12.909632571996028,3.972194637537239,0.9930486593843098,0.0,0.9930486593843098,0.0,1.9860973187686195,0.0,32.77060575968222,54.61767626613704,9.9304865938431,16.881827209533267,4.96524329692155,0.0,10.923535253227408,0.0,0.0,0.0,88.38133068520357,23.833167825223438,6.951340615690168,6.951340615690168,0.0,1.9860973187686195,0.0,0.0,0.9930486593843098,,7.944389275074478,4.96524329692155,10.923535253227408,3.972194637537239,97.31876861966236,80.4369414101291,101.2909632571996,79.4438927507448,,0.0,0.0,0.0,0.0,1.0,0.05343511450381679,,,2.9791459781529297,,,,,,,0.0,,,
Chronicles_c020,Chronicles,330,40,narrative,LBH,1017,1.0,0.0,3.9331366764995086,0.0,16.715830875122908,0.125,17.699115044247787,0.72,6.88298918387414,7.866273352999017,0.0,0.0,0.0,2.949852507374631,0.0,0.0,50.147492625368734,35.39823008849557,10.81612586037365,14.749262536873156,1.9665683382497543,0.9832841691248771,24.582104228121928,7.866273352999017,0.0,0.0,96.36184857423795,21.6322517207473,17.699115044247787,8.849557522123893,1.9665683382497543,0.0,1.0,1.9665683382497543,0.0,,10.81612586037365,16.715830875122908,6.88298918387414,6.88298918387414,75.71288102261553,75.71288102261553,83.57915437561455,48.18092428711898,,0.0,0.0,0.0,0.0,0.0,0.06040268456375839,,,0.9832841691248771,,,,,,,0.0,,,
Chronicles_c021,Chronicles,330,40,narrative,LBH,1006,1.0,0.0,0.9940357852882703,0.0,6.958250497017893,0.07692307692307693,3.976143141153081,0.25,11.928429423459244,10.934393638170976,0.9940357852882703,0.0,1.9880715705765406,0.9940357852882703,0.0,0.9940357852882703,57.65407554671968,41.74950298210735,5.964214711729622,9.940357852882704,4.970178926441352,0.0,17.892644135188867,0.9940357852882703,0.0,0.0,101.39165009940358,18.886679920477135,2.982107355864811,9.940357852882704,5.964214711729622,0.0,0.0,0.0,0.9940357852882703,,10.934393638170976,5.964214711729622,3.976143141153081,0.0,109.34393638170974,75.54671968190854,108.34990059642146,71.57057654075547,1.0,0.0,0.0,0.0,,,0.07142857142857142,0.0,,1.9880715705765406,,,,,,,0.0,,,
Chronicles_c022,Chronicles,330,40,narrative,LBH,1023,,0.0,0.0,0.0,6.842619745845552,0.35714285714285715,8.797653958944283,0.5,8.797653958944283,16.617790811339198,2.932551319648094,0.0,2.932551319648094,0.9775171065493646,0.0,0.0,61.58357771260997,34.21309872922776,10.752688172043012,12.707722385141741,0.9775171065493646,1.9550342130987293,13.685239491691105,4.887585532746823,0.0,0.0,96.77419354838709,20.527859237536656,6.842619745845552,12.707722385141741,1.9550342130987293,0.9775171065493646,1.0,1.9550342130987293,0.0,,8.797653958944283,5.865102639296188,2.932551319648094,0.9775171065493646,88.95405669599218,86.0215053763441,78.20136852394917,70.38123167155426,,0.0,0.0,0.0,0.0,,0.09027777777777778,,,4.887585532746823,,,,,,,0.0,,,
Chronicles_c023,Chronicles,330,40,narrative,LBH,1006,1.0,0.0,2.982107355864811,0.0,10.934393638170976,0.2727272727272727,19.880715705765407,0.7142857142857143,7.952286282306162,5.964214711729622,1.9880715705765406,0.9940357852882703,2.982107355864811,0.9940357852882703,0.0,0.0,61.63021868787277,27.833001988071572,24.85089463220676,18.886679920477135,2.982107355864811,0.9940357852882703,11.928429423459244,14.910536779324055,0.0,0.0,121.27236580516897,11.928429423459244,17.892644135188867,4.970178926441352,5.964214711729622,0.0,,0.0,0.0,,7.952286282306162,38.767395626242546,7.952286282306162,6.958250497017893,84.49304174950298,83.4990059642147,63.6182902584493,51.68986083499006,,0.0,0.0,1.9880715705765406,0.0,,0.030303030303030304,,,1.9880715705765406,,,,,,,0.0,,,
Chronicles_c024,Chronicles,330,40,narrative,LBH,1000,,0.0,0.0,0.0,4.0,0.1875,9.0,0.4090909090909091,13.0,14.0,3.0,0.0,5.0,2.0,0.0,1.0,47.0,30.0,23.0,24.0,1.0,0.0,26.0,20.0,0.0,0.0,120.0,24.0,11.0,10.0,4.0,1.0,1.0,2.0,0.0,1.0,9.0,14.0,4.0,0.0,91.0,84.0,62.0,31.0,1.0,0.0,0.0,0.0,,,0.05847953216374269,,,0.0,,,,,,,0.0,,,
Chronicles_c025,Chronicles,330,40,narrative,LBH,1010,,0.0,0.0,0.0,8.91089108910891,0.2857142857142857,8.91089108910891,0.47368421052631576,9.900990099009901,14.85148514851485,5.9405940594059405,0.0,2.9702970297029703,0.0,0.9900990099009901,0.0,58.41584158415842,48.51485148514852,1.9801980198019802,16.831683168316832,0.9900990099009901,0.0,27.722772277227723,0.0,0.0,0.0,114.85148514851485,17.82178217821782,6.930693069306931,7.920792079207921,4.9504950495049505,0.9900990099009901,1.0,0.9900990099009901,0.0,,9.900990099009901,4.9504950495049505,2.9702970297029703,9.900990099009901,110.89108910891089,88.11881188118811,84.15841584158416,58.41584158415842,,0.0,0.0,0.0,0.0,,0.05128205128205128,,,3.9603960396039604,,,,,,,0.0,,,
Chronicles_c026,Chronicles,330,40,narrative,LBH,1006,,0.0,0.0,0.0,5.964214711729622,0.0,8.946322067594433,0.6,5.964214711729622,6.958250497017893,1.9880715705765406,0.0,1.9880715705765406,0.0,0.0,0.0,62.62425447316103,20.874751491053676,14.910536779324055,18.886679920477135,2.982107355864811,0.9940357852882703,12.922465208747514,3.976143141153081,0.0,0.0,93.43936381709742,23.856858846918488,15.904572564612325,0.0,1.9880715705765406,2.982107355864811,,0.0,0.0,1.0,7.952286282306162,7.952286282306162,5.964214711729622,0.0,117.2962226640159,47.713717693836976,66.60039761431412,60.63618290258449,,0.0,0.0,0.0,,,0.0,0.0,,2.982107355864811,,,,,,,0.0,,,
Chronicles_c027,Chronicles,330,40,narrative,LBH,1008,,0.0,0.0,0.0,10.912698412698411,0.07692307692307693,9.920634920634921,0.45454545454545453,11.904761904761903,13.888888888888888,0.0,0.0,2.976190476190476,0.992063492063492,0.992063492063492,2.976190476190476,68.45238095238096,46.62698412698413,13.888888888888888,9.920634920634921,3.968253968253968,0.992063492063492,21.825396825396822,6.944444444444444,0.0,0.0,126.98412698412697,28.76984126984127,4.9603174603174605,3.968253968253968,5.952380952380952,0.0,,0.0,0.0,,5.952380952380952,13.888888888888888,5.952380952380952,4.9603174603174605,112.10317460317461,87.30158730158729,86.30952380952381,46.62698412698413,,0.0,0.0,0.0,0.0,,0.022988505747126436,,,4.9603174603174605,,,,,,,0.0,,,
Chronicles_c028,Chronicles,330,40,narrative,LBH,1022,,0.0,0.0,0.0,4.892367906066536,0.0,2.935420743639922,0.375,4.892367906066536,10.76320939334638,3.9138943248532287,0.0,2.935420743639922,0.9784735812133072,0.0,0.0,60.665362035225044,38.16046966731898,0.0,13.698630136986301,5.870841487279844,0.0,21.52641878669276,0.9784735812133072,0.0,0.0,100.78277886497064,24.46183953033268,3.9138943248532287,5.870841487279844,0.9784735812133072,0.0,,0.0,0.0,,7.8277886497064575,3.9138943248532287,4.892367906066536,1.9569471624266144,104.69667318982387,80.23483365949119,108.6105675146771,68.4931506849315,,0.0,0.0,0.0,0.0,,0.041666666666666664,,,0.9784735812133072,,,,,,,0.0,,,
Chronicles_c029,Chronicles,330,40,narrative,LBH,1001,,0.0,0.0,0.0,5.994005994005994,0.0,0.999000999000999,0.14285714285714285,5.994005994005994,11.988011988011989,0.999000999000999,0.0,2.997002997002997,3.996003996003996,0.0,2.997002997002997,69.93006993006993,32.96703296703297,4.995004995004995,7.992007992007992,1.998001998001998,0.999000999000999,16.983016983016984,5.994005994005994,0.0,0.0,80.91908091908091,37.96203796203796,18.98101898101898,1.998001998001998,1.998001998001998,0.0,,0.0,0.0,1.0,2.997002997002997,6.993006993006993,2.997002997002997,0.0,108.8911088911089,78.92107892107893,88.91108891108891,64.93506493506493,,0.0,0.0,0.0,,0.0,0.014084507042253521,,,2.997002997002997,,,,,,,0.0,,,
Chronicles_c030,Chronicles,330,40,narrative,LBH,1020,,0.0,0.0,0.0,5.88235294117647,0.0,3.9215686274509802,0.25,11.76470588235294,12.745098039215685,2.941176470588235,0.0,0.0,1.9607843137254901,0.0,0.9803921568627451,49.01960784313725,27.45098039215686,7.8431372549019605,21.56862745098039,1.9607843137254901,0.9803921568627451,28.431372549019606,5.88235294117647,0.0,0.0,74.50980392156863,27.45098039215686,17.647058823529413,11.76470588235294,8.823529411764707,0.0,,0.0,0.0,1.0,7.8431372549019605,4.901960784313726,2.941176470588235,0.9803921568627451,88.23529411764706,40.196078431372555,99.01960784313725,61.76470588235294,,0.0,0.0,0.0,0.0,,0.0821917808219178,,,0.9803921568627451,,,,,,,0.0,,,
Chronicles_c031,Chronicles,330,40,narrative,LBH,1010,1.0,0.0,0.9900990099009901,0.0,8.91089108910891,0.0,4.9504950495049505,0.4166666666666667,6.930693069306931,6.930693069306931,0.9900990099009901,0.0,0.0,0.9900990099009901,0.0,0.0,38.613861386138616,23.762376237623762,16.831683168316832,7.920792079207921,2.9702970297029703,3.9603960396039604,33.663366336633665,1.9801980198019802,0.0,0.0,74.25742574257426,29.7029702970297,9.900990099009901,6.930693069306931,6.930693069306931,0.0,,0.0,0.0,1.0,0.0,13.861386138613861,6.930693069306931,0.0,100.0,84.15841584158416,105.94059405940594,65.34653465346535,,0.0,0.0,0.0,,,0.05343511450381679,,,0.9900990099009901,,,,,,,0.0,,,
Chronicles_c032,Chronicles,330,40,narrative,LBH,1007,,0.0,0.0,0.0,15.888778550148956,0.0,7.944389275074478,0.5714285714285714,5.958291956305859,3.972194637537239,0.0,0.0,2.9791459781529297,0.0,0.0,0.0,56.60377358490566,52.63157894736842,3.972194637537239,10.923535253227408,1.9860973187686195,0.9930486593843098,20.85402184707051,0.0,0.0,0.0,83.41608738828204,32.77060575968222,20.85402184707051,7.944389275074478,1.9860973187686195,0.0,,0.0,0.0,,3.972194637537239,3.972194637537239,1.9860973187686195,1.9860973187686195,100.29791459781529,87.38828202581927,116.18669314796425,62.56206554121152,,0.0,0.0,0.0,0.0,0.0,0.053691275167785234,,,4.96524329692155,,,,,,,0.0,,,
Chronicles_c033,Chronicles,330,40,narrative,LBH,1017,1.0,0.0,1.9665683382497543,0.0,14.749262536873156,0.2,10.81612586037365,0.7333333333333333,3.9331366764995086,0.9832841691248771,0.9832841691248771,0.0,1.9665683382497543,0.9832841691248771,0.0,0.0,44.24778761061947,24.582104228121928,4.916420845624385,29.49852507374631,7.866273352999017,0.0,21.6322517207473,9.83284169124877,0.0,0.0,92.42871189773845,21.6322517207473,9.83284169124877,12.782694198623402,0.9832841691248771,4.916420845624385,,0.0,0.0,,0.9832841691248771,10.81612586037365,9.83284169124877,2.949852507374631,110.12782694198624,61.94690265486726,86.5290068829892,50.147492625368734,,0.0,0.0,0.0,0.0,,0.0896551724137931,,,1.9665683382497543,,,,,,,0.0,,,
Chronicles_c034,Chronicles,330,40,narrative,LBH,958,,0.0,0.0,0.0,8.35073068893528,0.2222222222222222,5.219206680584551,0.4166666666666667,7.306889352818371,6.263048016701462,3.131524008350731,0.0,3.131524008350731,0.0,0.0,0.0,49.06054279749478,41.75365344467641,2.08768267223382,13.569937369519835,5.219206680584551,2.08768267223382,28.183716075156575,2.08768267223382,0.0,0.0,78.28810020876827,39.66597077244259,10.438413361169102,11.482254697286013,3.131524008350731,1.04384133611691,,0.0,0.0,,2.08768267223382,6.263048016701462,5.219206680584551,2.08768267223382,116.91022964509393,94.98956158663883,93.94572025052192,60.54279749478079,,0.0,0.0,0.0,0.0,,0.07971014492753623,,,3.131524008350731,,,,,,,0.0,,,
Esther_c000,Esther,300,60,narrative,LBH,1008,,0.0,0.0,0.0,17.857142857142858,0.18181818181818182,16.865079365079364,0.6538461538461539,8.928571428571429,10.912698412698411,0.992063492063492,0.0,0.0,0.0,0.0,0.0,18.849206349206348,25.79365079365079,20.833333333333332,22.817460317460316,1.984126984126984,0.992063492063492,26.785714285714285,0.0,0.0,0.0,83.33333333333333,11.904761904761903,9.920634920634921,9.920634920634921,0.992063492063492,1.984126984126984,1.0,1.984126984126984,0.0,,6.944444444444444,8.928571428571429,5.952380952380952,0.992063492063492,116.07142857142857,58.53174603174603,80.35714285714286,97.22222222222223,,0.0,0.0,0.0,0.0,,0.08403361344537816,,,11.904761904761903,,,,,,,0.0,,,
Esther_c001,Esther,300,60,narrative,LBH,1013,1.0,0.0,0.9871668311944718,0.0,19.743336623889437,0.45454545454545453,17.769002961500494,0.75,5.923000987166831,5.923000987166831,0.0,0.0,0.0,0.0,0.0,0.0,48.37117472852912,25.666337611056267,12.833168805528134,21.71767028627838,4.935834155972359,1.9743336623889436,33.563672260612044,0.0,0.0,0.0,75.02467917077986,28.627838104639686,15.794669299111549,20.73050345508391,1.9743336623889436,0.9871668311944718,1.0,3.948667324777887,0.0,,2.9615004935834155,7.897334649555774,6.910167818361304,0.0,95.75518262586377,62.19151036525173,46.396841066140176,60.21717670286279,,0.0,0.0,0.0,,,0.1390728476821192,,,5.923000987166831,,,,,,,0.0,,,
Esther_c002,Esther,300,60,narrative,LBH,1007,1.0,0.0,3.972194637537239,0.0,27.805362462760673,0.25,12.909632571996028,0.6842105263157895,5.958291956305859,3.972194637537239,2.9791459781529297,0.0,0.9930486593843098,0.0,0.0,0.0,55.610724925521346,43.69414101290963,23.833167825223438,16.881827209533267,2.9791459781529297,1.9860973187686195,18.867924528301884,8.937437934458789,0.0,0.0,121.15193644488579,18.867924528301884,12.909632571996028,18.867924528301884,0.9930486593843098,0.0,1.0,0.9930486593843098,0.0,,2.9791459781529297,25.819265143992055,6.951340615690168,0.9930486593843098,56.60377358490566,78.45084409136048,23.833167825223438,46.67328699106256,,0.0,0.0,0.0,0.0,,0.10919540229885058,,,7.944389275074478,,,,,,,0.0,,,
Esther_c003,Esther,300,60,narrative,LBH,1008,1.0,0.0,0.992063492063492,0.0,20.833333333333332,0.3333333333333333,5.952380952380952,0.75,1.984126984126984,9.920634920634921,2.976190476190476,0.0,1.984126984126984,0.0,0.0,0.0,27.777777777777775,45.63492063492063,8.928571428571429,21.825396825396822,3.968253968253968,3.968253968253968,19.841269841269842,2.976190476190476,0.0,0.0,91.26984126984127,12.896825396825395,10.912698412698411,16.865079365079364,1.984126984126984,0.0,1.0,1.984126984126984,0.0,,1.984126984126984,7.936507936507936,8.928571428571429,1.984126984126984,85.31746031746032,47.61904761904761,44.642857142857146,81.34920634920636,,0.0,0.0,0.0,0.0,0.0,0.125,,,0.992063492063492,,,,,,,0.0,,,
Esther_c004,Esther,300,60,narrative,LBH,585,,0.0,0.0,0.0,20.512820512820515,0.0,8.547008547008549,0.45454545454545453,10.256410256410257,3.4188034188034186,1.7094017094017093,0.0,0.0,0.0,0.0,0.0,11.965811965811966,39.31623931623932,6.837606837606837,23.931623931623932,3.4188034188034186,11.965811965811966,18.803418803418804,0.0,0.0,0.0,76.92307692307693,5.128205128205129,20.512820512820515,13.675213675213675,0.0,0.0,,0.0,0.0,,3.4188034188034186,1.7094017094017093,0.0,0.0,92.3076923076923,80.34188034188035,66.66666666666667,87.17948717948717,,0.0,0.0,0.0,,,0.11764705882352941,,,1.7094017094017093,,,,,,,0.0,,,
Ecclesiastes_c000,Ecclesiastes,250,120,wisdom,LBH,1023,1.0,0.0,14.66275659824047,0.7441860465116279,10.752688172043012,0.35294117647058826,4.887585532746823,0.3125,10.752688172043012,11.730205278592376,14.66275659824047,0.0,3.9100684261974585,0.0,0.9775171065493646,0.0,0.9775171065493646,70.38123167155426,29.32551319648094,24.437927663734115,2.932551319648094,1.9550342130987293,46.9208211143695,2.932551319648094,0.0,0.0,148.58260019550343,12.707722385141741,8.797653958944283,7.820136852394917,0.0,0.0,0.5,0.9775171065493646,0.9775171065493646,,15.640273704789834,5.865102639296188,8.797653958944283,7.820136852394917,75.26881720430107,69.40371456500488,53.763440860215056,46.9208211143695,,0.0,0.0,0.9775171065493646,0.0,0.0,0.043478260869565216,0.0,,3.9100684261974585,,,,,,,0.0,,,
Ecclesiastes_c001,Ecclesiastes,250,120,wisdom,LBH,1027,1.0,0.0,7.789678675754625,0.3684210526315789,23.369036027263874,0.53125,2.9211295034079843,0.16666666666666666,14.605647517039923,26.29016553067186,13.631937682570594,0.0,1.9474196689386563,0.0,0.0,0.0,1.9474196689386563,42.843232716650434,51.606621226874395,25.31645569620253,3.8948393378773125,5.8422590068159685,26.29016553067186,2.9211295034079843,0.0,0.0,122.68743914313535,16.553067185978577,12.658227848101266,6.815968841285297,0.9737098344693281,0.0,1.0,0.9737098344693281,0.0,,10.710808179162608,3.8948393378773125,4.868549172346641,5.8422590068159685,79.8442064264849,81.79162609542357,47.71178188899708,42.843232716650434,,0.0,0.0,0.0,0.16666666666666666,0.0,0.04242424242424243,0.3333333333333333,,3.8948393378773125,,,,,,,0.0,,,
Ecclesiastes_c002,Ecclesiastes,250,120,wisdom,LBH,1013,1.0,0.0,4.935834155972359,0.20930232558139536,33.563672260612044,0.3333333333333333,6.910167818361304,0.25925925925925924,19.743336623889437,23.692003948667324,15.794669299111549,0.0,0.0,0.0,0.0,0.0,0.0,44.42250740375123,62.19151036525173,23.692003948667324,0.9871668311944718,4.935834155972359,24.679170779861796,5.923000987166831,0.0,0.0,120.43435340572557,12.833168805528134,16.781836130306022,11.846001974333662,2.9615004935834155,0.0,0.8,3.948667324777887,0.9871668311944718,,12.833168805528134,5.923000987166831,5.923000987166831,7.897334649555774,74.03751233958539,57.25567620927937,42.44817374136229,55.28134254689043,,0.0,0.0,0.0,0.125,,0.07100591715976332,1.0,,3.948667324777887,,,,,,,0.0,,,
Ecclesiastes_c003,Ecclesiastes,250,120,wisdom,LBH,1170,1.0,0.0,0.8547008547008547,0.3939393939393939,17.094017094017097,0.36666666666666664,6.837606837606837,0.2962962962962963,16.239316239316242,20.512820512820515,11.11111111111111,0.0,0.0,0.0,0.0,0.0,0.0,37.60683760683761,63.24786324786324,35.042735042735046,4.273504273504274,6.837606837606837,5.128205128205129,14.52991452991453,0.0,0.0,107.6923076923077,22.22222222222222,15.384615384615385,17.94871794871795,1.7094017094017093,0.0,1.0,0.8547008547008547,0.0,,5.982905982905983,3.4188034188034186,4.273504273504274,6.837606837606837,70.94017094017094,71.7948717948718,71.7948717948718,63.24786324786324,,0.0,0.0,0.0,0.125,,0.1076923076923077,,,9.401709401709402,,,,,,,0.0,,,
Daniel_c000,Daniel,167,10,apocalyptic,LBH,1008,1.0,0.0,5.952380952380952,0.0,16.865079365079364,0.2727272727272727,9.920634920634921,0.5555555555555556,7.936507936507936,1.984126984126984,0.0,0.0,3.968253968253968,0.0,0.0,0.0,52.57936507936508,38.69047619047619,19.841269841269842,27.777777777777775,0.0,0.992063492063492,12.896825396825395,3.968253968253968,0.0,0.0,89.28571428571429,32.73809523809524,16.865079365079364,12.896825396825395,2.976190476190476,1.984126984126984,1.0,2.976190476190476,0.0,,9.920634920634921,8.928571428571429,6.944444444444444,0.0,94.24603174603175,91.26984126984127,66.46825396825396,60.51587301587302,,0.0,0.0,0.992063492063492,,,0.08227848101265822,,,6.944444444444444,,,,,,,0.0,,,
Daniel_c001,Daniel,167,10,apocalyptic,LBH,1007,0.9166666666666666,0.9930486593843098,10.923535253227408,0.0,21.847070506454816,0.14285714285714285,12.909632571996028,0.52,11.916583912611719,10.923535253227408,0.0,0.0,1.9860973187686195,3.972194637537239,0.0,0.9930486593843098,22.840119165839127,62.56206554121152,9.9304865938431,24.826216484607745,3.972194637537239,2.9791459781529297,23.833167825223438,14.895729890764647,0.0,0.0,94.33962264150944,27.805362462760673,12.909632571996028,20.85402184707051,6.951340615690168,1.9860973187686195,1.0,0.9930486593843098,0.0,,5.958291956305859,4.96524329692155,2.9791459781529297,0.9930486593843098,70.506454816286,128.10327706057598,94.33962264150944,79.4438927507448,1.0,0.0,0.0,0.9930486593843098,0.0,,0.12574850299401197,,,3.972194637537239,,,,,,,0.0,,,
Daniel_c002,Daniel,167,10,apocalyptic,LBH,1422,1.0,0.0,4.219409282700422,0.0,5.625879043600563,0.13333333333333333,5.625879043600563,0.23529411764705882,18.28410689170183,7.7355836849507735,1.4064697609001406,0.0,3.5161744022503516,2.109704641350211,0.0,0.7032348804500703,10.548523206751055,60.47819971870605,73.83966244725738,24.61322081575246,2.8129395218002813,1.4064697609001406,16.17440225035162,4.219409282700422,0.0,0.0,111.81434599156118,30.942334739803094,14.767932489451477,24.61322081575246,11.251758087201125,0.7032348804500703,,0.0,0.0,,4.219409282700422,4.922644163150492,4.922644163150492,1.4064697609001406,79.46554149085796,87.20112517580871,68.91701828410689,63.9943741209564,,0.0,0.0,0.0,0.0,0.0,0.12681159420289856,0.0,,10.548523206751055,,,,,,,0.0,,,
Jer_oracle_c000,Jer_oracle,605,30,prophecy,SBH,1005,0.6,3.980099502487562,5.970149253731344,0.0,8.955223880597016,0.038461538461538464,16.915422885572138,0.40476190476190477,24.875621890547265,19.90049751243781,4.975124378109452,1.990049751243781,4.975124378109452,0.9950248756218905,0.0,0.9950248756218905,24.875621890547265,70.64676616915423,45.77114427860696,23.880597014925375,1.990049751243781,0.9950248756218905,28.855721393034823,17.910447761194032,0.0,0.0,155.22388059701493,27.860696517412936,15.920398009950247,13.930348258706468,0.9950248756218905,0.0,1.0,1.990049751243781,0.0,,9.950248756218905,24.875621890547265,4.975124378109452,8.955223880597016,96.51741293532338,154.22885572139302,75.62189054726367,59.701492537313435,,0.9950248756218905,0.0,0.0,0.0,,0.06481481481481481,0.0,,1.990049751243781,,,,,,,0.0,,,
Jer_oracle_c001,Jer_oracle,605,30,prophecy,SBH,1008,0.4,2.976190476190476,1.984126984126984,0.0,2.976190476190476,0.12903225806451613,12.896825396825395,0.325,26.785714285714285,20.833333333333332,2.976190476190476,0.0,7.936507936507936,1.984126984126984,0.0,1.984126984126984,18.849206349206348,73.41269841269842,49.6031746031746,17.857142857142858,0.0,5.952380952380952,8.928571428571429,24.8015873015873,0.0,0.0,141.86507936507937,24.8015873015873,11.904761904761903,13.888888888888888,2.976190476190476,0.0,,0.0,0.0,,8.928571428571429,14.88095238095238,3.968253968253968,5.952380952380952,76.3888888888889,113.0952380952381,79.36507936507937,64.48412698412699,1.0,0.992063492063492,0.0,0.0,0.0,,0.06965174129353234,,,7.936507936507936,,,,,,,0.0,,,
Jer_oracle_c002,Jer_oracle,605,30,prophecy,SBH,1019,0.5,0.9813542688910696,0.9813542688910696,0.0,5.888125613346418,0.09523809523809523,4.906771344455349,0.11627906976744186,37.29146221786065,21.589793915603533,4.906771344455349,3.9254170755642783,4.906771344455349,0.0,0.0,0.0,11.776251226692835,75.56427870461236,74.5829244357213,29.440628066732092,4.906771344455349,2.944062806673209,10.794896957801766,28.459273797841018,0.0,0.0,159.96074582924436,28.459273797841018,22.571148184494604,18.645731108930324,5.888125613346418,0.9813542688910696,0.75,2.944062806673209,0.9813542688910696,0.0,5.888125613346418,14.720314033366046,1.9627085377821392,3.9254170755642783,54.9558390578999,119.7252208047105,64.7693817468106,64.7693817468106,,1.9627085377821392,0.0,3.9254170755642783,0.0,,0.07818930041152264,,,0.9813542688910696,,,,,,,0.0,,,
Jer_oracle_c003,Jer_oracle,605,30,prophecy,SBH,1020,,0.0,0.0,0.0,11.76470588235294,0.34375,5.88235294117647,0.2222222222222222,20.58823529411765,18.627450980392158,1.9607843137254901,4.901960784313726,8.823529411764707,0.0,0.0,0.0,9.803921568627452,87.25490196078431,51.96078431372549,34.313725490196084,1.9607843137254901,5.88235294117647,8.823529411764707,11.76470588235294,0.0,0.0,139.2156862745098,21.56862745098039,22.549019607843135,22.549019607843135,2.941176470588235,0.9803921568627451,,0.0,0.0,,0.9803921568627451,11.76470588235294,8.823529411764707,7.8431372549019605,89.2156862745098,118.62745098039215,68.62745098039217,75.49019607843137,1.0,0.0,0.0,0.0,0.0,,0.10648148148148148,0.0,,4.901960784313726,,,,,,,0.0,,,
Jer_oracle_c004,Jer_oracle,605,30,prophecy,SBH,1033,1.0,0.0,1.936108422071636,0.0,10.648596321393997,0.25,6.7763794772507255,0.25,20.329138431752177,23.23330106485963,5.808325266214908,0.0,4.84027105517909,0.0,0.0,1.936108422071636,15.488867376573088,71.63601161665053,46.46660212971926,29.04162633107454,2.904162633107454,7.744433688286544,11.616650532429816,16.456921587608907,0.0,0.0,134.55953533397872,24.201355275895448,15.488867376573088,13.552758954501451,4.84027105517909,0.968054211035818,,0.0,0.0,,6.7763794772507255,11.616650532429816,3.872216844143272,9.68054211035818,80.34849951597289,126.81510164569215,53.24298160696999,59.0513068731849,,0.968054211035818,0.0,0.0,0.0,,0.0673076923076923,,,4.84027105517909,,,,,,,0.0,,,
Jer_oracle_c005,Jer_oracle,605,30,prophecy,SBH,1004,0.6666666666666666,0.9960159362549801,1.9920318725099602,0.0,8.964143426294822,0.25,16.93227091633466,0.4146341463414634,23.904382470119522,21.912350597609564,4.9800796812749,0.9960159362549801,4.9800796812749,0.9960159362549801,0.0,0.0,7.968127490039841,87.64940239043825,51.79282868525897,22.90836653386454,0.9960159362549801,4.9800796812749,12.948207171314742,10.956175298804782,0.0,0.0,139.4422310756972,19.9203187250996,15.936254980079681,15.936254980079681,2.9880478087649402,3.9840637450199203,0.0,0.0,0.9960159362549801,,9.9601593625498,19.9203187250996,4.9800796812749,0.9960159362549801,65.73705179282868,127.49003984063745,66.73306772908366,66.73306772908366,,0.0,0.0,0.0,0.0,,0.07960199004975124,0.0,,5.9760956175298805,,,,,,,0.0,,,
Jer_oracle_c006,Jer_oracle,605,30,prophecy,SBH,1009,1.0,0.0,0.9910802775024776,0.0,14.866204162537166,0.029411764705882353,9.910802775024777,0.23255813953488372,32.70564915758176,13.875123885034688,0.0,3.9643211100099105,6.937561942517344,0.0,0.0,1.9821605550049552,8.919722497522299,77.30426164519326,45.58969276511397,26.7591674925669,0.0,1.9821605550049552,13.875123885034688,4.955401387512389,0.0,0.0,121.90287413280475,23.785926660059463,15.857284440039642,13.875123885034688,0.9910802775024776,0.9910802775024776,1.0,1.9821605550049552,0.0,,9.910802775024777,12.88404360753221,5.946481665014866,4.955401387512389,82.25966303270566,146.6798810703667,70.36669970267592,64.42021803766106,,0.0,0.0,0.0,0.0,,0.07734806629834254,0.0,,0.9910802775024776,,,,,,,0.0,,,
Jer_oracle_c007,Jer_oracle,605,30,prophecy,SBH,1001,,0.0,0.0,0.0,15.984015984015985,0.07407407407407407,8.991008991008991,0.2647058823529412,24.975024975024976,19.98001998001998,0.0,0.999000999000999,1.998001998001998,0.0,1.998001998001998,0.0,14.985014985014987,72.92707292707293,46.95304695304695,27.972027972027973,6.993006993006993,6.993006993006993,9.99000999000999,11.988011988011989,0.0,0.0,144.85514485514486,17.982017982017982,15.984015984015985,13.986013986013987,0.0,0.0,,0.0,0.0,,8.991008991008991,17.982017982017982,7.992007992007992,1.998001998001998,75.92407592407592,104.8951048951049,41.95804195804196,44.955044955044954,,0.0,0.0,0.0,0.0,,0.07035175879396985,0.0,,0.999000999000999,,,,,,,0.0,,,
Jer_oracle_c008,Jer_oracle,605,30,prophecy,SBH,1008,0.8333333333333334,0.992063492063492,4.9603174603174605,0.0,20.833333333333332,0.037037037037037035,7.936507936507936,0.23529411764705882,25.79365079365079,12.896825396825395,2.976190476190476,6.944444444444444,8.928571428571429,0.0,0.992063492063492,0.992063492063492,7.936507936507936,80.35714285714286,46.62698412698413,34.72222222222222,1.984126984126984,4.9603174603174605,10.912698412698411,2.976190476190476,0.0,0.0,121.03174603174604,26.785714285714285,20.833333333333332,14.88095238095238,2.976190476190476,1.984126984126984,0.5,0.992063492063492,0.992063492063492,,7.936507936507936,22.817460317460316,2.976190476190476,2.976190476190476,84.32539682539684,124.0079365079365,55.55555555555555,39.682539682539684,,0.0,0.0,0.0,0.0,,0.078125,0.0,,3.968253968253968,,,,,,,0.0,,,
Jer_oracle_c009,Jer_oracle,605,30,prophecy,SBH,1008,0.3333333333333333,1.984126984126984,0.992063492063492,0.0,6.944444444444444,0.3684210526315789,8.928571428571429,0.42857142857142855,11.904761904761903,23.809523809523807,0.992063492063492,0.992063492063492,6.944444444444444,0.0,0.992063492063492,0.992063492063492,1.984126984126984,94.24603174603175,53.57142857142857,31.746031746031743,0.0,4.9603174603174605,19.841269841269842,18.849206349206348,0.0,0.0,145.83333333333334,28.76984126984127,27.777777777777775,17.857142857142858,3.968253968253968,0.0,0.0,0.0,0.992063492063492,0.5,10.912698412698411,12.896825396825395,1.984126984126984,3.968253968253968,88.2936507936508,146.82539682539684,59.52380952380952,59.52380952380952,,0.0,0.0,0.992063492063492,0.0,0.0,0.07929515418502203,0.0,,2.976190476190476,,,,,,,0.0,,,
Jer_oracle_c010,Jer_oracle,605,30,prophecy,SBH,1006,1.0,0.0,2.982107355864811,0.0,8.946322067594433,0.2777777777777778,15.904572564612325,0.5517241379310345,12.922465208747514,21.86878727634195,6.958250497017893,0.0,3.976143141153081,0.0,0.0,0.0,2.982107355864811,75.54671968190854,50.69582504970179,25.84493041749503,0.0,0.9940357852882703,7.952286282306162,25.84493041749503,0.0,0.0,126.24254473161034,23.856858846918488,9.940357852882704,21.86878727634195,4.970178926441352,0.9940357852882703,1.0,0.9940357852882703,0.0,,8.946322067594433,9.940357852882704,3.976143141153081,3.976143141153081,91.45129224652088,82.50497017892644,63.6182902584493,56.66003976143141,,0.0,0.0,0.0,0.0,,0.11518324607329843,,,0.0,,,,,,,0.0,,,
Jer_oracle_c011,Jer_oracle,605,30,prophecy,SBH,1005,1.0,0.0,2.985074626865672,0.0,2.985074626865672,0.38095238095238093,15.920398009950247,0.5517241379310345,12.935323383084576,25.870646766169152,1.990049751243781,1.990049751243781,6.965174129353234,0.0,0.0,0.0,0.9950248756218905,84.5771144278607,45.77114427860696,34.82587064676617,5.970149253731344,3.980099502487562,3.980099502487562,27.860696517412936,0.0,0.0,138.3084577114428,29.850746268656717,10.945273631840797,17.910447761194032,3.980099502487562,1.990049751243781,0.0,0.0,0.9950248756218905,,11.940298507462687,8.955223880597016,2.985074626865672,1.990049751243781,90.54726368159204,100.49751243781095,73.6318407960199,67.66169154228855,1.0,0.0,0.0,0.0,0.0,,0.0861244019138756,,,4.975124378109452,,,,,,,0.0,,,
Jer_oracle_c012,Jer_oracle,605,30,prophecy,SBH,1010,0.0,0.9900990099009901,0.0,0.0,11.881188118811881,0.10526315789473684,22.77227722772277,0.575,16.831683168316832,14.85148514851485,1.9801980198019802,3.9603960396039604,5.9405940594059405,0.0,0.0,0.9900990099009901,1.9801980198019802,91.08910891089108,49.504950495049506,32.67326732673268,2.9702970297029703,3.9603960396039604,6.930693069306931,36.633663366336634,0.0,0.0,155.44554455445544,35.64356435643564,14.85148514851485,16.831683168316832,0.9900990099009901,0.0,0.75,2.9702970297029703,0.9900990099009901,1.0,13.861386138613861,6.930693069306931,0.9900990099009901,3.9603960396039604,101.98019801980197,114.85148514851485,71.28712871287128,68.31683168316832,,0.0,0.0,0.0,0.0,,0.07456140350877193,0.0,,1.9801980198019802,,,,,,,0.0,,,
Jer_oracle_c013,Jer_oracle,605,30,prophecy,SBH,1403,0.0,0.7127583749109052,0.0,0.0,7.127583749109053,0.1,21.382751247327157,0.625,12.829650748396295,19.244476122594442,3.5637918745545263,3.5637918745545263,4.989308624376337,0.0,0.0,0.7127583749109052,5.702066999287242,84.81824661439771,44.90377761938703,30.648610121168925,2.851033499643621,1.4255167498218104,12.829650748396295,17.818959372772632,0.0,0.0,122.5944404846757,30.648610121168925,27.0848182466144,16.393442622950822,2.851033499643621,0.0,,0.0,0.0,,7.127583749109053,6.414825374198148,2.138275124732716,2.138275124732716,81.2544547398432,119.74340698503208,80.54169636493229,66.99928724162508,,0.7127583749109052,0.0,0.0,0.0,,0.08156028368794327,0.0,,0.0,,,,,,,0.0,,,
Haggai_c000,Haggai,520,10,prophecy,Transitional,877,1.0,0.0,4.561003420752566,0.0,7.98175598631699,0.5555555555555556,21.664766248574686,0.8260869565217391,4.561003420752566,3.4207525655644244,0.0,0.0,1.1402508551881414,4.561003420752566,0.0,0.0,18.244013683010262,43.32953249714937,15.96351197263398,11.402508551881414,2.280501710376283,7.98175598631699,21.664766248574686,15.96351197263398,0.0,0.0,112.884834663626,14.823261117445838,2.280501710376283,3.4207525655644244,2.280501710376283,0.0,0.0,0.0,1.1402508551881414,,10.262257696693274,29.646522234891677,1.1402508551881414,0.0,98.06157354618016,55.872291904218926,50.17103762827822,43.32953249714937,,0.0,0.0,4.561003420752566,,,0.025,,,1.1402508551881414,,,,,,,0.0,,,
